Area_territoriale,Regione,Prov,Comune_ISTAT,Comune_cat,Sez,Comune_amm,Comune_descrizione,Fascia,Zona,LinkZona,Cod_Tip,Descr_Tipologia,Stato,Stato_prev,Compr_min,Compr_max,Sup_NL_compr,semester
NORD-OVEST,LOMBARDIA,MI,3015146,C1AA, ,F205,MILANO,B,B12,MI00003228,20,Abitazioni civili,NORMALE,P,8300,10800,L,2024-2
NORD-OVEST,LOMBARDIA,MI,3015146,C1AA, ,F205,MILANO,B,B12,MI00003228,20,Abitazioni civili,OTTIMO, ,10900,14700,L,2024-2
NORD-OVEST,LOMBARDIA,MI,3015146,C1AA, ,F205,MILANO,B,B12,MI00003228,19,Abitazioni signorili,OTTIMO,P,12000,17500,L,2024-2
NORD-OVEST,LOMBARDIA,MI,3015146,C1AA, ,F205,MILANO,B,B12,MI00003228,19,Abitazioni signorili,NORMALE, ,9000,11900,L,2024-2
NORD-OVEST,LOMBARDIA,MI,3015146,C1AA, ,F205,MILANO,B,B12,MI00003228,13,Box,NORMALE,P,4600,6800,L,2024-2
NORD-OVEST,LOMBARDIA,MI,3015146,C1AA, ,F205,MILANO,B,B12,MI00003228,9,Magazzini,NORMALE,P,2150,3200,L,2024-2
NORD-OVEST,LOMBARDIA,MI,3015146,C1AA, ,F205,MILANO,B,B12,MI00003228,5,Negozi,OTTIMO, ,16600,29000,L,2024-2
NORD-OVEST,LOMBARDIA,MI,3015146,C1AA, ,F205,MILANO,B,B12,MI00003228,5,Negozi,NORMALE,P,9000,16500,L,2024-2
NORD-OVEST,LOMBARDIA,MI,3015146,C1AA, ,F205,MILANO,B,B12,MI00003228,6,Uffici,OTTIMO,P,8200,13500,L,2024-2
NORD-OVEST,LOMBARDIA,MI,3015146,C1AA, ,F205,MILANO,B,B12,MI00003228,18,Uffici strutturati,OTTIMO,P,9000,17000,L,2024-2
NORD-OVEST,LOMBARDIA,MI,3015146,C1AA, ,F205,MILANO,B,B12,MI00003228,10,Laboratori,NORMALE,P,2700,3200,L,2024-2
NORD-OVEST,LOMBARDIA,MI,3015146,C1AA, ,F205,MILANO,B,B13,MI00003232,20,Abitazioni civili,NORMALE,P,6300,8000,L,2024-2
NORD-OVEST,LOMBARDIA,MI,3015146,C1AA, ,F205,MILANO,B,B13,MI00003232,20,Abitazioni civili,OTTIMO, ,8100,9500,L,2024-2
NORD-OVEST,LOMBARDIA,MI,3015146,C1AA, ,F205,MILANO,B,B13,MI00003232,19,Abitazioni signorili,OTTIMO,P,9100,11500,L,2024-2
NORD-OVEST,LOMBARDIA,MI,3015146,C1AA, ,F205,MILANO,B,B13,MI00003232,19,Abitazioni signorili,NORMALE, ,7000,9000,L,2024-2
NORD-OVEST,LOMBARDIA,MI,3015146,C1AA, ,F205,MILANO,B,B13,MI00003232,13,Box,NORMALE,P,2650,3800,L,2024-2
NORD-OVEST,LOMBARDIA,MI,3015146,C1AA, ,F205,MILANO,B,B13,MI00003232,9,Magazzini,NORMALE,P,1550,2300,L,2024-2
NORD-OVEST,LOMBARDIA,MI,3015146,C1AA, ,F205,MILANO,B,B13,MI00003232,5,Negozi,OTTIMO, ,6500,8300,L,2024-2
NORD-OVEST,LOMBARDIA,MI,3015146,C1AA, ,F205,MILANO,B,B13,MI00003232,5,Negozi,NORMALE,P,4000,6400,L,2024-2
NORD-OVEST,LOMBARDIA,MI,3015146,C1AA, ,F205,MILANO,B,B13,MI00003232,6,Uffici,OTTIMO,P,5000,8000,L,2024-2
NORD-OVEST,LOMBARDIA,MI,3015146,C1AA, ,F205,MILANO,B,B13,MI00003232,18,Uffici strutturati,OTTIMO,P,6000,8500,L,2024-2
NORD-OVEST,LOMBARDIA,MI,3015146,C1AA, ,F205,MILANO,B,B13,MI00003232,10,Laboratori,NORMALE,P,2200,2900,L,2024-2
NORD-OVEST,LOMBARDIA,MI,3015146,C1AA, ,F205,MILANO,B,B15,MI00003544,20,Abitazioni civili,OTTIMO, ,10500,14000,L,2024-2
NORD-OVEST,LOMBARDIA,MI,3015146,C1AA, ,F205,MILANO,B,B15,MI00003544,20,Abitazioni civili,NORMALE,P,8000,10400,L,2024-2
NORD-OVEST,LOMBARDIA,MI,3015146,C1AA, ,F205,MILANO,B,B15,MI00003544,19,Abitazioni signorili,OTTIMO,P,12500,19000,L,2024-2
NORD-OVEST,LOMBARDIA,MI,3015146,C1AA, ,F205,MILANO,B,B15,MI00003544,19,Abitazioni signorili,NORMALE, ,8500,12000,L,2024-2
NORD-OVEST,LOMBARDIA,MI,3015146,C1AA, ,F205,MILANO,B,B15,MI00003544,13,Box,NORMALE,P,3800,5100,L,2024-2
NORD-OVEST,LOMBARDIA,MI,3015146,C1AA, ,F205,MILANO,B,B15,MI00003544,9,Magazzini,NORMALE,P,1600,2400,L,2024-2
NORD-OVEST,LOMBARDIA,MI,3015146,C1AA, ,F205,MILANO,B,B15,MI00003544,5,Negozi,OTTIMO, ,10100,17000,L,2024-2
NORD-OVEST,LOMBARDIA,MI,3015146,C1AA, ,F205,MILANO,B,B15,MI00003544,5,Negozi,NORMALE,P,6800,10000,L,2024-2
NORD-OVEST,LOMBARDIA,MI,3015146,C1AA, ,F205,MILANO,B,B15,MI00003544,6,Uffici,OTTIMO,P,6000,10000,L,2024-2
NORD-OVEST,LOMBARDIA,MI,3015146,C1AA, ,F205,MILANO,B,B15,MI00003544,18,Uffici strutturati,OTTIMO,P,6500,10500,L,2024-2
NORD-OVEST,LOMBARDIA,MI,3015146,C1AA, ,F205,MILANO,B,B15,MI00003544,10,Laboratori,NORMALE,P,2600,3500,L,2024-2
NORD-OVEST,LOMBARDIA,MI,3015146,C1AA, ,F205,MILANO,B,B16,MI00003545,20,Abitazioni civili,OTTIMO, ,9300,12000,L,2024-2
NORD-OVEST,LOMBARDIA,MI,3015146,C1AA, ,F205,MILANO,B,B16,MI00003545,20,Abitazioni civili,NORMALE,P,6500,9200,L,2024-2
NORD-OVEST,LOMBARDIA,MI,3015146,C1AA, ,F205,MILANO,B,B16,MI00003545,19,Abitazioni signorili,OTTIMO,P,9600,14000,L,2024-2
NORD-OVEST,LOMBARDIA,MI,3015146,C1AA, ,F205,MILANO,B,B16,MI00003545,19,Abitazioni signorili,NORMALE, ,7500,9500,L,2024-2
NORD-OVEST,LOMBARDIA,MI,3015146,C1AA, ,F205,MILANO,B,B16,MI00003545,13,Box,NORMALE,P,3700,5500,L,2024-2
NORD-OVEST,LOMBARDIA,MI,3015146,C1AA, ,F205,MILANO,B,B16,MI00003545,9,Magazzini,NORMALE,P,1500,2100,L,2024-2
NORD-OVEST,LOMBARDIA,MI,3015146,C1AA, ,F205,MILANO,B,B16,MI00003545,5,Negozi,OTTIMO, ,7100,8800,L,2024-2
NORD-OVEST,LOMBARDIA,MI,3015146,C1AA, ,F205,MILANO,B,B16,MI00003545,5,Negozi,NORMALE,P,3700,7000,L,2024-2
NORD-OVEST,LOMBARDIA,MI,3015146,C1AA, ,F205,MILANO,B,B16,MI00003545,6,Uffici,OTTIMO,P,4500,8000,L,2024-2
NORD-OVEST,LOMBARDIA,MI,3015146,C1AA, ,F205,MILANO,B,B16,MI00003545,18,Uffici strutturati,OTTIMO,P,5300,8000,L,2024-2
NORD-OVEST,LOMBARDIA,MI,3015146,C1AA, ,F205,MILANO,B,B16,MI00003545,10,Laboratori,NORMALE,P,2300,3000,L,2024-2
NORD-OVEST,LOMBARDIA,MI,3015146,C1AA, ,F205,MILANO,B,B17,MI00004767,20,Abitazioni civili,OTTIMO, ,7500,10500,L,2024-2
NORD-OVEST,LOMBARDIA,MI,3015146,C1AA, ,F205,MILANO,B,B17,MI00004767,20,Abitazioni civili,NORMALE,P,5000,7400,L,2024-2
NORD-OVEST,LOMBARDIA,MI,3015146,C1AA, ,F205,MILANO,B,B17,MI00004767,19,Abitazioni signorili,OTTIMO,P,9500,13000,L,2024-2
NORD-OVEST,LOMBARDIA,MI,3015146,C1AA, ,F205,MILANO,B,B17,MI00004767,19,Abitazioni signorili,NORMALE, ,8000,9400,L,2024-2
NORD-OVEST,LOMBARDIA,MI,3015146,C1AA, ,F205,MILANO,B,B17,MI00004767,13,Box,NORMALE,P,2500,4000,L,2024-2
NORD-OVEST,LOMBARDIA,MI,3015146,C1AA, ,F205,MILANO,B,B17,MI00004767,9,Magazzini,NORMALE,P,1100,1600,L,2024-2
NORD-OVEST,LOMBARDIA,MI,3015146,C1AA, ,F205,MILANO,B,B17,MI00004767,5,Negozi,OTTIMO, ,5600,9000,L,2024-2
NORD-OVEST,LOMBARDIA,MI,3015146,C1AA, ,F205,MILANO,B,B17,MI00004767,5,Negozi,NORMALE,P,4000,5500,L,2024-2
NORD-OVEST,LOMBARDIA,MI,3015146,C1AA, ,F205,MILANO,B,B17,MI00004767,6,Uffici,OTTIMO,P,4200,6700,L,2024-2
NORD-OVEST,LOMBARDIA,MI,3015146,C1AA, ,F205,MILANO,B,B17,MI00004767,18,Uffici strutturati,OTTIMO,P,4500,7200,L,2024-2
NORD-OVEST,LOMBARDIA,MI,3015146,C1AA, ,F205,MILANO,B,B17,MI00004767,10,Laboratori,NORMALE,P,1600,2300,L,2024-2
NORD-OVEST,LOMBARDIA,MI,3015146,C1AA, ,F205,MILANO,B,B18,MI00004768,20,Abitazioni civili,NORMALE,P,6000,8500,L,2024-2
NORD-OVEST,LOMBARDIA,MI,3015146,C1AA, ,F205,MILANO,B,B18,MI00004768,20,Abitazioni civili,OTTIMO, ,8600,12500,L,2024-2
NORD-OVEST,LOMBARDIA,MI,3015146,C1AA, ,F205,MILANO,B,B18,MI00004768,13,Box,NORMALE,P,3300,4800,L,2024-2
NORD-OVEST,LOMBARDIA,MI,3015146,C1AA, ,F205,MILANO,B,B18,MI00004768,9,Magazzini,NORMALE,P,1200,1600,L,2024-2
NORD-OVEST,LOMBARDIA,MI,3015146,C1AA, ,F205,MILANO,B,B18,MI00004768,5,Negozi,NORMALE,P,4800,7700,L,2024-2
NORD-OVEST,LOMBARDIA,MI,3015146,C1AA, ,F205,MILANO,B,B18,MI00004768,5,Negozi,OTTIMO, ,7800,13000,L,2024-2
NORD-OVEST,LOMBARDIA,MI,3015146,C1AA, ,F205,MILANO,B,B18,MI00004768,6,Uffici,OTTIMO,P,5000,7500,L,2024-2
NORD-OVEST,LOMBARDIA,MI,3015146,C1AA, ,F205,MILANO,B,B18,MI00004768,18,Uffici strutturati,OTTIMO,P,5500,8500,L,2024-2
NORD-OVEST,LOMBARDIA,MI,3015146,C1AA, ,F205,MILANO,B,B18,MI00004768,10,Laboratori,NORMALE,P,2100,2850,L,2024-2
NORD-OVEST,LOMBARDIA,MI,3015146,C1AA, ,F205,MILANO,B,B19,MI00004769,20,Abitazioni civili,NORMALE,P,6000,8600,L,2024-2
NORD-OVEST,LOMBARDIA,MI,3015146,C1AA, ,F205,MILANO,B,B19,MI00004769,20,Abitazioni civili,OTTIMO, ,8700,11000,L,2024-2
NORD-OVEST,LOMBARDIA,MI,3015146,C1AA, ,F205,MILANO,B,B19,MI00004769,19,Abitazioni signorili,OTTIMO,P,11600,15000,L,2024-2
NORD-OVEST,LOMBARDIA,MI,3015146,C1AA, ,F205,MILANO,B,B19,MI00004769,19,Abitazioni signorili,NORMALE, ,9000,11500,L,2024-2
NORD-OVEST,LOMBARDIA,MI,3015146,C1AA, ,F205,MILANO,B,B19,MI00004769,13,Box,NORMALE,P,2800,4500,L,2024-2
NORD-OVEST,LOMBARDIA,MI,3015146,C1AA, ,F205,MILANO,B,B19,MI00004769,9,Magazzini,NORMALE,P,950,1450,L,2024-2
NORD-OVEST,LOMBARDIA,MI,3015146,C1AA, ,F205,MILANO,B,B19,MI00004769,5,Negozi,OTTIMO,P,6300,8500,L,2024-2
NORD-OVEST,LOMBARDIA,MI,3015146,C1AA, ,F205,MILANO,B,B19,MI00004769,5,Negozi,NORMALE, ,3700,6200,L,2024-2
NORD-OVEST,LOMBARDIA,MI,3015146,C1AA, ,F205,MILANO,B,B19,MI00004769,6,Uffici,OTTIMO,P,4800,7700,L,2024-2
NORD-OVEST,LOMBARDIA,MI,3015146,C1AA, ,F205,MILANO,B,B19,MI00004769,18,Uffici strutturati,OTTIMO,P,5300,9000,L,2024-2
NORD-OVEST,LOMBARDIA,MI,3015146,C1AA, ,F205,MILANO,B,B19,MI00004769,10,Laboratori,NORMALE,P,1300,2050,L,2024-2
NORD-OVEST,LOMBARDIA,MI,3015146,C1AA, ,F205,MILANO,B,B20,MI00004770,20,Abitazioni civili,NORMALE,P,5200,7300,L,2024-2
NORD-OVEST,LOMBARDIA,MI,3015146,C1AA, ,F205,MILANO,B,B20,MI00004770,20,Abitazioni civili,OTTIMO, ,7400,9700,L,2024-2
NORD-OVEST,LOMBARDIA,MI,3015146,C1AA, ,F205,MILANO,B,B20,MI00004770,13,Box,NORMALE,P,2850,4000,L,2024-2
NORD-OVEST,LOMBARDIA,MI,3015146,C1AA, ,F205,MILANO,B,B20,MI00004770,9,Magazzini,NORMALE,P,1000,1300,L,2024-2
NORD-OVEST,LOMBARDIA,MI,3015146,C1AA, ,F205,MILANO,B,B20,MI00004770,5,Negozi,NORMALE,P,3500,4900,L,2024-2
NORD-OVEST,LOMBARDIA,MI,3015146,C1AA, ,F205,MILANO,B,B20,MI00004770,5,Negozi,OTTIMO, ,5000,8000,L,2024-2
NORD-OVEST,LOMBARDIA,MI,3015146,C1AA, ,F205,MILANO,B,B20,MI00004770,6,Uffici,OTTIMO,P,3300,5500,L,2024-2
NORD-OVEST,LOMBARDIA,MI,3015146,C1AA, ,F205,MILANO,B,B20,MI00004770,18,Uffici strutturati,OTTIMO,P,3700,5700,L,2024-2
NORD-OVEST,LOMBARDIA,MI,3015146,C1AA, ,F205,MILANO,B,B20,MI00004770,10,Laboratori,NORMALE,P,1100,1800,L,2024-2
NORD-OVEST,LOMBARDIA,MI,3015146,C1AA, ,F205,MILANO,B,B21,MI00004771,20,Abitazioni civili,NORMALE,P,4900,7000,L,2024-2
NORD-OVEST,LOMBARDIA,MI,3015146,C1AA, ,F205,MILANO,B,B21,MI00004771,20,Abitazioni civili,OTTIMO, ,7100,9000,L,2024-2
NORD-OVEST,LOMBARDIA,MI,3015146,C1AA, ,F205,MILANO,B,B21,MI00004771,13,Box,NORMALE,P,2300,3600,L,2024-2
NORD-OVEST,LOMBARDIA,MI,3015146,C1AA, ,F205,MILANO,B,B21,MI00004771,9,Magazzini,NORMALE,P,650,1000,L,2024-2
NORD-OVEST,LOMBARDIA,MI,3015146,C1AA, ,F205,MILANO,B,B21,MI00004771,5,Negozi,NORMALE,P,3300,4600,L,2024-2
NORD-OVEST,LOMBARDIA,MI,3015146,C1AA, ,F205,MILANO,B,B21,MI00004771,5,Negozi,OTTIMO, ,4700,7000,L,2024-2
NORD-OVEST,LOMBARDIA,MI,3015146,C1AA, ,F205,MILANO,B,B21,MI00004771,6,Uffici,OTTIMO,P,3200,5000,L,2024-2
NORD-OVEST,LOMBARDIA,MI,3015146,C1AA, ,F205,MILANO,B,B21,MI00004771,18,Uffici strutturati,OTTIMO,P,3500,5500,L,2024-2
NORD-OVEST,LOMBARDIA,MI,3015146,C1AA, ,F205,MILANO,B,B21,MI00004771,10,Laboratori,NORMALE,P,1150,1700,L,2024-2
NORD-OVEST,LOMBARDIA,MI,3015146,C1AA, ,F205,MILANO,C,C12,MI00000307,20,Abitazioni civili,OTTIMO, ,7200,9500,L,2024-2
NORD-OVEST,LOMBARDIA,MI,3015146,C1AA, ,F205,MILANO,C,C12,MI00000307,20,Abitazioni civili,NORMALE,P,5200,7100,L,2024-2
NORD-OVEST,LOMBARDIA,MI,3015146,C1AA, ,F205,MILANO,C,C12,MI00000307,13,Box,NORMALE,P,2700,4000,L,2024-2
NORD-OVEST,LOMBARDIA,MI,3015146,C1AA, ,F205,MILANO,C,C12,MI00000307,9,Magazzini,NORMALE,P,700,1000,L,2024-2
NORD-OVEST,LOMBARDIA,MI,3015146,C1AA, ,F205,MILANO,C,C12,MI00000307,5,Negozi,NORMALE, ,3800,5500,L,2024-2
NORD-OVEST,LOMBARDIA,MI,3015146,C1AA, ,F205,MILANO,C,C12,MI00000307,5,Negozi,OTTIMO,P,5600,9000,L,2024-2
NORD-OVEST,LOMBARDIA,MI,3015146,C1AA, ,F205,MILANO,C,C12,MI00000307,6,Uffici,OTTIMO,P,4500,6000,L,2024-2
NORD-OVEST,LOMBARDIA,MI,3015146,C1AA, ,F205,MILANO,C,C12,MI00000307,18,Uffici strutturati,OTTIMO,P,4600,6500,L,2024-2
NORD-OVEST,LOMBARDIA,MI,3015146,C1AA, ,F205,MILANO,C,C12,MI00000307,10,Laboratori,NORMALE,P,1600,2300,L,2024-2
NORD-OVEST,LOMBARDIA,MI,3015146,C1AA, ,F205,MILANO,C,C13,MI00003667,20,Abitazioni civili,OTTIMO,P,9000,13000,L,2024-2
NORD-OVEST,LOMBARDIA,MI,3015146,C1AA, ,F205,MILANO,C,C13,MI00003667,19,Abitazioni signorili,OTTIMO,P,9300,12500,L,2024-2
NORD-OVEST,LOMBARDIA,MI,3015146,C1AA, ,F205,MILANO,C,C13,MI00003667,13,Box,NORMALE,P,2700,3700,L,2024-2
NORD-OVEST,LOMBARDIA,MI,3015146,C1AA, ,F205,MILANO,C,C14,MI00003668,20,Abitazioni civili,NORMALE, ,4500,6300,L,2024-2
NORD-OVEST,LOMBARDIA,MI,3015146,C1AA, ,F205,MILANO,C,C14,MI00003668,20,Abitazioni civili,OTTIMO,P,9800,14500,L,2024-2
NORD-OVEST,LOMBARDIA,MI,3015146,C1AA, ,F205,MILANO,C,C14,MI00003668,19,Abitazioni signorili,OTTIMO,P,12000,17500,L,2024-2
NORD-OVEST,LOMBARDIA,MI,3015146,C1AA, ,F205,MILANO,C,C14,MI00003668,13,Box,NORMALE,P,2500,3600,L,2024-2
NORD-OVEST,LOMBARDIA,MI,3015146,C1AA, ,F205,MILANO,C,C14,MI00003668,18,Uffici strutturati,OTTIMO,P,6400,7800,L,2024-2
NORD-OVEST,LOMBARDIA,MI,3015146,C1AA, ,F205,MILANO,C,C15,MI00003669,20,Abitazioni civili,NORMALE,P,3800,5500,L,2024-2
NORD-OVEST,LOMBARDIA,MI,3015146,C1AA, ,F205,MILANO,C,C15,MI00003669,20,Abitazioni civili,OTTIMO, ,5600,7500,L,2024-2
NORD-OVEST,LOMBARDIA,MI,3015146,C1AA, ,F205,MILANO,C,C15,MI00003669,13,Box,NORMALE,P,1600,2800,L,2024-2
NORD-OVEST,LOMBARDIA,MI,3015146,C1AA, ,F205,MILANO,C,C15,MI00003669,1,Ville e Villini,NORMALE,P,3500,5400,L,2024-2
NORD-OVEST,LOMBARDIA,MI,3015146,C1AA, ,F205,MILANO,C,C15,MI00003669,1,Ville e Villini,OTTIMO, ,5500,6300,L,2024-2
NORD-OVEST,LOMBARDIA,MI,3015146,C1AA, ,F205,MILANO,C,C15,MI00003669,9,Magazzini,NORMALE,P,800,1100,L,2024-2
NORD-OVEST,LOMBARDIA,MI,3015146,C1AA, ,F205,MILANO,C,C15,MI00003669,5,Negozi,OTTIMO, ,2700,4600,L,2024-2
NORD-OVEST,LOMBARDIA,MI,3015146,C1AA, ,F205,MILANO,C,C15,MI00003669,5,Negozi,NORMALE,P,2100,2600,L,2024-2
NORD-OVEST,LOMBARDIA,MI,3015146,C1AA, ,F205,MILANO,C,C15,MI00003669,6,Uffici,OTTIMO,P,2700,4300,L,2024-2
NORD-OVEST,LOMBARDIA,MI,3015146,C1AA, ,F205,MILANO,C,C15,MI00003669,18,Uffici strutturati,OTTIMO,P,3500,5500,L,2024-2
NORD-OVEST,LOMBARDIA,MI,3015146,C1AA, ,F205,MILANO,C,C15,MI00003669,10,Laboratori,NORMALE,P,1000,1400,L,2024-2
NORD-OVEST,LOMBARDIA,MI,3015146,C1AA, ,F205,MILANO,C,C16,MI00004772,20,Abitazioni civili,OTTIMO, ,6000,8200,L,2024-2
NORD-OVEST,LOMBARDIA,MI,3015146,C1AA, ,F205,MILANO,C,C16,MI00004772,20,Abitazioni civili,NORMALE,P,4200,5900,L,2024-2
NORD-OVEST,LOMBARDIA,MI,3015146,C1AA, ,F205,MILANO,C,C16,MI00004772,13,Box,NORMALE,P,2000,3200,L,2024-2
NORD-OVEST,LOMBARDIA,MI,3015146,C1AA, ,F205,MILANO,C,C16,MI00004772,9,Magazzini,NORMALE,P,650,1100,L,2024-2
NORD-OVEST,LOMBARDIA,MI,3015146,C1AA, ,F205,MILANO,C,C16,MI00004772,5,Negozi,NORMALE,P,2300,4500,L,2024-2
NORD-OVEST,LOMBARDIA,MI,3015146,C1AA, ,F205,MILANO,C,C16,MI00004772,5,Negozi,OTTIMO, ,4600,6000,L,2024-2
NORD-OVEST,LOMBARDIA,MI,3015146,C1AA, ,F205,MILANO,C,C16,MI00004772,6,Uffici,OTTIMO,P,2400,4300,L,2024-2
NORD-OVEST,LOMBARDIA,MI,3015146,C1AA, ,F205,MILANO,C,C16,MI00004772,18,Uffici strutturati,OTTIMO,P,2900,4600,L,2024-2
NORD-OVEST,LOMBARDIA,MI,3015146,C1AA, ,F205,MILANO,C,C16,MI00004772,10,Laboratori,NORMALE,P,1200,1800,L,2024-2
NORD-OVEST,LOMBARDIA,MI,3015146,C1AA, ,F205,MILANO,C,C17,MI00004773,20,Abitazioni civili,NORMALE,P,5500,7000,L,2024-2
NORD-OVEST,LOMBARDIA,MI,3015146,C1AA, ,F205,MILANO,C,C17,MI00004773,20,Abitazioni civili,OTTIMO, ,7100,10000,L,2024-2
NORD-OVEST,LOMBARDIA,MI,3015146,C1AA, ,F205,MILANO,C,C17,MI00004773,19,Abitazioni signorili,OTTIMO,P,9600,12000,L,2024-2
NORD-OVEST,LOMBARDIA,MI,3015146,C1AA, ,F205,MILANO,C,C17,MI00004773,19,Abitazioni signorili,NORMALE, ,7000,9500,L,2024-2
NORD-OVEST,LOMBARDIA,MI,3015146,C1AA, ,F205,MILANO,C,C17,MI00004773,13,Box,NORMALE,P,2800,4000,L,2024-2
NORD-OVEST,LOMBARDIA,MI,3015146,C1AA, ,F205,MILANO,C,C17,MI00004773,1,Ville e Villini,OTTIMO,P,6000,8200,L,2024-2
NORD-OVEST,LOMBARDIA,MI,3015146,C1AA, ,F205,MILANO,C,C17,MI00004773,9,Magazzini,NORMALE,P,750,1200,L,2024-2
NORD-OVEST,LOMBARDIA,MI,3015146,C1AA, ,F205,MILANO,C,C17,MI00004773,5,Negozi,OTTIMO, ,4600,6500,L,2024-2
NORD-OVEST,LOMBARDIA,MI,3015146,C1AA, ,F205,MILANO,C,C17,MI00004773,5,Negozi,NORMALE,P,2800,4500,L,2024-2
NORD-OVEST,LOMBARDIA,MI,3015146,C1AA, ,F205,MILANO,C,C17,MI00004773,6,Uffici,OTTIMO,P,3800,5700,L,2024-2
NORD-OVEST,LOMBARDIA,MI,3015146,C1AA, ,F205,MILANO,C,C17,MI00004773,18,Uffici strutturati,OTTIMO,P,4100,6000,L,2024-2
NORD-OVEST,LOMBARDIA,MI,3015146,C1AA, ,F205,MILANO,C,C17,MI00004773,10,Laboratori,NORMALE,P,950,1400,L,2024-2
NORD-OVEST,LOMBARDIA,MI,3015146,C1AA, ,F205,MILANO,C,C18,MI00004774,20,Abitazioni civili,NORMALE,P,4500,5700,L,2024-2
NORD-OVEST,LOMBARDIA,MI,3015146,C1AA, ,F205,MILANO,C,C18,MI00004774,20,Abitazioni civili,OTTIMO, ,5800,8500,L,2024-2
NORD-OVEST,LOMBARDIA,MI,3015146,C1AA, ,F205,MILANO,C,C18,MI00004774,13,Box,NORMALE,P,2200,3300,L,2024-2
NORD-OVEST,LOMBARDIA,MI,3015146,C1AA, ,F205,MILANO,C,C18,MI00004774,9,Magazzini,NORMALE,P,800,1400,L,2024-2
NORD-OVEST,LOMBARDIA,MI,3015146,C1AA, ,F205,MILANO,C,C18,MI00004774,5,Negozi,NORMALE, ,2800,3900,L,2024-2
NORD-OVEST,LOMBARDIA,MI,3015146,C1AA, ,F205,MILANO,C,C18,MI00004774,5,Negozi,OTTIMO,P,4000,6000,L,2024-2
NORD-OVEST,LOMBARDIA,MI,3015146,C1AA, ,F205,MILANO,C,C18,MI00004774,6,Uffici,OTTIMO,P,2350,3900,L,2024-2
NORD-OVEST,LOMBARDIA,MI,3015146,C1AA, ,F205,MILANO,C,C18,MI00004774,18,Uffici strutturati,OTTIMO,P,2650,4200,L,2024-2
NORD-OVEST,LOMBARDIA,MI,3015146,C1AA, ,F205,MILANO,C,C18,MI00004774,10,Laboratori,NORMALE,P,1000,1500,L,2024-2
NORD-OVEST,LOMBARDIA,MI,3015146,C1AA, ,F205,MILANO,C,C19,MI00004775,20,Abitazioni civili,NORMALE,P,4200,5900,L,2024-2
NORD-OVEST,LOMBARDIA,MI,3015146,C1AA, ,F205,MILANO,C,C19,MI00004775,20,Abitazioni civili,OTTIMO, ,6000,7700,L,2024-2
NORD-OVEST,LOMBARDIA,MI,3015146,C1AA, ,F205,MILANO,C,C19,MI00004775,13,Box,NORMALE,P,1600,2800,L,2024-2
NORD-OVEST,LOMBARDIA,MI,3015146,C1AA, ,F205,MILANO,C,C19,MI00004775,9,Magazzini,NORMALE,P,750,1100,L,2024-2
NORD-OVEST,LOMBARDIA,MI,3015146,C1AA, ,F205,MILANO,C,C19,MI00004775,5,Negozi,NORMALE,P,2500,3500,L,2024-2
NORD-OVEST,LOMBARDIA,MI,3015146,C1AA, ,F205,MILANO,C,C19,MI00004775,5,Negozi,OTTIMO, ,3600,4700,L,2024-2
NORD-OVEST,LOMBARDIA,MI,3015146,C1AA, ,F205,MILANO,C,C19,MI00004775,6,Uffici,OTTIMO,P,2600,3500,L,2024-2
NORD-OVEST,LOMBARDIA,MI,3015146,C1AA, ,F205,MILANO,C,C19,MI00004775,18,Uffici strutturati,OTTIMO,P,2800,3800,L,2024-2
NORD-OVEST,LOMBARDIA,MI,3015146,C1AA, ,F205,MILANO,C,C19,MI00004775,10,Laboratori,NORMALE,P,950,1550,L,2024-2
NORD-OVEST,LOMBARDIA,MI,3015146,C1AA, ,F205,MILANO,C,C20,MI00004776,20,Abitazioni civili,OTTIMO, ,6300,8700,L,2024-2
NORD-OVEST,LOMBARDIA,MI,3015146,C1AA, ,F205,MILANO,C,C20,MI00004776,20,Abitazioni civili,NORMALE,P,4200,6200,L,2024-2
NORD-OVEST,LOMBARDIA,MI,3015146,C1AA, ,F205,MILANO,C,C20,MI00004776,13,Box,NORMALE,P,2100,3500,L,2024-2
NORD-OVEST,LOMBARDIA,MI,3015146,C1AA, ,F205,MILANO,C,C20,MI00004776,9,Magazzini,NORMALE,P,750,1100,L,2024-2
NORD-OVEST,LOMBARDIA,MI,3015146,C1AA, ,F205,MILANO,C,C20,MI00004776,5,Negozi,NORMALE,P,2600,3600,L,2024-2
NORD-OVEST,LOMBARDIA,MI,3015146,C1AA, ,F205,MILANO,C,C20,MI00004776,5,Negozi,OTTIMO, ,3700,5500,L,2024-2
NORD-OVEST,LOMBARDIA,MI,3015146,C1AA, ,F205,MILANO,C,C20,MI00004776,6,Uffici,OTTIMO,P,3000,4900,L,2024-2
NORD-OVEST,LOMBARDIA,MI,3015146,C1AA, ,F205,MILANO,C,C20,MI00004776,18,Uffici strutturati,OTTIMO,P,3500,5500,L,2024-2
NORD-OVEST,LOMBARDIA,MI,3015146,C1AA, ,F205,MILANO,C,C20,MI00004776,10,Laboratori,NORMALE,P,1000,1400,L,2024-2
NORD-OVEST,LOMBARDIA,MI,3015146,C1AA, ,F205,MILANO,D,D10,MI00000317,20,Abitazioni civili,OTTIMO, ,4300,5100,L,2024-2
NORD-OVEST,LOMBARDIA,MI,3015146,C1AA, ,F205,MILANO,D,D10,MI00000317,20,Abitazioni civili,NORMALE,P,2800,4200,L,2024-2
NORD-OVEST,LOMBARDIA,MI,3015146,C1AA, ,F205,MILANO,D,D10,MI00000317,21,Abitazioni di tipo economico,NORMALE,P,2250,2700,L,2024-2
NORD-OVEST,LOMBARDIA,MI,3015146,C1AA, ,F205,MILANO,D,D10,MI00000317,21,Abitazioni di tipo economico,OTTIMO, ,2800,3300,L,2024-2
NORD-OVEST,LOMBARDIA,MI,3015146,C1AA, ,F205,MILANO,D,D10,MI00000317,13,Box,NORMALE,P,1350,2250,L,2024-2
NORD-OVEST,LOMBARDIA,MI,3015146,C1AA, ,F205,MILANO,D,D10,MI00000317,9,Magazzini,NORMALE,P,550,850,L,2024-2
NORD-OVEST,LOMBARDIA,MI,3015146,C1AA, ,F205,MILANO,D,D10,MI00000317,5,Negozi,NORMALE,P,1800,2600,L,2024-2
NORD-OVEST,LOMBARDIA,MI,3015146,C1AA, ,F205,MILANO,D,D10,MI00000317,6,Uffici,OTTIMO,P,1750,2650,L,2024-2
NORD-OVEST,LOMBARDIA,MI,3015146,C1AA, ,F205,MILANO,D,D10,MI00000317,18,Uffici strutturati,OTTIMO,P,1950,3000,L,2024-2
NORD-OVEST,LOMBARDIA,MI,3015146,C1AA, ,F205,MILANO,D,D10,MI00000317,8,Capannoni industriali,NORMALE,P,550,950,L,2024-2
NORD-OVEST,LOMBARDIA,MI,3015146,C1AA, ,F205,MILANO,D,D10,MI00000317,10,Laboratori,NORMALE,P,650,1100,L,2024-2
NORD-OVEST,LOMBARDIA,MI,3015146,C1AA, ,F205,MILANO,D,D12,MI00000319,20,Abitazioni civili,OTTIMO, ,5700,7700,L,2024-2
NORD-OVEST,LOMBARDIA,MI,3015146,C1AA, ,F205,MILANO,D,D12,MI00000319,20,Abitazioni civili,NORMALE,P,3600,5700,L,2024-2
NORD-OVEST,LOMBARDIA,MI,3015146,C1AA, ,F205,MILANO,D,D12,MI00000319,21,Abitazioni di tipo economico,OTTIMO, ,3100,3700,L,2024-2
NORD-OVEST,LOMBARDIA,MI,3015146,C1AA, ,F205,MILANO,D,D12,MI00000319,21,Abitazioni di tipo economico,NORMALE,P,2600,3000,L,2024-2
NORD-OVEST,LOMBARDIA,MI,3015146,C1AA, ,F205,MILANO,D,D12,MI00000319,13,Box,NORMALE,P,2100,3300,L,2024-2
NORD-OVEST,LOMBARDIA,MI,3015146,C1AA, ,F205,MILANO,D,D12,MI00000319,1,Ville e Villini,NORMALE,P,3000,4800,L,2024-2
NORD-OVEST,LOMBARDIA,MI,3015146,C1AA, ,F205,MILANO,D,D12,MI00000319,1,Ville e Villini,OTTIMO, ,4900,6700,L,2024-2
NORD-OVEST,LOMBARDIA,MI,3015146,C1AA, ,F205,MILANO,D,D12,MI00000319,9,Magazzini,NORMALE,P,800,1100,L,2024-2
NORD-OVEST,LOMBARDIA,MI,3015146,C1AA, ,F205,MILANO,D,D12,MI00000319,5,Negozi,OTTIMO, ,3200,5000,L,2024-2
NORD-OVEST,LOMBARDIA,MI,3015146,C1AA, ,F205,MILANO,D,D12,MI00000319,5,Negozi,NORMALE,P,2400,3100,L,2024-2
NORD-OVEST,LOMBARDIA,MI,3015146,C1AA, ,F205,MILANO,D,D12,MI00000319,6,Uffici,OTTIMO,P,2300,3800,L,2024-2
NORD-OVEST,LOMBARDIA,MI,3015146,C1AA, ,F205,MILANO,D,D12,MI00000319,18,Uffici strutturati,OTTIMO,P,2400,4000,L,2024-2
NORD-OVEST,LOMBARDIA,MI,3015146,C1AA, ,F205,MILANO,D,D12,MI00000319,8,Capannoni industriali,NORMALE,P,650,850,L,2024-2
NORD-OVEST,LOMBARDIA,MI,3015146,C1AA, ,F205,MILANO,D,D12,MI00000319,10,Laboratori,NORMALE,P,700,1600,L,2024-2
NORD-OVEST,LOMBARDIA,MI,3015146,C1AA, ,F205,MILANO,D,D13,MI00000320,20,Abitazioni civili,OTTIMO, ,4100,4900,L,2024-2
NORD-OVEST,LOMBARDIA,MI,3015146,C1AA, ,F205,MILANO,D,D13,MI00000320,20,Abitazioni civili,NORMALE,P,2900,4000,L,2024-2
NORD-OVEST,LOMBARDIA,MI,3015146,C1AA, ,F205,MILANO,D,D13,MI00000320,21,Abitazioni di tipo economico,OTTIMO, ,2950,3400,L,2024-2
NORD-OVEST,LOMBARDIA,MI,3015146,C1AA, ,F205,MILANO,D,D13,MI00000320,21,Abitazioni di tipo economico,NORMALE,P,2400,2900,L,2024-2
NORD-OVEST,LOMBARDIA,MI,3015146,C1AA, ,F205,MILANO,D,D13,MI00000320,13,Box,NORMALE,P,1550,2500,L,2024-2
NORD-OVEST,LOMBARDIA,MI,3015146,C1AA, ,F205,MILANO,D,D13,MI00000320,9,Magazzini,NORMALE,P,400,900,L,2024-2
NORD-OVEST,LOMBARDIA,MI,3015146,C1AA, ,F205,MILANO,D,D13,MI00000320,5,Negozi,NORMALE,P,1400,2500,L,2024-2
NORD-OVEST,LOMBARDIA,MI,3015146,C1AA, ,F205,MILANO,D,D13,MI00000320,6,Uffici,OTTIMO,P,2300,2900,L,2024-2
NORD-OVEST,LOMBARDIA,MI,3015146,C1AA, ,F205,MILANO,D,D13,MI00000320,18,Uffici strutturati,OTTIMO,P,2350,2950,L,2024-2
NORD-OVEST,LOMBARDIA,MI,3015146,C1AA, ,F205,MILANO,D,D13,MI00000320,8,Capannoni industriali,NORMALE,P,600,900,L,2024-2
NORD-OVEST,LOMBARDIA,MI,3015146,C1AA, ,F205,MILANO,D,D13,MI00000320,10,Laboratori,NORMALE,P,700,1000,L,2024-2
NORD-OVEST,LOMBARDIA,MI,3015146,C1AA, ,F205,MILANO,D,D16,MI00000323,20,Abitazioni civili,OTTIMO, ,4400,6400,L,2024-2
NORD-OVEST,LOMBARDIA,MI,3015146,C1AA, ,F205,MILANO,D,D16,MI00000323,20,Abitazioni civili,NORMALE,P,3000,4300,L,2024-2
NORD-OVEST,LOMBARDIA,MI,3015146,C1AA, ,F205,MILANO,D,D16,MI00000323,21,Abitazioni di tipo economico,NORMALE,P,2600,3600,L,2024-2
NORD-OVEST,LOMBARDIA,MI,3015146,C1AA, ,F205,MILANO,D,D16,MI00000323,21,Abitazioni di tipo economico,OTTIMO, ,3700,4100,L,2024-2
NORD-OVEST,LOMBARDIA,MI,3015146,C1AA, ,F205,MILANO,D,D16,MI00000323,13,Box,NORMALE,P,1600,2600,L,2024-2
NORD-OVEST,LOMBARDIA,MI,3015146,C1AA, ,F205,MILANO,D,D16,MI00000323,9,Magazzini,NORMALE,P,550,1000,L,2024-2
NORD-OVEST,LOMBARDIA,MI,3015146,C1AA, ,F205,MILANO,D,D16,MI00000323,5,Negozi,NORMALE,P,2100,4000,L,2024-2
NORD-OVEST,LOMBARDIA,MI,3015146,C1AA, ,F205,MILANO,D,D16,MI00000323,6,Uffici,OTTIMO,P,2000,3000,L,2024-2
NORD-OVEST,LOMBARDIA,MI,3015146,C1AA, ,F205,MILANO,D,D16,MI00000323,18,Uffici strutturati,OTTIMO,P,2400,3900,L,2024-2
NORD-OVEST,LOMBARDIA,MI,3015146,C1AA, ,F205,MILANO,D,D16,MI00000323,8,Capannoni industriali,NORMALE,P,650,1050,L,2024-2
NORD-OVEST,LOMBARDIA,MI,3015146,C1AA, ,F205,MILANO,D,D16,MI00000323,10,Laboratori,NORMALE,P,800,1300,L,2024-2
NORD-OVEST,LOMBARDIA,MI,3015146,C1AA, ,F205,MILANO,D,D18,MI00000325,20,Abitazioni civili,OTTIMO, ,4100,5600,L,2024-2
NORD-OVEST,LOMBARDIA,MI,3015146,C1AA, ,F205,MILANO,D,D18,MI00000325,20,Abitazioni civili,NORMALE,P,2800,4000,L,2024-2
NORD-OVEST,LOMBARDIA,MI,3015146,C1AA, ,F205,MILANO,D,D18,MI00000325,21,Abitazioni di tipo economico,OTTIMO, ,2800,3200,L,2024-2
NORD-OVEST,LOMBARDIA,MI,3015146,C1AA, ,F205,MILANO,D,D18,MI00000325,21,Abitazioni di tipo economico,NORMALE,P,2150,2700,L,2024-2
NORD-OVEST,LOMBARDIA,MI,3015146,C1AA, ,F205,MILANO,D,D18,MI00000325,13,Box,NORMALE,P,1500,2700,L,2024-2
NORD-OVEST,LOMBARDIA,MI,3015146,C1AA, ,F205,MILANO,D,D18,MI00000325,9,Magazzini,NORMALE,P,450,850,L,2024-2
NORD-OVEST,LOMBARDIA,MI,3015146,C1AA, ,F205,MILANO,D,D18,MI00000325,5,Negozi,NORMALE,P,1850,2900,L,2024-2
NORD-OVEST,LOMBARDIA,MI,3015146,C1AA, ,F205,MILANO,D,D18,MI00000325,6,Uffici,OTTIMO,P,1950,2900,L,2024-2
NORD-OVEST,LOMBARDIA,MI,3015146,C1AA, ,F205,MILANO,D,D18,MI00000325,18,Uffici strutturati,OTTIMO,P,2300,3200,L,2024-2
NORD-OVEST,LOMBARDIA,MI,3015146,C1AA, ,F205,MILANO,D,D18,MI00000325,8,Capannoni industriali,NORMALE,P,650,950,L,2024-2
NORD-OVEST,LOMBARDIA,MI,3015146,C1AA, ,F205,MILANO,D,D18,MI00000325,10,Laboratori,NORMALE,P,800,1250,L,2024-2
NORD-OVEST,LOMBARDIA,MI,3015146,C1AA, ,F205,MILANO,D,D20,MI00000327,20,Abitazioni civili,OTTIMO, ,4200,5600,L,2024-2
NORD-OVEST,LOMBARDIA,MI,3015146,C1AA, ,F205,MILANO,D,D20,MI00000327,20,Abitazioni civili,NORMALE,P,2900,4100,L,2024-2
NORD-OVEST,LOMBARDIA,MI,3015146,C1AA, ,F205,MILANO,D,D20,MI00000327,21,Abitazioni di tipo economico,NORMALE,P,3000,3200,L,2024-2
NORD-OVEST,LOMBARDIA,MI,3015146,C1AA, ,F205,MILANO,D,D20,MI00000327,21,Abitazioni di tipo economico,OTTIMO, ,3300,3700,L,2024-2
NORD-OVEST,LOMBARDIA,MI,3015146,C1AA, ,F205,MILANO,D,D20,MI00000327,13,Box,NORMALE,P,1400,2300,L,2024-2
NORD-OVEST,LOMBARDIA,MI,3015146,C1AA, ,F205,MILANO,D,D20,MI00000327,9,Magazzini,NORMALE,P,600,1000,L,2024-2
NORD-OVEST,LOMBARDIA,MI,3015146,C1AA, ,F205,MILANO,D,D20,MI00000327,5,Negozi,OTTIMO, ,2200,3100,L,2024-2
NORD-OVEST,LOMBARDIA,MI,3015146,C1AA, ,F205,MILANO,D,D20,MI00000327,5,Negozi,NORMALE,P,1500,2100,L,2024-2
NORD-OVEST,LOMBARDIA,MI,3015146,C1AA, ,F205,MILANO,D,D20,MI00000327,6,Uffici,OTTIMO,P,2000,3000,L,2024-2
NORD-OVEST,LOMBARDIA,MI,3015146,C1AA, ,F205,MILANO,D,D20,MI00000327,18,Uffici strutturati,OTTIMO,P,2500,3500,L,2024-2
NORD-OVEST,LOMBARDIA,MI,3015146,C1AA, ,F205,MILANO,D,D20,MI00000327,8,Capannoni industriali,NORMALE,P,650,950,L,2024-2
NORD-OVEST,LOMBARDIA,MI,3015146,C1AA, ,F205,MILANO,D,D20,MI00000327,10,Laboratori,NORMALE,P,800,1200,L,2024-2
NORD-OVEST,LOMBARDIA,MI,3015146,C1AA, ,F205,MILANO,D,D21,MI00000328,20,Abitazioni civili,OTTIMO, ,3900,5000,L,2024-2
NORD-OVEST,LOMBARDIA,MI,3015146,C1AA, ,F205,MILANO,D,D21,MI00000328,20,Abitazioni civili,NORMALE,P,2500,3800,L,2024-2
NORD-OVEST,LOMBARDIA,MI,3015146,C1AA, ,F205,MILANO,D,D21,MI00000328,21,Abitazioni di tipo economico,OTTIMO, ,3000,3300,L,2024-2
NORD-OVEST,LOMBARDIA,MI,3015146,C1AA, ,F205,MILANO,D,D21,MI00000328,21,Abitazioni di tipo economico,NORMALE,P,2350,2900,L,2024-2
NORD-OVEST,LOMBARDIA,MI,3015146,C1AA, ,F205,MILANO,D,D21,MI00000328,13,Box,NORMALE,P,1300,2200,L,2024-2
NORD-OVEST,LOMBARDIA,MI,3015146,C1AA, ,F205,MILANO,D,D21,MI00000328,9,Magazzini,NORMALE,P,600,950,L,2024-2
NORD-OVEST,LOMBARDIA,MI,3015146,C1AA, ,F205,MILANO,D,D21,MI00000328,5,Negozi,NORMALE,P,1500,2200,L,2024-2
NORD-OVEST,LOMBARDIA,MI,3015146,C1AA, ,F205,MILANO,D,D21,MI00000328,5,Negozi,OTTIMO, ,2300,3300,L,2024-2
NORD-OVEST,LOMBARDIA,MI,3015146,C1AA, ,F205,MILANO,D,D21,MI00000328,6,Uffici,OTTIMO,P,2000,3100,L,2024-2
NORD-OVEST,LOMBARDIA,MI,3015146,C1AA, ,F205,MILANO,D,D21,MI00000328,18,Uffici strutturati,OTTIMO,P,2600,3400,L,2024-2
NORD-OVEST,LOMBARDIA,MI,3015146,C1AA, ,F205,MILANO,D,D21,MI00000328,8,Capannoni industriali,NORMALE,P,650,900,L,2024-2
NORD-OVEST,LOMBARDIA,MI,3015146,C1AA, ,F205,MILANO,D,D21,MI00000328,10,Laboratori,NORMALE,P,700,1200,L,2024-2
NORD-OVEST,LOMBARDIA,MI,3015146,C1AA, ,F205,MILANO,D,D24,MI00000331,20,Abitazioni civili,NORMALE,P,3400,4300,L,2024-2
NORD-OVEST,LOMBARDIA,MI,3015146,C1AA, ,F205,MILANO,D,D24,MI00000331,20,Abitazioni civili,OTTIMO, ,4400,6300,L,2024-2
NORD-OVEST,LOMBARDIA,MI,3015146,C1AA, ,F205,MILANO,D,D24,MI00000331,21,Abitazioni di tipo economico,NORMALE,P,2400,3200,L,2024-2
NORD-OVEST,LOMBARDIA,MI,3015146,C1AA, ,F205,MILANO,D,D24,MI00000331,21,Abitazioni di tipo economico,OTTIMO, ,3300,4000,L,2024-2
NORD-OVEST,LOMBARDIA,MI,3015146,C1AA, ,F205,MILANO,D,D24,MI00000331,13,Box,NORMALE,P,1800,2800,L,2024-2
NORD-OVEST,LOMBARDIA,MI,3015146,C1AA, ,F205,MILANO,D,D24,MI00000331,9,Magazzini,NORMALE,P,550,850,L,2024-2
NORD-OVEST,LOMBARDIA,MI,3015146,C1AA, ,F205,MILANO,D,D24,MI00000331,5,Negozi,OTTIMO, ,2400,3600,L,2024-2
NORD-OVEST,LOMBARDIA,MI,3015146,C1AA, ,F205,MILANO,D,D24,MI00000331,5,Negozi,NORMALE,P,1600,2350,L,2024-2
NORD-OVEST,LOMBARDIA,MI,3015146,C1AA, ,F205,MILANO,D,D24,MI00000331,6,Uffici,OTTIMO,P,1700,3100,L,2024-2
NORD-OVEST,LOMBARDIA,MI,3015146,C1AA, ,F205,MILANO,D,D24,MI00000331,18,Uffici strutturati,OTTIMO,P,2000,3300,L,2024-2
NORD-OVEST,LOMBARDIA,MI,3015146,C1AA, ,F205,MILANO,D,D24,MI00000331,8,Capannoni industriali,NORMALE,P,600,850,L,2024-2
NORD-OVEST,LOMBARDIA,MI,3015146,C1AA, ,F205,MILANO,D,D24,MI00000331,10,Laboratori,NORMALE,P,850,1350,L,2024-2
NORD-OVEST,LOMBARDIA,MI,3015146,C1AA, ,F205,MILANO,D,D25,MI00000332,20,Abitazioni civili,OTTIMO, ,3500,4600,L,2024-2
NORD-OVEST,LOMBARDIA,MI,3015146,C1AA, ,F205,MILANO,D,D25,MI00000332,20,Abitazioni civili,NORMALE,P,2700,3400,L,2024-2
NORD-OVEST,LOMBARDIA,MI,3015146,C1AA, ,F205,MILANO,D,D25,MI00000332,21,Abitazioni di tipo economico,OTTIMO, ,2950,3500,L,2024-2
NORD-OVEST,LOMBARDIA,MI,3015146,C1AA, ,F205,MILANO,D,D25,MI00000332,21,Abitazioni di tipo economico,NORMALE,P,2100,2900,L,2024-2
NORD-OVEST,LOMBARDIA,MI,3015146,C1AA, ,F205,MILANO,D,D25,MI00000332,13,Box,NORMALE,P,1500,2200,L,2024-2
NORD-OVEST,LOMBARDIA,MI,3015146,C1AA, ,F205,MILANO,D,D25,MI00000332,9,Magazzini,NORMALE,P,400,700,L,2024-2
NORD-OVEST,LOMBARDIA,MI,3015146,C1AA, ,F205,MILANO,D,D25,MI00000332,5,Negozi,NORMALE,P,1600,2200,L,2024-2
NORD-OVEST,LOMBARDIA,MI,3015146,C1AA, ,F205,MILANO,D,D25,MI00000332,5,Negozi,OTTIMO, ,2250,2850,L,2024-2
NORD-OVEST,LOMBARDIA,MI,3015146,C1AA, ,F205,MILANO,D,D25,MI00000332,6,Uffici,OTTIMO,P,1500,2000,L,2024-2
NORD-OVEST,LOMBARDIA,MI,3015146,C1AA, ,F205,MILANO,D,D25,MI00000332,18,Uffici strutturati,OTTIMO,P,2000,2800,L,2024-2
NORD-OVEST,LOMBARDIA,MI,3015146,C1AA, ,F205,MILANO,D,D25,MI00000332,8,Capannoni industriali,NORMALE,P,600,850,L,2024-2
NORD-OVEST,LOMBARDIA,MI,3015146,C1AA, ,F205,MILANO,D,D25,MI00000332,10,Laboratori,NORMALE,P,550,900,L,2024-2
NORD-OVEST,LOMBARDIA,MI,3015146,C1AA, ,F205,MILANO,D,D28,MI00000335,20,Abitazioni civili,OTTIMO, ,4300,5200,L,2024-2
NORD-OVEST,LOMBARDIA,MI,3015146,C1AA, ,F205,MILANO,D,D28,MI00000335,20,Abitazioni civili,NORMALE,P,3200,4200,L,2024-2
NORD-OVEST,LOMBARDIA,MI,3015146,C1AA, ,F205,MILANO,D,D28,MI00000335,21,Abitazioni di tipo economico,OTTIMO, ,3100,3700,L,2024-2
NORD-OVEST,LOMBARDIA,MI,3015146,C1AA, ,F205,MILANO,D,D28,MI00000335,21,Abitazioni di tipo economico,NORMALE,P,2700,3100,L,2024-2
NORD-OVEST,LOMBARDIA,MI,3015146,C1AA, ,F205,MILANO,D,D28,MI00000335,13,Box,NORMALE,P,1600,2200,L,2024-2
NORD-OVEST,LOMBARDIA,MI,3015146,C1AA, ,F205,MILANO,D,D28,MI00000335,1,Ville e Villini,NORMALE,P,3000,3900,L,2024-2
NORD-OVEST,LOMBARDIA,MI,3015146,C1AA, ,F205,MILANO,D,D28,MI00000335,1,Ville e Villini,OTTIMO, ,4000,4900,L,2024-2
NORD-OVEST,LOMBARDIA,MI,3015146,C1AA, ,F205,MILANO,D,D28,MI00000335,9,Magazzini,NORMALE,P,450,600,L,2024-2
NORD-OVEST,LOMBARDIA,MI,3015146,C1AA, ,F205,MILANO,D,D28,MI00000335,5,Negozi,NORMALE,P,1050,1450,L,2024-2
NORD-OVEST,LOMBARDIA,MI,3015146,C1AA, ,F205,MILANO,D,D28,MI00000335,6,Uffici,OTTIMO,P,1550,2600,L,2024-2
NORD-OVEST,LOMBARDIA,MI,3015146,C1AA, ,F205,MILANO,D,D28,MI00000335,18,Uffici strutturati,OTTIMO,P,2200,3100,L,2024-2
NORD-OVEST,LOMBARDIA,MI,3015146,C1AA, ,F205,MILANO,D,D28,MI00000335,8,Capannoni industriali,NORMALE,P,550,800,L,2024-2
NORD-OVEST,LOMBARDIA,MI,3015146,C1AA, ,F205,MILANO,D,D28,MI00000335,10,Laboratori,NORMALE,P,600,900,L,2024-2
NORD-OVEST,LOMBARDIA,MI,3015146,C1AA, ,F205,MILANO,D,D31,MI00004778,20,Abitazioni civili,OTTIMO, ,4500,5500,L,2024-2
NORD-OVEST,LOMBARDIA,MI,3015146,C1AA, ,F205,MILANO,D,D31,MI00004778,20,Abitazioni civili,NORMALE,P,2900,4300,L,2024-2
NORD-OVEST,LOMBARDIA,MI,3015146,C1AA, ,F205,MILANO,D,D31,MI00004778,21,Abitazioni di tipo economico,NORMALE,P,1900,2800,L,2024-2
NORD-OVEST,LOMBARDIA,MI,3015146,C1AA, ,F205,MILANO,D,D31,MI00004778,21,Abitazioni di tipo economico,OTTIMO, ,2850,3600,L,2024-2
NORD-OVEST,LOMBARDIA,MI,3015146,C1AA, ,F205,MILANO,D,D31,MI00004778,13,Box,NORMALE,P,1250,1900,L,2024-2
NORD-OVEST,LOMBARDIA,MI,3015146,C1AA, ,F205,MILANO,D,D31,MI00004778,9,Magazzini,NORMALE,P,600,1000,L,2024-2
NORD-OVEST,LOMBARDIA,MI,3015146,C1AA, ,F205,MILANO,D,D31,MI00004778,5,Negozi,NORMALE,P,1600,3000,L,2024-2
NORD-OVEST,LOMBARDIA,MI,3015146,C1AA, ,F205,MILANO,D,D31,MI00004778,6,Uffici,OTTIMO,P,1600,2600,L,2024-2
NORD-OVEST,LOMBARDIA,MI,3015146,C1AA, ,F205,MILANO,D,D31,MI00004778,18,Uffici strutturati,OTTIMO,P,2200,2900,L,2024-2
NORD-OVEST,LOMBARDIA,MI,3015146,C1AA, ,F205,MILANO,D,D31,MI00004778,8,Capannoni industriali,NORMALE,P,650,850,L,2024-2
NORD-OVEST,LOMBARDIA,MI,3015146,C1AA, ,F205,MILANO,D,D31,MI00004778,10,Laboratori,NORMALE,P,700,1450,L,2024-2
NORD-OVEST,LOMBARDIA,MI,3015146,C1AA, ,F205,MILANO,D,D32,MI00004779,20,Abitazioni civili,OTTIMO, ,3400,4800,L,2024-2
NORD-OVEST,LOMBARDIA,MI,3015146,C1AA, ,F205,MILANO,D,D32,MI00004779,20,Abitazioni civili,NORMALE,P,2500,3300,L,2024-2
NORD-OVEST,LOMBARDIA,MI,3015146,C1AA, ,F205,MILANO,D,D32,MI00004779,21,Abitazioni di tipo economico,NORMALE,P,1600,2500,L,2024-2
NORD-OVEST,LOMBARDIA,MI,3015146,C1AA, ,F205,MILANO,D,D32,MI00004779,21,Abitazioni di tipo economico,OTTIMO, ,2600,3400,L,2024-2
NORD-OVEST,LOMBARDIA,MI,3015146,C1AA, ,F205,MILANO,D,D32,MI00004779,13,Box,NORMALE,P,1100,1900,L,2024-2
NORD-OVEST,LOMBARDIA,MI,3015146,C1AA, ,F205,MILANO,D,D32,MI00004779,1,Ville e Villini,NORMALE,P,1850,2700,L,2024-2
NORD-OVEST,LOMBARDIA,MI,3015146,C1AA, ,F205,MILANO,D,D32,MI00004779,1,Ville e Villini,OTTIMO, ,2800,4000,L,2024-2
NORD-OVEST,LOMBARDIA,MI,3015146,C1AA, ,F205,MILANO,D,D32,MI00004779,9,Magazzini,NORMALE,P,500,850,L,2024-2
NORD-OVEST,LOMBARDIA,MI,3015146,C1AA, ,F205,MILANO,D,D32,MI00004779,5,Negozi,NORMALE,P,1400,2200,L,2024-2
NORD-OVEST,LOMBARDIA,MI,3015146,C1AA, ,F205,MILANO,D,D32,MI00004779,6,Uffici,OTTIMO,P,1600,2200,L,2024-2
NORD-OVEST,LOMBARDIA,MI,3015146,C1AA, ,F205,MILANO,D,D32,MI00004779,18,Uffici strutturati,OTTIMO,P,1850,2700,L,2024-2
NORD-OVEST,LOMBARDIA,MI,3015146,C1AA, ,F205,MILANO,D,D32,MI00004779,8,Capannoni industriali,NORMALE,P,700,1050,L,2024-2
NORD-OVEST,LOMBARDIA,MI,3015146,C1AA, ,F205,MILANO,D,D32,MI00004779,10,Laboratori,NORMALE,P,700,1250,L,2024-2
NORD-OVEST,LOMBARDIA,MI,3015146,C1AA, ,F205,MILANO,D,D33,MI00004780,20,Abitazioni civili,OTTIMO, ,4000,4800,L,2024-2
NORD-OVEST,LOMBARDIA,MI,3015146,C1AA, ,F205,MILANO,D,D33,MI00004780,20,Abitazioni civili,NORMALE,P,2900,3900,L,2024-2
NORD-OVEST,LOMBARDIA,MI,3015146,C1AA, ,F205,MILANO,D,D33,MI00004780,21,Abitazioni di tipo economico,OTTIMO, ,2750,3500,L,2024-2
NORD-OVEST,LOMBARDIA,MI,3015146,C1AA, ,F205,MILANO,D,D33,MI00004780,21,Abitazioni di tipo economico,NORMALE,P,2200,2700,L,2024-2
NORD-OVEST,LOMBARDIA,MI,3015146,C1AA, ,F205,MILANO,D,D33,MI00004780,13,Box,NORMALE,P,1250,1800,L,2024-2
NORD-OVEST,LOMBARDIA,MI,3015146,C1AA, ,F205,MILANO,D,D33,MI00004780,9,Magazzini,NORMALE,P,450,700,L,2024-2
NORD-OVEST,LOMBARDIA,MI,3015146,C1AA, ,F205,MILANO,D,D33,MI00004780,5,Negozi,NORMALE,P,1350,2200,L,2024-2
NORD-OVEST,LOMBARDIA,MI,3015146,C1AA, ,F205,MILANO,D,D33,MI00004780,6,Uffici,OTTIMO,P,1600,2100,L,2024-2
NORD-OVEST,LOMBARDIA,MI,3015146,C1AA, ,F205,MILANO,D,D33,MI00004780,18,Uffici strutturati,OTTIMO,P,2000,2650,L,2024-2
NORD-OVEST,LOMBARDIA,MI,3015146,C1AA, ,F205,MILANO,D,D33,MI00004780,8,Capannoni industriali,NORMALE,P,650,950,L,2024-2
NORD-OVEST,LOMBARDIA,MI,3015146,C1AA, ,F205,MILANO,D,D33,MI00004780,10,Laboratori,NORMALE,P,700,1200,L,2024-2
NORD-OVEST,LOMBARDIA,MI,3015146,C1AA, ,F205,MILANO,D,D34,MI00004781,20,Abitazioni civili,OTTIMO, ,4200,5000,L,2024-2
NORD-OVEST,LOMBARDIA,MI,3015146,C1AA, ,F205,MILANO,D,D34,MI00004781,20,Abitazioni civili,NORMALE,P,3000,4100,L,2024-2
NORD-OVEST,LOMBARDIA,MI,3015146,C1AA, ,F205,MILANO,D,D34,MI00004781,21,Abitazioni di tipo economico,OTTIMO, ,3200,4300,L,2024-2
NORD-OVEST,LOMBARDIA,MI,3015146,C1AA, ,F205,MILANO,D,D34,MI00004781,21,Abitazioni di tipo economico,NORMALE,P,2800,3100,L,2024-2
NORD-OVEST,LOMBARDIA,MI,3015146,C1AA, ,F205,MILANO,D,D34,MI00004781,13,Box,NORMALE,P,1100,1600,L,2024-2
NORD-OVEST,LOMBARDIA,MI,3015146,C1AA, ,F205,MILANO,D,D34,MI00004781,9,Magazzini,NORMALE,P,550,800,L,2024-2
NORD-OVEST,LOMBARDIA,MI,3015146,C1AA, ,F205,MILANO,D,D34,MI00004781,5,Negozi,NORMALE,P,1150,1800,L,2024-2
NORD-OVEST,LOMBARDIA,MI,3015146,C1AA, ,F205,MILANO,D,D34,MI00004781,6,Uffici,OTTIMO,P,1600,2100,L,2024-2
NORD-OVEST,LOMBARDIA,MI,3015146,C1AA, ,F205,MILANO,D,D34,MI00004781,18,Uffici strutturati,OTTIMO,P,2200,3100,L,2024-2
NORD-OVEST,LOMBARDIA,MI,3015146,C1AA, ,F205,MILANO,D,D34,MI00004781,8,Capannoni industriali,NORMALE,P,500,850,L,2024-2
NORD-OVEST,LOMBARDIA,MI,3015146,C1AA, ,F205,MILANO,D,D34,MI00004781,10,Laboratori,NORMALE,P,650,950,L,2024-2
NORD-OVEST,LOMBARDIA,MI,3015146,C1AA, ,F205,MILANO,D,D35,MI00004782,20,Abitazioni civili,OTTIMO, ,4100,5400,L,2024-2
NORD-OVEST,LOMBARDIA,MI,3015146,C1AA, ,F205,MILANO,D,D35,MI00004782,20,Abitazioni civili,NORMALE,P,2650,4000,L,2024-2
NORD-OVEST,LOMBARDIA,MI,3015146,C1AA, ,F205,MILANO,D,D35,MI00004782,21,Abitazioni di tipo economico,NORMALE,P,2100,2700,L,2024-2
NORD-OVEST,LOMBARDIA,MI,3015146,C1AA, ,F205,MILANO,D,D35,MI00004782,21,Abitazioni di tipo economico,OTTIMO, ,2800,3500,L,2024-2
NORD-OVEST,LOMBARDIA,MI,3015146,C1AA, ,F205,MILANO,D,D35,MI00004782,13,Box,NORMALE,P,1300,2300,L,2024-2
NORD-OVEST,LOMBARDIA,MI,3015146,C1AA, ,F205,MILANO,D,D35,MI00004782,9,Magazzini,NORMALE,P,650,850,L,2024-2
NORD-OVEST,LOMBARDIA,MI,3015146,C1AA, ,F205,MILANO,D,D35,MI00004782,5,Negozi,NORMALE,P,1500,2600,L,2024-2
NORD-OVEST,LOMBARDIA,MI,3015146,C1AA, ,F205,MILANO,D,D35,MI00004782,6,Uffici,OTTIMO,P,1750,2650,L,2024-2
NORD-OVEST,LOMBARDIA,MI,3015146,C1AA, ,F205,MILANO,D,D35,MI00004782,18,Uffici strutturati,OTTIMO,P,2250,3100,L,2024-2
NORD-OVEST,LOMBARDIA,MI,3015146,C1AA, ,F205,MILANO,D,D35,MI00004782,8,Capannoni industriali,NORMALE,P,600,1050,L,2024-2
NORD-OVEST,LOMBARDIA,MI,3015146,C1AA, ,F205,MILANO,D,D35,MI00004782,10,Laboratori,NORMALE,P,750,1400,L,2024-2
NORD-OVEST,LOMBARDIA,MI,3015146,C1AA, ,F205,MILANO,D,D36,MI00004783,20,Abitazioni civili,OTTIMO, ,4700,6800,L,2024-2
NORD-OVEST,LOMBARDIA,MI,3015146,C1AA, ,F205,MILANO,D,D36,MI00004783,20,Abitazioni civili,NORMALE,P,3300,4600,L,2024-2
NORD-OVEST,LOMBARDIA,MI,3015146,C1AA, ,F205,MILANO,D,D36,MI00004783,21,Abitazioni di tipo economico,NORMALE,P,2300,3300,L,2024-2
NORD-OVEST,LOMBARDIA,MI,3015146,C1AA, ,F205,MILANO,D,D36,MI00004783,21,Abitazioni di tipo economico,OTTIMO, ,3400,4300,L,2024-2
NORD-OVEST,LOMBARDIA,MI,3015146,C1AA, ,F205,MILANO,D,D36,MI00004783,13,Box,NORMALE,P,1800,2750,L,2024-2
NORD-OVEST,LOMBARDIA,MI,3015146,C1AA, ,F205,MILANO,D,D36,MI00004783,9,Magazzini,NORMALE,P,500,850,L,2024-2
NORD-OVEST,LOMBARDIA,MI,3015146,C1AA, ,F205,MILANO,D,D36,MI00004783,5,Negozi,NORMALE,P,1850,3300,L,2024-2
NORD-OVEST,LOMBARDIA,MI,3015146,C1AA, ,F205,MILANO,D,D36,MI00004783,6,Uffici,OTTIMO,P,1800,2800,L,2024-2
NORD-OVEST,LOMBARDIA,MI,3015146,C1AA, ,F205,MILANO,D,D36,MI00004783,18,Uffici strutturati,OTTIMO,P,2100,3100,L,2024-2
NORD-OVEST,LOMBARDIA,MI,3015146,C1AA, ,F205,MILANO,D,D36,MI00004783,8,Capannoni industriali,NORMALE,P,750,950,L,2024-2
NORD-OVEST,LOMBARDIA,MI,3015146,C1AA, ,F205,MILANO,D,D36,MI00004783,10,Laboratori,NORMALE,P,800,1350,L,2024-2
NORD-OVEST,LOMBARDIA,MI,3015146,C1AA, ,F205,MILANO,D,D37,MI00011747,20,Abitazioni civili,OTTIMO, ,3700,4700,L,2024-2
NORD-OVEST,LOMBARDIA,MI,3015146,C1AA, ,F205,MILANO,D,D37,MI00011747,20,Abitazioni civili,NORMALE,P,2700,3600,L,2024-2
NORD-OVEST,LOMBARDIA,MI,3015146,C1AA, ,F205,MILANO,D,D37,MI00011747,21,Abitazioni di tipo economico,OTTIMO, ,2650,3500,L,2024-2
NORD-OVEST,LOMBARDIA,MI,3015146,C1AA, ,F205,MILANO,D,D37,MI00011747,21,Abitazioni di tipo economico,NORMALE,P,1800,2600,L,2024-2
NORD-OVEST,LOMBARDIA,MI,3015146,C1AA, ,F205,MILANO,D,D37,MI00011747,13,Box,NORMALE,P,1350,1900,L,2024-2
NORD-OVEST,LOMBARDIA,MI,3015146,C1AA, ,F205,MILANO,D,D37,MI00011747,9,Magazzini,NORMALE,P,550,850,L,2024-2
NORD-OVEST,LOMBARDIA,MI,3015146,C1AA, ,F205,MILANO,D,D37,MI00011747,5,Negozi,NORMALE,P,1450,1900,L,2024-2
NORD-OVEST,LOMBARDIA,MI,3015146,C1AA, ,F205,MILANO,D,D37,MI00011747,5,Negozi,OTTIMO, ,1900,2800,L,2024-2
NORD-OVEST,LOMBARDIA,MI,3015146,C1AA, ,F205,MILANO,D,D37,MI00011747,6,Uffici,OTTIMO,P,1800,2800,L,2024-2
NORD-OVEST,LOMBARDIA,MI,3015146,C1AA, ,F205,MILANO,D,D37,MI00011747,18,Uffici strutturati,OTTIMO,P,1950,2950,L,2024-2
NORD-OVEST,LOMBARDIA,MI,3015146,C1AA, ,F205,MILANO,D,D37,MI00011747,8,Capannoni industriali,NORMALE,P,650,1000,L,2024-2
NORD-OVEST,LOMBARDIA,MI,3015146,C1AA, ,F205,MILANO,D,D37,MI00011747,10,Laboratori,NORMALE,P,850,1200,L,2024-2
NORD-OVEST,LOMBARDIA,MI,3015146,C1AA, ,F205,MILANO,D,D38,MI00011748,20,Abitazioni civili,NORMALE,P,3000,4000,L,2024-2
NORD-OVEST,LOMBARDIA,MI,3015146,C1AA, ,F205,MILANO,D,D38,MI00011748,20,Abitazioni civili,OTTIMO, ,4100,5000,L,2024-2
NORD-OVEST,LOMBARDIA,MI,3015146,C1AA, ,F205,MILANO,D,D38,MI00011748,21,Abitazioni di tipo economico,OTTIMO, ,2600,3400,L,2024-2
NORD-OVEST,LOMBARDIA,MI,3015146,C1AA, ,F205,MILANO,D,D38,MI00011748,21,Abitazioni di tipo economico,NORMALE,P,2000,2550,L,2024-2
NORD-OVEST,LOMBARDIA,MI,3015146,C1AA, ,F205,MILANO,D,D38,MI00011748,13,Box,NORMALE,P,1350,1900,L,2024-2
NORD-OVEST,LOMBARDIA,MI,3015146,C1AA, ,F205,MILANO,D,D38,MI00011748,9,Magazzini,NORMALE,P,550,850,L,2024-2
NORD-OVEST,LOMBARDIA,MI,3015146,C1AA, ,F205,MILANO,D,D38,MI00011748,5,Negozi,NORMALE,P,1600,2000,L,2024-2
NORD-OVEST,LOMBARDIA,MI,3015146,C1AA, ,F205,MILANO,D,D38,MI00011748,5,Negozi,OTTIMO, ,2100,3300,L,2024-2
NORD-OVEST,LOMBARDIA,MI,3015146,C1AA, ,F205,MILANO,D,D38,MI00011748,6,Uffici,OTTIMO,P,1900,3100,L,2024-2
NORD-OVEST,LOMBARDIA,MI,3015146,C1AA, ,F205,MILANO,D,D38,MI00011748,18,Uffici strutturati,OTTIMO,P,2400,3400,L,2024-2
NORD-OVEST,LOMBARDIA,MI,3015146,C1AA, ,F205,MILANO,D,D38,MI00011748,8,Capannoni industriali,NORMALE,P,650,1000,L,2024-2
NORD-OVEST,LOMBARDIA,MI,3015146,C1AA, ,F205,MILANO,D,D38,MI00011748,10,Laboratori,NORMALE,P,800,1200,L,2024-2
NORD-OVEST,LOMBARDIA,MI,3015146,C1AA, ,F205,MILANO,D,D39,MI00011750,20,Abitazioni civili,OTTIMO,P,4300,5200,L,2024-2
NORD-OVEST,LOMBARDIA,MI,3015146,C1AA, ,F205,MILANO,D,D39,MI00011750,13,Box,OTTIMO,P,1400,2200,L,2024-2
NORD-OVEST,LOMBARDIA,MI,3015146,C1AA, ,F205,MILANO,D,D39,MI00011750,9,Magazzini,OTTIMO,P,700,1000,L,2024-2
NORD-OVEST,LOMBARDIA,MI,3015146,C1AA, ,F205,MILANO,D,D39,MI00011750,5,Negozi,NORMALE,P,2500,4000,L,2024-2
NORD-OVEST,LOMBARDIA,MI,3015146,C1AA, ,F205,MILANO,D,D39,MI00011750,6,Uffici,OTTIMO,P,1800,2800,L,2024-2
NORD-OVEST,LOMBARDIA,MI,3015146,C1AA, ,F205,MILANO,D,D39,MI00011750,18,Uffici strutturati,OTTIMO,P,2500,3500,L,2024-2
NORD-OVEST,LOMBARDIA,MI,3015146,C1AA, ,F205,MILANO,D,D39,MI00011750,8,Capannoni industriali,NORMALE,P,700,1050,L,2024-2
NORD-OVEST,LOMBARDIA,MI,3015146,C1AA, ,F205,MILANO,D,D39,MI00011750,10,Laboratori,NORMALE,P,850,1300,L,2024-2
NORD-OVEST,LOMBARDIA,MI,3015146,C1AA, ,F205,MILANO,D,D40,MI00011751,20,Abitazioni civili,OTTIMO, ,3700,5000,L,2024-2
NORD-OVEST,LOMBARDIA,MI,3015146,C1AA, ,F205,MILANO,D,D40,MI00011751,20,Abitazioni civili,NORMALE,P,2650,3700,L,2024-2
NORD-OVEST,LOMBARDIA,MI,3015146,C1AA, ,F205,MILANO,D,D40,MI00011751,21,Abitazioni di tipo economico,NORMALE,P,2200,2600,L,2024-2
NORD-OVEST,LOMBARDIA,MI,3015146,C1AA, ,F205,MILANO,D,D40,MI00011751,21,Abitazioni di tipo economico,OTTIMO, ,2650,3500,L,2024-2
NORD-OVEST,LOMBARDIA,MI,3015146,C1AA, ,F205,MILANO,D,D40,MI00011751,13,Box,NORMALE,P,1550,2400,L,2024-2
NORD-OVEST,LOMBARDIA,MI,3015146,C1AA, ,F205,MILANO,D,D40,MI00011751,9,Magazzini,NORMALE,P,650,1000,L,2024-2
NORD-OVEST,LOMBARDIA,MI,3015146,C1AA, ,F205,MILANO,D,D40,MI00011751,5,Negozi,OTTIMO, ,2000,3400,L,2024-2
NORD-OVEST,LOMBARDIA,MI,3015146,C1AA, ,F205,MILANO,D,D40,MI00011751,5,Negozi,NORMALE,P,1300,1950,L,2024-2
NORD-OVEST,LOMBARDIA,MI,3015146,C1AA, ,F205,MILANO,D,D40,MI00011751,6,Uffici,OTTIMO,P,1700,2600,L,2024-2
NORD-OVEST,LOMBARDIA,MI,3015146,C1AA, ,F205,MILANO,D,D40,MI00011751,18,Uffici strutturati,OTTIMO,P,2300,3300,L,2024-2
NORD-OVEST,LOMBARDIA,MI,3015146,C1AA, ,F205,MILANO,D,D40,MI00011751,8,Capannoni industriali,NORMALE,P,700,1050,L,2024-2
NORD-OVEST,LOMBARDIA,MI,3015146,C1AA, ,F205,MILANO,D,D40,MI00011751,10,Laboratori,NORMALE,P,800,1200,L,2024-2
NORD-OVEST,LOMBARDIA,MI,3015146,C1AA, ,F205,MILANO,E,E5,MI00004784,20,Abitazioni civili,OTTIMO, ,3000,3600,L,2024-2
NORD-OVEST,LOMBARDIA,MI,3015146,C1AA, ,F205,MILANO,E,E5,MI00004784,20,Abitazioni civili,NORMALE,P,2300,3000,L,2024-2
NORD-OVEST,LOMBARDIA,MI,3015146,C1AA, ,F205,MILANO,E,E5,MI00004784,21,Abitazioni di tipo economico,OTTIMO, ,2400,2900,L,2024-2
NORD-OVEST,LOMBARDIA,MI,3015146,C1AA, ,F205,MILANO,E,E5,MI00004784,21,Abitazioni di tipo economico,NORMALE,P,1800,2500,L,2024-2
NORD-OVEST,LOMBARDIA,MI,3015146,C1AA, ,F205,MILANO,E,E5,MI00004784,13,Box,NORMALE,P,1100,1600,L,2024-2
NORD-OVEST,LOMBARDIA,MI,3015146,C1AA, ,F205,MILANO,E,E5,MI00004784,1,Ville e Villini,OTTIMO, ,2450,2800,L,2024-2
NORD-OVEST,LOMBARDIA,MI,3015146,C1AA, ,F205,MILANO,E,E5,MI00004784,1,Ville e Villini,NORMALE,P,1700,2400,L,2024-2
NORD-OVEST,LOMBARDIA,MI,3015146,C1AA, ,F205,MILANO,E,E5,MI00004784,9,Magazzini,NORMALE,P,450,750,L,2024-2
NORD-OVEST,LOMBARDIA,MI,3015146,C1AA, ,F205,MILANO,E,E5,MI00004784,5,Negozi,NORMALE,P,1000,1750,L,2024-2
NORD-OVEST,LOMBARDIA,MI,3015146,C1AA, ,F205,MILANO,E,E5,MI00004784,6,Uffici,OTTIMO,P,1000,1550,L,2024-2
NORD-OVEST,LOMBARDIA,MI,3015146,C1AA, ,F205,MILANO,E,E5,MI00004784,18,Uffici strutturati,OTTIMO,P,1750,2300,L,2024-2
NORD-OVEST,LOMBARDIA,MI,3015146,C1AA, ,F205,MILANO,E,E5,MI00004784,8,Capannoni industriali,NORMALE,P,450,700,L,2024-2
NORD-OVEST,LOMBARDIA,MI,3015146,C1AA, ,F205,MILANO,E,E5,MI00004784,10,Laboratori,NORMALE,P,450,750,L,2024-2
NORD-OVEST,LOMBARDIA,MI,3015146,C1AA, ,F205,MILANO,E,E6,MI00004785,20,Abitazioni civili,OTTIMO, ,3000,3900,L,2024-2
NORD-OVEST,LOMBARDIA,MI,3015146,C1AA, ,F205,MILANO,E,E6,MI00004785,20,Abitazioni civili,NORMALE,P,2500,3000,L,2024-2
NORD-OVEST,LOMBARDIA,MI,3015146,C1AA, ,F205,MILANO,E,E6,MI00004785,21,Abitazioni di tipo economico,NORMALE,P,1900,2300,L,2024-2
NORD-OVEST,LOMBARDIA,MI,3015146,C1AA, ,F205,MILANO,E,E6,MI00004785,21,Abitazioni di tipo economico,OTTIMO, ,2300,2700,L,2024-2
NORD-OVEST,LOMBARDIA,MI,3015146,C1AA, ,F205,MILANO,E,E6,MI00004785,13,Box,NORMALE,P,1000,1550,L,2024-2
NORD-OVEST,LOMBARDIA,MI,3015146,C1AA, ,F205,MILANO,E,E6,MI00004785,9,Magazzini,NORMALE,P,300,500,L,2024-2
NORD-OVEST,LOMBARDIA,MI,3015146,C1AA, ,F205,MILANO,E,E6,MI00004785,5,Negozi,NORMALE,P,1000,1800,L,2024-2
NORD-OVEST,LOMBARDIA,MI,3015146,C1AA, ,F205,MILANO,E,E6,MI00004785,6,Uffici,OTTIMO,P,1500,2100,L,2024-2
NORD-OVEST,LOMBARDIA,MI,3015146,C1AA, ,F205,MILANO,E,E6,MI00004785,18,Uffici strutturati,OTTIMO,P,2000,2800,L,2024-2
NORD-OVEST,LOMBARDIA,MI,3015146,C1AA, ,F205,MILANO,E,E6,MI00004785,8,Capannoni industriali,NORMALE,P,550,800,L,2024-2
NORD-OVEST,LOMBARDIA,MI,3015146,C1AA, ,F205,MILANO,E,E6,MI00004785,10,Laboratori,NORMALE,P,700,950,L,2024-2
NORD-OVEST,LOMBARDIA,MI,3015146,C1AA, ,F205,MILANO,E,E7,MI00004786,20,Abitazioni civili,OTTIMO, ,2500,2850,L,2024-2
NORD-OVEST,LOMBARDIA,MI,3015146,C1AA, ,F205,MILANO,E,E7,MI00004786,20,Abitazioni civili,NORMALE,P,1900,2450,L,2024-2
NORD-OVEST,LOMBARDIA,MI,3015146,C1AA, ,F205,MILANO,E,E7,MI00004786,21,Abitazioni di tipo economico,OTTIMO, ,2100,2600,L,2024-2
NORD-OVEST,LOMBARDIA,MI,3015146,C1AA, ,F205,MILANO,E,E7,MI00004786,21,Abitazioni di tipo economico,NORMALE,P,1600,2050,L,2024-2
NORD-OVEST,LOMBARDIA,MI,3015146,C1AA, ,F205,MILANO,E,E7,MI00004786,13,Box,NORMALE,P,950,1300,L,2024-2
NORD-OVEST,LOMBARDIA,MI,3015146,C1AA, ,F205,MILANO,E,E7,MI00004786,9,Magazzini,NORMALE,P,350,550,L,2024-2
NORD-OVEST,LOMBARDIA,MI,3015146,C1AA, ,F205,MILANO,E,E7,MI00004786,5,Negozi,NORMALE,P,700,1400,L,2024-2
NORD-OVEST,LOMBARDIA,MI,3015146,C1AA, ,F205,MILANO,E,E7,MI00004786,6,Uffici,OTTIMO,P,1500,1950,L,2024-2
NORD-OVEST,LOMBARDIA,MI,3015146,C1AA, ,F205,MILANO,E,E7,MI00004786,18,Uffici strutturati,OTTIMO,P,1700,2600,L,2024-2
NORD-OVEST,LOMBARDIA,MI,3015146,C1AA, ,F205,MILANO,E,E7,MI00004786,8,Capannoni industriali,NORMALE,P,600,850,L,2024-2
NORD-OVEST,LOMBARDIA,MI,3015146,C1AA, ,F205,MILANO,E,E7,MI00004786,10,Laboratori,NORMALE,P,550,1000,L,2024-2
NORD-OVEST,LOMBARDIA,MI,3015146,C1AA, ,F205,MILANO,E,E8,MI00004787,20,Abitazioni civili,OTTIMO, ,2600,3700,L,2024-2
NORD-OVEST,LOMBARDIA,MI,3015146,C1AA, ,F205,MILANO,E,E8,MI00004787,20,Abitazioni civili,NORMALE,P,1850,2550,L,2024-2
NORD-OVEST,LOMBARDIA,MI,3015146,C1AA, ,F205,MILANO,E,E8,MI00004787,21,Abitazioni di tipo economico,OTTIMO, ,2200,2600,L,2024-2
NORD-OVEST,LOMBARDIA,MI,3015146,C1AA, ,F205,MILANO,E,E8,MI00004787,21,Abitazioni di tipo economico,NORMALE,P,1500,2150,L,2024-2
NORD-OVEST,LOMBARDIA,MI,3015146,C1AA, ,F205,MILANO,E,E8,MI00004787,13,Box,NORMALE,P,850,1400,L,2024-2
NORD-OVEST,LOMBARDIA,MI,3015146,C1AA, ,F205,MILANO,E,E8,MI00004787,9,Magazzini,NORMALE,P,400,700,L,2024-2
NORD-OVEST,LOMBARDIA,MI,3015146,C1AA, ,F205,MILANO,E,E8,MI00004787,5,Negozi,NORMALE,P,1300,2000,L,2024-2
NORD-OVEST,LOMBARDIA,MI,3015146,C1AA, ,F205,MILANO,E,E8,MI00004787,6,Uffici,OTTIMO,P,1500,2000,L,2024-2
NORD-OVEST,LOMBARDIA,MI,3015146,C1AA, ,F205,MILANO,E,E8,MI00004787,18,Uffici strutturati,OTTIMO,P,2000,2500,L,2024-2
NORD-OVEST,LOMBARDIA,MI,3015146,C1AA, ,F205,MILANO,E,E8,MI00004787,8,Capannoni industriali,NORMALE,P,600,850,L,2024-2
NORD-OVEST,LOMBARDIA,MI,3015146,C1AA, ,F205,MILANO,E,E8,MI00004787,10,Laboratori,NORMALE,P,600,1000,L,2024-2
NORD-OVEST,LOMBARDIA,MI,3015146,C1AA, ,F205,MILANO,B,B12,MI00003228,20,Abitazioni civili,OTTIMO, ,10400,14000,L,2024-1
NORD-OVEST,LOMBARDIA,MI,3015146,C1AA, ,F205,MILANO,B,B12,MI00003228,20,Abitazioni civili,NORMALE,P,8000,10300,L,2024-1
NORD-OVEST,LOMBARDIA,MI,3015146,C1AA, ,F205,MILANO,B,B12,MI00003228,21,Abitazioni di tipo economico,NORMALE,P,6800,8400,L,2024-1
NORD-OVEST,LOMBARDIA,MI,3015146,C1AA, ,F205,MILANO,B,B12,MI00003228,21,Abitazioni di tipo economico,OTTIMO, ,8500,9700,L,2024-1
NORD-OVEST,LOMBARDIA,MI,3015146,C1AA, ,F205,MILANO,B,B12,MI00003228,19,Abitazioni signorili,OTTIMO,P,12500,17000,L,2024-1
NORD-OVEST,LOMBARDIA,MI,3015146,C1AA, ,F205,MILANO,B,B12,MI00003228,13,Box,NORMALE,P,4500,6500,L,2024-1
NORD-OVEST,LOMBARDIA,MI,3015146,C1AA, ,F205,MILANO,B,B12,MI00003228,9,Magazzini,NORMALE,P,2150,3200,L,2024-1
NORD-OVEST,LOMBARDIA,MI,3015146,C1AA, ,F205,MILANO,B,B12,MI00003228,5,Negozi,OTTIMO, ,15800,28000,L,2024-1
NORD-OVEST,LOMBARDIA,MI,3015146,C1AA, ,F205,MILANO,B,B12,MI00003228,5,Negozi,NORMALE,P,8500,15700,L,2024-1
NORD-OVEST,LOMBARDIA,MI,3015146,C1AA, ,F205,MILANO,B,B12,MI00003228,6,Uffici,OTTIMO,P,8500,13000,L,2024-1
NORD-OVEST,LOMBARDIA,MI,3015146,C1AA, ,F205,MILANO,B,B12,MI00003228,18,Uffici strutturati,OTTIMO,P,8600,15500,L,2024-1
NORD-OVEST,LOMBARDIA,MI,3015146,C1AA, ,F205,MILANO,B,B12,MI00003228,10,Laboratori,NORMALE,P,2700,3200,L,2024-1
NORD-OVEST,LOMBARDIA,MI,3015146,C1AA, ,F205,MILANO,B,B13,MI00003232,20,Abitazioni civili,OTTIMO, ,7100,8600,L,2024-1
NORD-OVEST,LOMBARDIA,MI,3015146,C1AA, ,F205,MILANO,B,B13,MI00003232,20,Abitazioni civili,NORMALE,P,6000,7000,L,2024-1
NORD-OVEST,LOMBARDIA,MI,3015146,C1AA, ,F205,MILANO,B,B13,MI00003232,21,Abitazioni di tipo economico,NORMALE,P,4700,5600,L,2024-1
NORD-OVEST,LOMBARDIA,MI,3015146,C1AA, ,F205,MILANO,B,B13,MI00003232,21,Abitazioni di tipo economico,OTTIMO, ,5700,7000,L,2024-1
NORD-OVEST,LOMBARDIA,MI,3015146,C1AA, ,F205,MILANO,B,B13,MI00003232,19,Abitazioni signorili,OTTIMO,P,7500,9300,L,2024-1
NORD-OVEST,LOMBARDIA,MI,3015146,C1AA, ,F205,MILANO,B,B13,MI00003232,13,Box,NORMALE,P,2650,3800,L,2024-1
NORD-OVEST,LOMBARDIA,MI,3015146,C1AA, ,F205,MILANO,B,B13,MI00003232,9,Magazzini,NORMALE,P,1450,2200,L,2024-1
NORD-OVEST,LOMBARDIA,MI,3015146,C1AA, ,F205,MILANO,B,B13,MI00003232,5,Negozi,OTTIMO, ,6200,8300,L,2024-1
NORD-OVEST,LOMBARDIA,MI,3015146,C1AA, ,F205,MILANO,B,B13,MI00003232,5,Negozi,NORMALE,P,3800,6100,L,2024-1
NORD-OVEST,LOMBARDIA,MI,3015146,C1AA, ,F205,MILANO,B,B13,MI00003232,6,Uffici,OTTIMO,P,4500,7100,L,2024-1
NORD-OVEST,LOMBARDIA,MI,3015146,C1AA, ,F205,MILANO,B,B13,MI00003232,18,Uffici strutturati,OTTIMO,P,5300,7800,L,2024-1
NORD-OVEST,LOMBARDIA,MI,3015146,C1AA, ,F205,MILANO,B,B13,MI00003232,10,Laboratori,NORMALE,P,2000,2600,L,2024-1
NORD-OVEST,LOMBARDIA,MI,3015146,C1AA, ,F205,MILANO,B,B15,MI00003544,20,Abitazioni civili,OTTIMO, ,9500,14000,L,2024-1
NORD-OVEST,LOMBARDIA,MI,3015146,C1AA, ,F205,MILANO,B,B15,MI00003544,20,Abitazioni civili,NORMALE,P,7800,9400,L,2024-1
NORD-OVEST,LOMBARDIA,MI,3015146,C1AA, ,F205,MILANO,B,B15,MI00003544,21,Abitazioni di tipo economico,NORMALE,P,6700,7500,L,2024-1
NORD-OVEST,LOMBARDIA,MI,3015146,C1AA, ,F205,MILANO,B,B15,MI00003544,21,Abitazioni di tipo economico,OTTIMO, ,7600,8800,L,2024-1
NORD-OVEST,LOMBARDIA,MI,3015146,C1AA, ,F205,MILANO,B,B15,MI00003544,19,Abitazioni signorili,OTTIMO,P,12300,17500,L,2024-1
NORD-OVEST,LOMBARDIA,MI,3015146,C1AA, ,F205,MILANO,B,B15,MI00003544,13,Box,NORMALE,P,3700,4900,L,2024-1
NORD-OVEST,LOMBARDIA,MI,3015146,C1AA, ,F205,MILANO,B,B15,MI00003544,9,Magazzini,NORMALE,P,1500,2300,L,2024-1
NORD-OVEST,LOMBARDIA,MI,3015146,C1AA, ,F205,MILANO,B,B15,MI00003544,5,Negozi,OTTIMO, ,9400,16000,L,2024-1
NORD-OVEST,LOMBARDIA,MI,3015146,C1AA, ,F205,MILANO,B,B15,MI00003544,5,Negozi,NORMALE,P,6200,9400,L,2024-1
NORD-OVEST,LOMBARDIA,MI,3015146,C1AA, ,F205,MILANO,B,B15,MI00003544,6,Uffici,OTTIMO,P,6300,8900,L,2024-1
NORD-OVEST,LOMBARDIA,MI,3015146,C1AA, ,F205,MILANO,B,B15,MI00003544,18,Uffici strutturati,OTTIMO,P,6500,9600,L,2024-1
NORD-OVEST,LOMBARDIA,MI,3015146,C1AA, ,F205,MILANO,B,B15,MI00003544,10,Laboratori,NORMALE,P,2400,3000,L,2024-1
NORD-OVEST,LOMBARDIA,MI,3015146,C1AA, ,F205,MILANO,B,B16,MI00003545,20,Abitazioni civili,OTTIMO, ,8300,11000,L,2024-1
NORD-OVEST,LOMBARDIA,MI,3015146,C1AA, ,F205,MILANO,B,B16,MI00003545,20,Abitazioni civili,NORMALE,P,6500,8200,L,2024-1
NORD-OVEST,LOMBARDIA,MI,3015146,C1AA, ,F205,MILANO,B,B16,MI00003545,21,Abitazioni di tipo economico,NORMALE,P,5700,6500,L,2024-1
NORD-OVEST,LOMBARDIA,MI,3015146,C1AA, ,F205,MILANO,B,B16,MI00003545,21,Abitazioni di tipo economico,OTTIMO, ,6600,8000,L,2024-1
NORD-OVEST,LOMBARDIA,MI,3015146,C1AA, ,F205,MILANO,B,B16,MI00003545,19,Abitazioni signorili,OTTIMO,P,9100,13000,L,2024-1
NORD-OVEST,LOMBARDIA,MI,3015146,C1AA, ,F205,MILANO,B,B16,MI00003545,13,Box,NORMALE,P,3400,5000,L,2024-1
NORD-OVEST,LOMBARDIA,MI,3015146,C1AA, ,F205,MILANO,B,B16,MI00003545,9,Magazzini,NORMALE,P,1200,1900,L,2024-1
NORD-OVEST,LOMBARDIA,MI,3015146,C1AA, ,F205,MILANO,B,B16,MI00003545,5,Negozi,OTTIMO, ,6600,8700,L,2024-1
NORD-OVEST,LOMBARDIA,MI,3015146,C1AA, ,F205,MILANO,B,B16,MI00003545,5,Negozi,NORMALE,P,3500,6500,L,2024-1
NORD-OVEST,LOMBARDIA,MI,3015146,C1AA, ,F205,MILANO,B,B16,MI00003545,6,Uffici,OTTIMO,P,4200,7000,L,2024-1
NORD-OVEST,LOMBARDIA,MI,3015146,C1AA, ,F205,MILANO,B,B16,MI00003545,18,Uffici strutturati,OTTIMO,P,5100,7500,L,2024-1
NORD-OVEST,LOMBARDIA,MI,3015146,C1AA, ,F205,MILANO,B,B16,MI00003545,10,Laboratori,NORMALE,P,2300,3000,L,2024-1
NORD-OVEST,LOMBARDIA,MI,3015146,C1AA, ,F205,MILANO,B,B17,MI00004767,20,Abitazioni civili,OTTIMO, ,7400,10500,L,2024-1
NORD-OVEST,LOMBARDIA,MI,3015146,C1AA, ,F205,MILANO,B,B17,MI00004767,20,Abitazioni civili,NORMALE,P,5000,7300,L,2024-1
NORD-OVEST,LOMBARDIA,MI,3015146,C1AA, ,F205,MILANO,B,B17,MI00004767,21,Abitazioni di tipo economico,NORMALE,P,4000,4900,L,2024-1
NORD-OVEST,LOMBARDIA,MI,3015146,C1AA, ,F205,MILANO,B,B17,MI00004767,21,Abitazioni di tipo economico,OTTIMO, ,5000,6600,L,2024-1
NORD-OVEST,LOMBARDIA,MI,3015146,C1AA, ,F205,MILANO,B,B17,MI00004767,19,Abitazioni signorili,OTTIMO,P,8400,11700,L,2024-1
NORD-OVEST,LOMBARDIA,MI,3015146,C1AA, ,F205,MILANO,B,B17,MI00004767,13,Box,NORMALE,P,2500,4000,L,2024-1
NORD-OVEST,LOMBARDIA,MI,3015146,C1AA, ,F205,MILANO,B,B17,MI00004767,9,Magazzini,NORMALE,P,1100,1600,L,2024-1
NORD-OVEST,LOMBARDIA,MI,3015146,C1AA, ,F205,MILANO,B,B17,MI00004767,5,Negozi,OTTIMO, ,5100,9000,L,2024-1
NORD-OVEST,LOMBARDIA,MI,3015146,C1AA, ,F205,MILANO,B,B17,MI00004767,5,Negozi,NORMALE,P,4000,5000,L,2024-1
NORD-OVEST,LOMBARDIA,MI,3015146,C1AA, ,F205,MILANO,B,B17,MI00004767,6,Uffici,OTTIMO,P,4000,6800,L,2024-1
NORD-OVEST,LOMBARDIA,MI,3015146,C1AA, ,F205,MILANO,B,B17,MI00004767,18,Uffici strutturati,OTTIMO,P,4500,7200,L,2024-1
NORD-OVEST,LOMBARDIA,MI,3015146,C1AA, ,F205,MILANO,B,B17,MI00004767,10,Laboratori,NORMALE,P,1600,2300,L,2024-1
NORD-OVEST,LOMBARDIA,MI,3015146,C1AA, ,F205,MILANO,B,B18,MI00004768,20,Abitazioni civili,OTTIMO, ,8300,11500,L,2024-1
NORD-OVEST,LOMBARDIA,MI,3015146,C1AA, ,F205,MILANO,B,B18,MI00004768,20,Abitazioni civili,NORMALE,P,6100,8200,L,2024-1
NORD-OVEST,LOMBARDIA,MI,3015146,C1AA, ,F205,MILANO,B,B18,MI00004768,21,Abitazioni di tipo economico,NORMALE, ,4400,5900,L,2024-1
NORD-OVEST,LOMBARDIA,MI,3015146,C1AA, ,F205,MILANO,B,B18,MI00004768,21,Abitazioni di tipo economico,OTTIMO,P,6000,7000,L,2024-1
NORD-OVEST,LOMBARDIA,MI,3015146,C1AA, ,F205,MILANO,B,B18,MI00004768,13,Box,NORMALE,P,3300,4800,L,2024-1
NORD-OVEST,LOMBARDIA,MI,3015146,C1AA, ,F205,MILANO,B,B18,MI00004768,9,Magazzini,NORMALE,P,1100,1600,L,2024-1
NORD-OVEST,LOMBARDIA,MI,3015146,C1AA, ,F205,MILANO,B,B18,MI00004768,5,Negozi,OTTIMO, ,7500,12000,L,2024-1
NORD-OVEST,LOMBARDIA,MI,3015146,C1AA, ,F205,MILANO,B,B18,MI00004768,5,Negozi,NORMALE,P,5100,7400,L,2024-1
NORD-OVEST,LOMBARDIA,MI,3015146,C1AA, ,F205,MILANO,B,B18,MI00004768,6,Uffici,OTTIMO,P,5000,7500,L,2024-1
NORD-OVEST,LOMBARDIA,MI,3015146,C1AA, ,F205,MILANO,B,B18,MI00004768,18,Uffici strutturati,OTTIMO,P,5200,7700,L,2024-1
NORD-OVEST,LOMBARDIA,MI,3015146,C1AA, ,F205,MILANO,B,B18,MI00004768,10,Laboratori,NORMALE,P,2000,2750,L,2024-1
NORD-OVEST,LOMBARDIA,MI,3015146,C1AA, ,F205,MILANO,B,B19,MI00004769,20,Abitazioni civili,OTTIMO, ,8500,10000,L,2024-1
NORD-OVEST,LOMBARDIA,MI,3015146,C1AA, ,F205,MILANO,B,B19,MI00004769,20,Abitazioni civili,NORMALE,P,6000,8400,L,2024-1
NORD-OVEST,LOMBARDIA,MI,3015146,C1AA, ,F205,MILANO,B,B19,MI00004769,21,Abitazioni di tipo economico,NORMALE,P,4500,5700,L,2024-1
NORD-OVEST,LOMBARDIA,MI,3015146,C1AA, ,F205,MILANO,B,B19,MI00004769,21,Abitazioni di tipo economico,OTTIMO, ,5800,7400,L,2024-1
NORD-OVEST,LOMBARDIA,MI,3015146,C1AA, ,F205,MILANO,B,B19,MI00004769,19,Abitazioni signorili,OTTIMO,P,9200,12500,L,2024-1
NORD-OVEST,LOMBARDIA,MI,3015146,C1AA, ,F205,MILANO,B,B19,MI00004769,13,Box,NORMALE,P,2900,4500,L,2024-1
NORD-OVEST,LOMBARDIA,MI,3015146,C1AA, ,F205,MILANO,B,B19,MI00004769,9,Magazzini,NORMALE,P,1000,1450,L,2024-1
NORD-OVEST,LOMBARDIA,MI,3015146,C1AA, ,F205,MILANO,B,B19,MI00004769,5,Negozi,OTTIMO,P,6500,8600,L,2024-1
NORD-OVEST,LOMBARDIA,MI,3015146,C1AA, ,F205,MILANO,B,B19,MI00004769,5,Negozi,NORMALE, ,3900,6400,L,2024-1
NORD-OVEST,LOMBARDIA,MI,3015146,C1AA, ,F205,MILANO,B,B19,MI00004769,6,Uffici,OTTIMO,P,4700,7700,L,2024-1
NORD-OVEST,LOMBARDIA,MI,3015146,C1AA, ,F205,MILANO,B,B19,MI00004769,18,Uffici strutturati,OTTIMO,P,5200,8200,L,2024-1
NORD-OVEST,LOMBARDIA,MI,3015146,C1AA, ,F205,MILANO,B,B19,MI00004769,10,Laboratori,NORMALE,P,1300,2050,L,2024-1
NORD-OVEST,LOMBARDIA,MI,3015146,C1AA, ,F205,MILANO,B,B20,MI00004770,20,Abitazioni civili,OTTIMO, ,7100,9500,L,2024-1
NORD-OVEST,LOMBARDIA,MI,3015146,C1AA, ,F205,MILANO,B,B20,MI00004770,20,Abitazioni civili,NORMALE,P,5200,7000,L,2024-1
NORD-OVEST,LOMBARDIA,MI,3015146,C1AA, ,F205,MILANO,B,B20,MI00004770,21,Abitazioni di tipo economico,NORMALE,P,4300,5300,L,2024-1
NORD-OVEST,LOMBARDIA,MI,3015146,C1AA, ,F205,MILANO,B,B20,MI00004770,21,Abitazioni di tipo economico,OTTIMO, ,5400,7200,L,2024-1
NORD-OVEST,LOMBARDIA,MI,3015146,C1AA, ,F205,MILANO,B,B20,MI00004770,13,Box,NORMALE,P,2850,3800,L,2024-1
NORD-OVEST,LOMBARDIA,MI,3015146,C1AA, ,F205,MILANO,B,B20,MI00004770,9,Magazzini,NORMALE,P,1000,1300,L,2024-1
NORD-OVEST,LOMBARDIA,MI,3015146,C1AA, ,F205,MILANO,B,B20,MI00004770,5,Negozi,OTTIMO, ,5100,7500,L,2024-1
NORD-OVEST,LOMBARDIA,MI,3015146,C1AA, ,F205,MILANO,B,B20,MI00004770,5,Negozi,NORMALE,P,3500,5000,L,2024-1
NORD-OVEST,LOMBARDIA,MI,3015146,C1AA, ,F205,MILANO,B,B20,MI00004770,6,Uffici,OTTIMO,P,3200,5100,L,2024-1
NORD-OVEST,LOMBARDIA,MI,3015146,C1AA, ,F205,MILANO,B,B20,MI00004770,18,Uffici strutturati,OTTIMO,P,3500,5500,L,2024-1
NORD-OVEST,LOMBARDIA,MI,3015146,C1AA, ,F205,MILANO,B,B20,MI00004770,10,Laboratori,NORMALE,P,1100,1800,L,2024-1
NORD-OVEST,LOMBARDIA,MI,3015146,C1AA, ,F205,MILANO,B,B21,MI00004771,20,Abitazioni civili,OTTIMO, ,6800,8700,L,2024-1
NORD-OVEST,LOMBARDIA,MI,3015146,C1AA, ,F205,MILANO,B,B21,MI00004771,20,Abitazioni civili,NORMALE,P,4800,6700,L,2024-1
NORD-OVEST,LOMBARDIA,MI,3015146,C1AA, ,F205,MILANO,B,B21,MI00004771,21,Abitazioni di tipo economico,NORMALE,P,3700,4800,L,2024-1
NORD-OVEST,LOMBARDIA,MI,3015146,C1AA, ,F205,MILANO,B,B21,MI00004771,21,Abitazioni di tipo economico,OTTIMO, ,4900,6000,L,2024-1
NORD-OVEST,LOMBARDIA,MI,3015146,C1AA, ,F205,MILANO,B,B21,MI00004771,13,Box,NORMALE,P,2100,3300,L,2024-1
NORD-OVEST,LOMBARDIA,MI,3015146,C1AA, ,F205,MILANO,B,B21,MI00004771,9,Magazzini,NORMALE,P,650,1000,L,2024-1
NORD-OVEST,LOMBARDIA,MI,3015146,C1AA, ,F205,MILANO,B,B21,MI00004771,5,Negozi,OTTIMO, ,4400,6700,L,2024-1
NORD-OVEST,LOMBARDIA,MI,3015146,C1AA, ,F205,MILANO,B,B21,MI00004771,5,Negozi,NORMALE,P,3000,4300,L,2024-1
NORD-OVEST,LOMBARDIA,MI,3015146,C1AA, ,F205,MILANO,B,B21,MI00004771,6,Uffici,OTTIMO,P,3000,4700,L,2024-1
NORD-OVEST,LOMBARDIA,MI,3015146,C1AA, ,F205,MILANO,B,B21,MI00004771,18,Uffici strutturati,OTTIMO,P,3400,5300,L,2024-1
NORD-OVEST,LOMBARDIA,MI,3015146,C1AA, ,F205,MILANO,B,B21,MI00004771,10,Laboratori,NORMALE,P,1150,1600,L,2024-1
NORD-OVEST,LOMBARDIA,MI,3015146,C1AA, ,F205,MILANO,C,C12,MI00000307,20,Abitazioni civili,OTTIMO, ,7100,9000,L,2024-1
NORD-OVEST,LOMBARDIA,MI,3015146,C1AA, ,F205,MILANO,C,C12,MI00000307,20,Abitazioni civili,NORMALE,P,5000,7000,L,2024-1
NORD-OVEST,LOMBARDIA,MI,3015146,C1AA, ,F205,MILANO,C,C12,MI00000307,21,Abitazioni di tipo economico,OTTIMO, ,5100,6300,L,2024-1
NORD-OVEST,LOMBARDIA,MI,3015146,C1AA, ,F205,MILANO,C,C12,MI00000307,21,Abitazioni di tipo economico,NORMALE,P,3300,5000,L,2024-1
NORD-OVEST,LOMBARDIA,MI,3015146,C1AA, ,F205,MILANO,C,C12,MI00000307,13,Box,NORMALE,P,2600,3800,L,2024-1
NORD-OVEST,LOMBARDIA,MI,3015146,C1AA, ,F205,MILANO,C,C12,MI00000307,9,Magazzini,NORMALE,P,800,1200,L,2024-1
NORD-OVEST,LOMBARDIA,MI,3015146,C1AA, ,F205,MILANO,C,C12,MI00000307,5,Negozi,OTTIMO,P,5100,8300,L,2024-1
NORD-OVEST,LOMBARDIA,MI,3015146,C1AA, ,F205,MILANO,C,C12,MI00000307,5,Negozi,NORMALE, ,3400,5000,L,2024-1
NORD-OVEST,LOMBARDIA,MI,3015146,C1AA, ,F205,MILANO,C,C12,MI00000307,6,Uffici,OTTIMO,P,4300,5800,L,2024-1
NORD-OVEST,LOMBARDIA,MI,3015146,C1AA, ,F205,MILANO,C,C12,MI00000307,18,Uffici strutturati,OTTIMO,P,4400,6100,L,2024-1
NORD-OVEST,LOMBARDIA,MI,3015146,C1AA, ,F205,MILANO,C,C12,MI00000307,8,Capannoni industriali,NORMALE,P,1000,1400,L,2024-1
NORD-OVEST,LOMBARDIA,MI,3015146,C1AA, ,F205,MILANO,C,C12,MI00000307,7,Capannoni tipici,NORMALE,P,1050,1500,L,2024-1
NORD-OVEST,LOMBARDIA,MI,3015146,C1AA, ,F205,MILANO,C,C12,MI00000307,10,Laboratori,NORMALE,P,1600,2300,L,2024-1
NORD-OVEST,LOMBARDIA,MI,3015146,C1AA, ,F205,MILANO,C,C13,MI00003667,20,Abitazioni civili,OTTIMO,P,9900,12500,L,2024-1
NORD-OVEST,LOMBARDIA,MI,3015146,C1AA, ,F205,MILANO,C,C13,MI00003667,19,Abitazioni signorili,OTTIMO,P,9600,12600,L,2024-1
NORD-OVEST,LOMBARDIA,MI,3015146,C1AA, ,F205,MILANO,C,C13,MI00003667,13,Box,NORMALE,P,2700,3700,L,2024-1
NORD-OVEST,LOMBARDIA,MI,3015146,C1AA, ,F205,MILANO,C,C14,MI00003668,20,Abitazioni civili,NORMALE, ,4100,6000,L,2024-1
NORD-OVEST,LOMBARDIA,MI,3015146,C1AA, ,F205,MILANO,C,C14,MI00003668,20,Abitazioni civili,OTTIMO,P,9800,14500,L,2024-1
NORD-OVEST,LOMBARDIA,MI,3015146,C1AA, ,F205,MILANO,C,C14,MI00003668,19,Abitazioni signorili,OTTIMO,P,10500,16100,L,2024-1
NORD-OVEST,LOMBARDIA,MI,3015146,C1AA, ,F205,MILANO,C,C14,MI00003668,13,Box,NORMALE,P,2200,3300,L,2024-1
NORD-OVEST,LOMBARDIA,MI,3015146,C1AA, ,F205,MILANO,C,C14,MI00003668,18,Uffici strutturati,OTTIMO,P,6400,7800,L,2024-1
NORD-OVEST,LOMBARDIA,MI,3015146,C1AA, ,F205,MILANO,C,C15,MI00003669,20,Abitazioni civili,OTTIMO, ,5400,7000,L,2024-1
NORD-OVEST,LOMBARDIA,MI,3015146,C1AA, ,F205,MILANO,C,C15,MI00003669,20,Abitazioni civili,NORMALE,P,3600,5300,L,2024-1
NORD-OVEST,LOMBARDIA,MI,3015146,C1AA, ,F205,MILANO,C,C15,MI00003669,21,Abitazioni di tipo economico,OTTIMO, ,3500,4300,L,2024-1
NORD-OVEST,LOMBARDIA,MI,3015146,C1AA, ,F205,MILANO,C,C15,MI00003669,21,Abitazioni di tipo economico,NORMALE,P,3000,3400,L,2024-1
NORD-OVEST,LOMBARDIA,MI,3015146,C1AA, ,F205,MILANO,C,C15,MI00003669,13,Box,NORMALE,P,1700,2600,L,2024-1
NORD-OVEST,LOMBARDIA,MI,3015146,C1AA, ,F205,MILANO,C,C15,MI00003669,1,Ville e Villini,NORMALE,P,3300,5000,L,2024-1
NORD-OVEST,LOMBARDIA,MI,3015146,C1AA, ,F205,MILANO,C,C15,MI00003669,1,Ville e Villini,OTTIMO, ,5100,6000,L,2024-1
NORD-OVEST,LOMBARDIA,MI,3015146,C1AA, ,F205,MILANO,C,C15,MI00003669,9,Magazzini,NORMALE,P,800,1100,L,2024-1
NORD-OVEST,LOMBARDIA,MI,3015146,C1AA, ,F205,MILANO,C,C15,MI00003669,5,Negozi,OTTIMO, ,2850,4800,L,2024-1
NORD-OVEST,LOMBARDIA,MI,3015146,C1AA, ,F205,MILANO,C,C15,MI00003669,5,Negozi,NORMALE,P,1950,2800,L,2024-1
NORD-OVEST,LOMBARDIA,MI,3015146,C1AA, ,F205,MILANO,C,C15,MI00003669,6,Uffici,OTTIMO,P,2700,4300,L,2024-1
NORD-OVEST,LOMBARDIA,MI,3015146,C1AA, ,F205,MILANO,C,C15,MI00003669,18,Uffici strutturati,OTTIMO,P,3500,4900,L,2024-1
NORD-OVEST,LOMBARDIA,MI,3015146,C1AA, ,F205,MILANO,C,C15,MI00003669,8,Capannoni industriali,NORMALE,P,950,1300,L,2024-1
NORD-OVEST,LOMBARDIA,MI,3015146,C1AA, ,F205,MILANO,C,C15,MI00003669,7,Capannoni tipici,NORMALE,P,950,1350,L,2024-1
NORD-OVEST,LOMBARDIA,MI,3015146,C1AA, ,F205,MILANO,C,C15,MI00003669,10,Laboratori,NORMALE,P,1000,1400,L,2024-1
NORD-OVEST,LOMBARDIA,MI,3015146,C1AA, ,F205,MILANO,C,C16,MI00004772,20,Abitazioni civili,OTTIMO, ,5500,8200,L,2024-1
NORD-OVEST,LOMBARDIA,MI,3015146,C1AA, ,F205,MILANO,C,C16,MI00004772,20,Abitazioni civili,NORMALE,P,4000,5400,L,2024-1
NORD-OVEST,LOMBARDIA,MI,3015146,C1AA, ,F205,MILANO,C,C16,MI00004772,21,Abitazioni di tipo economico,OTTIMO, ,3700,4500,L,2024-1
NORD-OVEST,LOMBARDIA,MI,3015146,C1AA, ,F205,MILANO,C,C16,MI00004772,21,Abitazioni di tipo economico,NORMALE,P,3000,3600,L,2024-1
NORD-OVEST,LOMBARDIA,MI,3015146,C1AA, ,F205,MILANO,C,C16,MI00004772,13,Box,NORMALE,P,2000,3200,L,2024-1
NORD-OVEST,LOMBARDIA,MI,3015146,C1AA, ,F205,MILANO,C,C16,MI00004772,9,Magazzini,NORMALE,P,650,1000,L,2024-1
NORD-OVEST,LOMBARDIA,MI,3015146,C1AA, ,F205,MILANO,C,C16,MI00004772,5,Negozi,OTTIMO, ,4300,6200,L,2024-1
NORD-OVEST,LOMBARDIA,MI,3015146,C1AA, ,F205,MILANO,C,C16,MI00004772,5,Negozi,NORMALE,P,2100,4200,L,2024-1
NORD-OVEST,LOMBARDIA,MI,3015146,C1AA, ,F205,MILANO,C,C16,MI00004772,6,Uffici,OTTIMO,P,2500,4100,L,2024-1
NORD-OVEST,LOMBARDIA,MI,3015146,C1AA, ,F205,MILANO,C,C16,MI00004772,18,Uffici strutturati,OTTIMO,P,2900,4600,L,2024-1
NORD-OVEST,LOMBARDIA,MI,3015146,C1AA, ,F205,MILANO,C,C16,MI00004772,8,Capannoni industriali,NORMALE,P,900,1200,L,2024-1
NORD-OVEST,LOMBARDIA,MI,3015146,C1AA, ,F205,MILANO,C,C16,MI00004772,7,Capannoni tipici,NORMALE,P,950,1250,L,2024-1
NORD-OVEST,LOMBARDIA,MI,3015146,C1AA, ,F205,MILANO,C,C16,MI00004772,10,Laboratori,NORMALE,P,1200,1800,L,2024-1
NORD-OVEST,LOMBARDIA,MI,3015146,C1AA, ,F205,MILANO,C,C17,MI00004773,20,Abitazioni civili,OTTIMO, ,6400,9000,L,2024-1
NORD-OVEST,LOMBARDIA,MI,3015146,C1AA, ,F205,MILANO,C,C17,MI00004773,20,Abitazioni civili,NORMALE,P,4800,6300,L,2024-1
NORD-OVEST,LOMBARDIA,MI,3015146,C1AA, ,F205,MILANO,C,C17,MI00004773,21,Abitazioni di tipo economico,OTTIMO, ,5000,5500,L,2024-1
NORD-OVEST,LOMBARDIA,MI,3015146,C1AA, ,F205,MILANO,C,C17,MI00004773,21,Abitazioni di tipo economico,NORMALE,P,3500,4900,L,2024-1
NORD-OVEST,LOMBARDIA,MI,3015146,C1AA, ,F205,MILANO,C,C17,MI00004773,19,Abitazioni signorili,OTTIMO,P,8500,11000,L,2024-1
NORD-OVEST,LOMBARDIA,MI,3015146,C1AA, ,F205,MILANO,C,C17,MI00004773,13,Box,NORMALE,P,2400,3700,L,2024-1
NORD-OVEST,LOMBARDIA,MI,3015146,C1AA, ,F205,MILANO,C,C17,MI00004773,1,Ville e Villini,OTTIMO,P,5700,7800,L,2024-1
NORD-OVEST,LOMBARDIA,MI,3015146,C1AA, ,F205,MILANO,C,C17,MI00004773,9,Magazzini,NORMALE,P,650,1050,L,2024-1
NORD-OVEST,LOMBARDIA,MI,3015146,C1AA, ,F205,MILANO,C,C17,MI00004773,5,Negozi,OTTIMO, ,4600,6500,L,2024-1
NORD-OVEST,LOMBARDIA,MI,3015146,C1AA, ,F205,MILANO,C,C17,MI00004773,5,Negozi,NORMALE,P,3000,4500,L,2024-1
NORD-OVEST,LOMBARDIA,MI,3015146,C1AA, ,F205,MILANO,C,C17,MI00004773,6,Uffici,OTTIMO,P,3500,5200,L,2024-1
NORD-OVEST,LOMBARDIA,MI,3015146,C1AA, ,F205,MILANO,C,C17,MI00004773,18,Uffici strutturati,OTTIMO,P,3800,5700,L,2024-1
NORD-OVEST,LOMBARDIA,MI,3015146,C1AA, ,F205,MILANO,C,C17,MI00004773,8,Capannoni industriali,NORMALE,P,900,1050,L,2024-1
NORD-OVEST,LOMBARDIA,MI,3015146,C1AA, ,F205,MILANO,C,C17,MI00004773,7,Capannoni tipici,NORMALE,P,1000,1200,L,2024-1
NORD-OVEST,LOMBARDIA,MI,3015146,C1AA, ,F205,MILANO,C,C17,MI00004773,10,Laboratori,NORMALE,P,950,1400,L,2024-1
NORD-OVEST,LOMBARDIA,MI,3015146,C1AA, ,F205,MILANO,C,C18,MI00004774,20,Abitazioni civili,OTTIMO, ,5600,8000,L,2024-1
NORD-OVEST,LOMBARDIA,MI,3015146,C1AA, ,F205,MILANO,C,C18,MI00004774,20,Abitazioni civili,NORMALE,P,4200,5500,L,2024-1
NORD-OVEST,LOMBARDIA,MI,3015146,C1AA, ,F205,MILANO,C,C18,MI00004774,21,Abitazioni di tipo economico,OTTIMO, ,4300,4900,L,2024-1
NORD-OVEST,LOMBARDIA,MI,3015146,C1AA, ,F205,MILANO,C,C18,MI00004774,21,Abitazioni di tipo economico,NORMALE,P,3300,4200,L,2024-1
NORD-OVEST,LOMBARDIA,MI,3015146,C1AA, ,F205,MILANO,C,C18,MI00004774,13,Box,NORMALE,P,2000,3200,L,2024-1
NORD-OVEST,LOMBARDIA,MI,3015146,C1AA, ,F205,MILANO,C,C18,MI00004774,9,Magazzini,NORMALE,P,700,1100,L,2024-1
NORD-OVEST,LOMBARDIA,MI,3015146,C1AA, ,F205,MILANO,C,C18,MI00004774,5,Negozi,OTTIMO,P,3800,5400,L,2024-1
NORD-OVEST,LOMBARDIA,MI,3015146,C1AA, ,F205,MILANO,C,C18,MI00004774,5,Negozi,NORMALE, ,2500,3700,L,2024-1
NORD-OVEST,LOMBARDIA,MI,3015146,C1AA, ,F205,MILANO,C,C18,MI00004774,6,Uffici,OTTIMO,P,2350,3700,L,2024-1
NORD-OVEST,LOMBARDIA,MI,3015146,C1AA, ,F205,MILANO,C,C18,MI00004774,18,Uffici strutturati,OTTIMO,P,2650,4000,L,2024-1
NORD-OVEST,LOMBARDIA,MI,3015146,C1AA, ,F205,MILANO,C,C18,MI00004774,8,Capannoni industriali,NORMALE,P,700,900,L,2024-1
NORD-OVEST,LOMBARDIA,MI,3015146,C1AA, ,F205,MILANO,C,C18,MI00004774,7,Capannoni tipici,NORMALE,P,800,1000,L,2024-1
NORD-OVEST,LOMBARDIA,MI,3015146,C1AA, ,F205,MILANO,C,C18,MI00004774,10,Laboratori,NORMALE,P,900,1400,L,2024-1
NORD-OVEST,LOMBARDIA,MI,3015146,C1AA, ,F205,MILANO,C,C19,MI00004775,20,Abitazioni civili,OTTIMO, ,5500,7000,L,2024-1
NORD-OVEST,LOMBARDIA,MI,3015146,C1AA, ,F205,MILANO,C,C19,MI00004775,20,Abitazioni civili,NORMALE,P,4000,5400,L,2024-1
NORD-OVEST,LOMBARDIA,MI,3015146,C1AA, ,F205,MILANO,C,C19,MI00004775,21,Abitazioni di tipo economico,OTTIMO, ,3900,4600,L,2024-1
NORD-OVEST,LOMBARDIA,MI,3015146,C1AA, ,F205,MILANO,C,C19,MI00004775,21,Abitazioni di tipo economico,NORMALE,P,3100,3900,L,2024-1
NORD-OVEST,LOMBARDIA,MI,3015146,C1AA, ,F205,MILANO,C,C19,MI00004775,13,Box,NORMALE,P,1600,2800,L,2024-1
NORD-OVEST,LOMBARDIA,MI,3015146,C1AA, ,F205,MILANO,C,C19,MI00004775,9,Magazzini,NORMALE,P,650,1000,L,2024-1
NORD-OVEST,LOMBARDIA,MI,3015146,C1AA, ,F205,MILANO,C,C19,MI00004775,5,Negozi,OTTIMO, ,3400,4600,L,2024-1
NORD-OVEST,LOMBARDIA,MI,3015146,C1AA, ,F205,MILANO,C,C19,MI00004775,5,Negozi,NORMALE,P,2600,3300,L,2024-1
NORD-OVEST,LOMBARDIA,MI,3015146,C1AA, ,F205,MILANO,C,C19,MI00004775,6,Uffici,OTTIMO,P,2500,3300,L,2024-1
NORD-OVEST,LOMBARDIA,MI,3015146,C1AA, ,F205,MILANO,C,C19,MI00004775,18,Uffici strutturati,OTTIMO,P,2600,3600,L,2024-1
NORD-OVEST,LOMBARDIA,MI,3015146,C1AA, ,F205,MILANO,C,C19,MI00004775,8,Capannoni industriali,NORMALE,P,800,1000,L,2024-1
NORD-OVEST,LOMBARDIA,MI,3015146,C1AA, ,F205,MILANO,C,C19,MI00004775,7,Capannoni tipici,NORMALE,P,800,1100,L,2024-1
NORD-OVEST,LOMBARDIA,MI,3015146,C1AA, ,F205,MILANO,C,C19,MI00004775,10,Laboratori,NORMALE,P,850,1450,L,2024-1
NORD-OVEST,LOMBARDIA,MI,3015146,C1AA, ,F205,MILANO,C,C20,MI00004776,20,Abitazioni civili,OTTIMO, ,6300,8700,L,2024-1
NORD-OVEST,LOMBARDIA,MI,3015146,C1AA, ,F205,MILANO,C,C20,MI00004776,20,Abitazioni civili,NORMALE,P,4200,6200,L,2024-1
NORD-OVEST,LOMBARDIA,MI,3015146,C1AA, ,F205,MILANO,C,C20,MI00004776,21,Abitazioni di tipo economico,OTTIMO, ,4100,5200,L,2024-1
NORD-OVEST,LOMBARDIA,MI,3015146,C1AA, ,F205,MILANO,C,C20,MI00004776,21,Abitazioni di tipo economico,NORMALE,P,3200,4000,L,2024-1
NORD-OVEST,LOMBARDIA,MI,3015146,C1AA, ,F205,MILANO,C,C20,MI00004776,13,Box,NORMALE,P,2100,3500,L,2024-1
NORD-OVEST,LOMBARDIA,MI,3015146,C1AA, ,F205,MILANO,C,C20,MI00004776,9,Magazzini,NORMALE,P,750,1100,L,2024-1
NORD-OVEST,LOMBARDIA,MI,3015146,C1AA, ,F205,MILANO,C,C20,MI00004776,5,Negozi,OTTIMO, ,3700,5500,L,2024-1
NORD-OVEST,LOMBARDIA,MI,3015146,C1AA, ,F205,MILANO,C,C20,MI00004776,5,Negozi,NORMALE,P,2600,3600,L,2024-1
NORD-OVEST,LOMBARDIA,MI,3015146,C1AA, ,F205,MILANO,C,C20,MI00004776,6,Uffici,OTTIMO,P,3000,4900,L,2024-1
NORD-OVEST,LOMBARDIA,MI,3015146,C1AA, ,F205,MILANO,C,C20,MI00004776,18,Uffici strutturati,OTTIMO,P,3500,5500,L,2024-1
NORD-OVEST,LOMBARDIA,MI,3015146,C1AA, ,F205,MILANO,C,C20,MI00004776,8,Capannoni industriali,NORMALE,P,850,1050,L,2024-1
NORD-OVEST,LOMBARDIA,MI,3015146,C1AA, ,F205,MILANO,C,C20,MI00004776,7,Capannoni tipici,NORMALE,P,950,1200,L,2024-1
NORD-OVEST,LOMBARDIA,MI,3015146,C1AA, ,F205,MILANO,C,C20,MI00004776,10,Laboratori,NORMALE,P,1000,1400,L,2024-1
NORD-OVEST,LOMBARDIA,MI,3015146,C1AA, ,F205,MILANO,D,D10,MI00000317,20,Abitazioni civili,OTTIMO, ,3900,4600,L,2024-1
NORD-OVEST,LOMBARDIA,MI,3015146,C1AA, ,F205,MILANO,D,D10,MI00000317,20,Abitazioni civili,NORMALE,P,2450,3800,L,2024-1
NORD-OVEST,LOMBARDIA,MI,3015146,C1AA, ,F205,MILANO,D,D10,MI00000317,21,Abitazioni di tipo economico,OTTIMO, ,2550,3000,L,2024-1
NORD-OVEST,LOMBARDIA,MI,3015146,C1AA, ,F205,MILANO,D,D10,MI00000317,21,Abitazioni di tipo economico,NORMALE,P,2000,2500,L,2024-1
NORD-OVEST,LOMBARDIA,MI,3015146,C1AA, ,F205,MILANO,D,D10,MI00000317,13,Box,NORMALE,P,1300,2200,L,2024-1
NORD-OVEST,LOMBARDIA,MI,3015146,C1AA, ,F205,MILANO,D,D10,MI00000317,9,Magazzini,NORMALE,P,550,850,L,2024-1
NORD-OVEST,LOMBARDIA,MI,3015146,C1AA, ,F205,MILANO,D,D10,MI00000317,5,Negozi,NORMALE,P,1700,2550,L,2024-1
NORD-OVEST,LOMBARDIA,MI,3015146,C1AA, ,F205,MILANO,D,D10,MI00000317,6,Uffici,OTTIMO,P,1500,2550,L,2024-1
NORD-OVEST,LOMBARDIA,MI,3015146,C1AA, ,F205,MILANO,D,D10,MI00000317,18,Uffici strutturati,OTTIMO,P,1850,2900,L,2024-1
NORD-OVEST,LOMBARDIA,MI,3015146,C1AA, ,F205,MILANO,D,D10,MI00000317,8,Capannoni industriali,OTTIMO,P,700,1100,L,2024-1
NORD-OVEST,LOMBARDIA,MI,3015146,C1AA, ,F205,MILANO,D,D10,MI00000317,7,Capannoni tipici,OTTIMO,P,750,1200,L,2024-1
NORD-OVEST,LOMBARDIA,MI,3015146,C1AA, ,F205,MILANO,D,D10,MI00000317,10,Laboratori,NORMALE,P,650,1100,L,2024-1
NORD-OVEST,LOMBARDIA,MI,3015146,C1AA, ,F205,MILANO,D,D12,MI00000319,20,Abitazioni civili,OTTIMO, ,5500,7500,L,2024-1
NORD-OVEST,LOMBARDIA,MI,3015146,C1AA, ,F205,MILANO,D,D12,MI00000319,20,Abitazioni civili,NORMALE,P,3200,5500,L,2024-1
NORD-OVEST,LOMBARDIA,MI,3015146,C1AA, ,F205,MILANO,D,D12,MI00000319,21,Abitazioni di tipo economico,OTTIMO, ,3100,3700,L,2024-1
NORD-OVEST,LOMBARDIA,MI,3015146,C1AA, ,F205,MILANO,D,D12,MI00000319,21,Abitazioni di tipo economico,NORMALE,P,2600,3000,L,2024-1
NORD-OVEST,LOMBARDIA,MI,3015146,C1AA, ,F205,MILANO,D,D12,MI00000319,13,Box,NORMALE,P,1950,3200,L,2024-1
NORD-OVEST,LOMBARDIA,MI,3015146,C1AA, ,F205,MILANO,D,D12,MI00000319,1,Ville e Villini,NORMALE,P,3000,4800,L,2024-1
NORD-OVEST,LOMBARDIA,MI,3015146,C1AA, ,F205,MILANO,D,D12,MI00000319,1,Ville e Villini,OTTIMO, ,4900,6700,L,2024-1
NORD-OVEST,LOMBARDIA,MI,3015146,C1AA, ,F205,MILANO,D,D12,MI00000319,9,Magazzini,NORMALE,P,800,1100,L,2024-1
NORD-OVEST,LOMBARDIA,MI,3015146,C1AA, ,F205,MILANO,D,D12,MI00000319,5,Negozi,OTTIMO, ,3200,5000,L,2024-1
NORD-OVEST,LOMBARDIA,MI,3015146,C1AA, ,F205,MILANO,D,D12,MI00000319,5,Negozi,NORMALE,P,2400,3100,L,2024-1
NORD-OVEST,LOMBARDIA,MI,3015146,C1AA, ,F205,MILANO,D,D12,MI00000319,6,Uffici,OTTIMO,P,2100,3600,L,2024-1
NORD-OVEST,LOMBARDIA,MI,3015146,C1AA, ,F205,MILANO,D,D12,MI00000319,18,Uffici strutturati,OTTIMO,P,2400,4000,L,2024-1
NORD-OVEST,LOMBARDIA,MI,3015146,C1AA, ,F205,MILANO,D,D12,MI00000319,8,Capannoni industriali,OTTIMO,P,800,1000,L,2024-1
NORD-OVEST,LOMBARDIA,MI,3015146,C1AA, ,F205,MILANO,D,D12,MI00000319,7,Capannoni tipici,OTTIMO,P,800,1100,L,2024-1
NORD-OVEST,LOMBARDIA,MI,3015146,C1AA, ,F205,MILANO,D,D12,MI00000319,10,Laboratori,NORMALE,P,700,1600,L,2024-1
NORD-OVEST,LOMBARDIA,MI,3015146,C1AA, ,F205,MILANO,D,D13,MI00000320,20,Abitazioni civili,OTTIMO, ,3800,4600,L,2024-1
NORD-OVEST,LOMBARDIA,MI,3015146,C1AA, ,F205,MILANO,D,D13,MI00000320,20,Abitazioni civili,NORMALE,P,2600,3700,L,2024-1
NORD-OVEST,LOMBARDIA,MI,3015146,C1AA, ,F205,MILANO,D,D13,MI00000320,21,Abitazioni di tipo economico,OTTIMO, ,2750,3100,L,2024-1
NORD-OVEST,LOMBARDIA,MI,3015146,C1AA, ,F205,MILANO,D,D13,MI00000320,21,Abitazioni di tipo economico,NORMALE,P,2200,2700,L,2024-1
NORD-OVEST,LOMBARDIA,MI,3015146,C1AA, ,F205,MILANO,D,D13,MI00000320,13,Box,NORMALE,P,1450,2100,L,2024-1
NORD-OVEST,LOMBARDIA,MI,3015146,C1AA, ,F205,MILANO,D,D13,MI00000320,9,Magazzini,NORMALE,P,400,900,L,2024-1
NORD-OVEST,LOMBARDIA,MI,3015146,C1AA, ,F205,MILANO,D,D13,MI00000320,5,Negozi,NORMALE,P,1400,2500,L,2024-1
NORD-OVEST,LOMBARDIA,MI,3015146,C1AA, ,F205,MILANO,D,D13,MI00000320,6,Uffici,OTTIMO,P,1900,2600,L,2024-1
NORD-OVEST,LOMBARDIA,MI,3015146,C1AA, ,F205,MILANO,D,D13,MI00000320,18,Uffici strutturati,OTTIMO,P,2100,2900,L,2024-1
NORD-OVEST,LOMBARDIA,MI,3015146,C1AA, ,F205,MILANO,D,D13,MI00000320,8,Capannoni industriali,OTTIMO,P,750,1050,L,2024-1
NORD-OVEST,LOMBARDIA,MI,3015146,C1AA, ,F205,MILANO,D,D13,MI00000320,7,Capannoni tipici,OTTIMO,P,800,1150,L,2024-1
NORD-OVEST,LOMBARDIA,MI,3015146,C1AA, ,F205,MILANO,D,D13,MI00000320,10,Laboratori,NORMALE,P,700,1000,L,2024-1
NORD-OVEST,LOMBARDIA,MI,3015146,C1AA, ,F205,MILANO,D,D15,MI00000322,20,Abitazioni civili,OTTIMO, ,3700,4500,L,2024-1
NORD-OVEST,LOMBARDIA,MI,3015146,C1AA, ,F205,MILANO,D,D15,MI00000322,20,Abitazioni civili,NORMALE,P,2300,3600,L,2024-1
NORD-OVEST,LOMBARDIA,MI,3015146,C1AA, ,F205,MILANO,D,D15,MI00000322,21,Abitazioni di tipo economico,OTTIMO, ,2350,2800,L,2024-1
NORD-OVEST,LOMBARDIA,MI,3015146,C1AA, ,F205,MILANO,D,D15,MI00000322,21,Abitazioni di tipo economico,NORMALE,P,1700,2300,L,2024-1
NORD-OVEST,LOMBARDIA,MI,3015146,C1AA, ,F205,MILANO,D,D15,MI00000322,13,Box,NORMALE,P,1350,2000,L,2024-1
NORD-OVEST,LOMBARDIA,MI,3015146,C1AA, ,F205,MILANO,D,D15,MI00000322,9,Magazzini,NORMALE,P,500,750,L,2024-1
NORD-OVEST,LOMBARDIA,MI,3015146,C1AA, ,F205,MILANO,D,D15,MI00000322,5,Negozi,NORMALE,P,1300,2400,L,2024-1
NORD-OVEST,LOMBARDIA,MI,3015146,C1AA, ,F205,MILANO,D,D15,MI00000322,6,Uffici,OTTIMO,P,1600,2500,L,2024-1
NORD-OVEST,LOMBARDIA,MI,3015146,C1AA, ,F205,MILANO,D,D15,MI00000322,18,Uffici strutturati,OTTIMO,P,1950,2950,L,2024-1
NORD-OVEST,LOMBARDIA,MI,3015146,C1AA, ,F205,MILANO,D,D15,MI00000322,8,Capannoni industriali,OTTIMO,P,750,1100,L,2024-1
NORD-OVEST,LOMBARDIA,MI,3015146,C1AA, ,F205,MILANO,D,D15,MI00000322,7,Capannoni tipici,OTTIMO,P,800,1200,L,2024-1
NORD-OVEST,LOMBARDIA,MI,3015146,C1AA, ,F205,MILANO,D,D15,MI00000322,10,Laboratori,NORMALE,P,800,1200,L,2024-1
NORD-OVEST,LOMBARDIA,MI,3015146,C1AA, ,F205,MILANO,D,D16,MI00000323,20,Abitazioni civili,OTTIMO, ,4400,6300,L,2024-1
NORD-OVEST,LOMBARDIA,MI,3015146,C1AA, ,F205,MILANO,D,D16,MI00000323,20,Abitazioni civili,NORMALE,P,2900,4300,L,2024-1
NORD-OVEST,LOMBARDIA,MI,3015146,C1AA, ,F205,MILANO,D,D16,MI00000323,21,Abitazioni di tipo economico,OTTIMO, ,3500,3800,L,2024-1
NORD-OVEST,LOMBARDIA,MI,3015146,C1AA, ,F205,MILANO,D,D16,MI00000323,21,Abitazioni di tipo economico,NORMALE,P,2400,3400,L,2024-1
NORD-OVEST,LOMBARDIA,MI,3015146,C1AA, ,F205,MILANO,D,D16,MI00000323,13,Box,NORMALE,P,1600,2600,L,2024-1
NORD-OVEST,LOMBARDIA,MI,3015146,C1AA, ,F205,MILANO,D,D16,MI00000323,9,Magazzini,NORMALE,P,550,1000,L,2024-1
NORD-OVEST,LOMBARDIA,MI,3015146,C1AA, ,F205,MILANO,D,D16,MI00000323,5,Negozi,NORMALE,P,2100,4000,L,2024-1
NORD-OVEST,LOMBARDIA,MI,3015146,C1AA, ,F205,MILANO,D,D16,MI00000323,6,Uffici,OTTIMO,P,1800,2700,L,2024-1
NORD-OVEST,LOMBARDIA,MI,3015146,C1AA, ,F205,MILANO,D,D16,MI00000323,18,Uffici strutturati,OTTIMO,P,2200,3600,L,2024-1
NORD-OVEST,LOMBARDIA,MI,3015146,C1AA, ,F205,MILANO,D,D16,MI00000323,8,Capannoni industriali,OTTIMO,P,800,1200,L,2024-1
NORD-OVEST,LOMBARDIA,MI,3015146,C1AA, ,F205,MILANO,D,D16,MI00000323,7,Capannoni tipici,OTTIMO,P,800,1200,L,2024-1
NORD-OVEST,LOMBARDIA,MI,3015146,C1AA, ,F205,MILANO,D,D16,MI00000323,10,Laboratori,NORMALE,P,800,1300,L,2024-1
NORD-OVEST,LOMBARDIA,MI,3015146,C1AA, ,F205,MILANO,D,D18,MI00000325,20,Abitazioni civili,OTTIMO, ,3600,5100,L,2024-1
NORD-OVEST,LOMBARDIA,MI,3015146,C1AA, ,F205,MILANO,D,D18,MI00000325,20,Abitazioni civili,NORMALE,P,2350,3500,L,2024-1
NORD-OVEST,LOMBARDIA,MI,3015146,C1AA, ,F205,MILANO,D,D18,MI00000325,21,Abitazioni di tipo economico,OTTIMO, ,2600,3100,L,2024-1
NORD-OVEST,LOMBARDIA,MI,3015146,C1AA, ,F205,MILANO,D,D18,MI00000325,21,Abitazioni di tipo economico,NORMALE,P,2150,2500,L,2024-1
NORD-OVEST,LOMBARDIA,MI,3015146,C1AA, ,F205,MILANO,D,D18,MI00000325,13,Box,NORMALE,P,1300,2300,L,2024-1
NORD-OVEST,LOMBARDIA,MI,3015146,C1AA, ,F205,MILANO,D,D18,MI00000325,9,Magazzini,NORMALE,P,450,850,L,2024-1
NORD-OVEST,LOMBARDIA,MI,3015146,C1AA, ,F205,MILANO,D,D18,MI00000325,5,Negozi,NORMALE,P,1450,2400,L,2024-1
NORD-OVEST,LOMBARDIA,MI,3015146,C1AA, ,F205,MILANO,D,D18,MI00000325,6,Uffici,OTTIMO,P,1800,2600,L,2024-1
NORD-OVEST,LOMBARDIA,MI,3015146,C1AA, ,F205,MILANO,D,D18,MI00000325,18,Uffici strutturati,OTTIMO,P,2100,3100,L,2024-1
NORD-OVEST,LOMBARDIA,MI,3015146,C1AA, ,F205,MILANO,D,D18,MI00000325,8,Capannoni industriali,OTTIMO,P,800,1100,L,2024-1
NORD-OVEST,LOMBARDIA,MI,3015146,C1AA, ,F205,MILANO,D,D18,MI00000325,7,Capannoni tipici,OTTIMO,P,850,1150,L,2024-1
NORD-OVEST,LOMBARDIA,MI,3015146,C1AA, ,F205,MILANO,D,D18,MI00000325,10,Laboratori,NORMALE,P,800,1250,L,2024-1
NORD-OVEST,LOMBARDIA,MI,3015146,C1AA, ,F205,MILANO,D,D20,MI00000327,20,Abitazioni civili,OTTIMO, ,4200,5600,L,2024-1
NORD-OVEST,LOMBARDIA,MI,3015146,C1AA, ,F205,MILANO,D,D20,MI00000327,20,Abitazioni civili,NORMALE,P,2900,4100,L,2024-1
NORD-OVEST,LOMBARDIA,MI,3015146,C1AA, ,F205,MILANO,D,D20,MI00000327,21,Abitazioni di tipo economico,OTTIMO, ,2850,3300,L,2024-1
NORD-OVEST,LOMBARDIA,MI,3015146,C1AA, ,F205,MILANO,D,D20,MI00000327,21,Abitazioni di tipo economico,NORMALE,P,2500,2800,L,2024-1
NORD-OVEST,LOMBARDIA,MI,3015146,C1AA, ,F205,MILANO,D,D20,MI00000327,13,Box,NORMALE,P,1300,2200,L,2024-1
NORD-OVEST,LOMBARDIA,MI,3015146,C1AA, ,F205,MILANO,D,D20,MI00000327,9,Magazzini,NORMALE,P,600,1000,L,2024-1
NORD-OVEST,LOMBARDIA,MI,3015146,C1AA, ,F205,MILANO,D,D20,MI00000327,5,Negozi,OTTIMO, ,2200,3100,L,2024-1
NORD-OVEST,LOMBARDIA,MI,3015146,C1AA, ,F205,MILANO,D,D20,MI00000327,5,Negozi,NORMALE,P,1500,2100,L,2024-1
NORD-OVEST,LOMBARDIA,MI,3015146,C1AA, ,F205,MILANO,D,D20,MI00000327,6,Uffici,OTTIMO,P,1750,2700,L,2024-1
NORD-OVEST,LOMBARDIA,MI,3015146,C1AA, ,F205,MILANO,D,D20,MI00000327,18,Uffici strutturati,OTTIMO,P,2200,3200,L,2024-1
NORD-OVEST,LOMBARDIA,MI,3015146,C1AA, ,F205,MILANO,D,D20,MI00000327,8,Capannoni industriali,OTTIMO,P,800,1100,L,2024-1
NORD-OVEST,LOMBARDIA,MI,3015146,C1AA, ,F205,MILANO,D,D20,MI00000327,7,Capannoni tipici,OTTIMO,P,800,1200,L,2024-1
NORD-OVEST,LOMBARDIA,MI,3015146,C1AA, ,F205,MILANO,D,D20,MI00000327,10,Laboratori,NORMALE,P,800,1200,L,2024-1
NORD-OVEST,LOMBARDIA,MI,3015146,C1AA, ,F205,MILANO,D,D21,MI00000328,20,Abitazioni civili,OTTIMO, ,3900,5000,L,2024-1
NORD-OVEST,LOMBARDIA,MI,3015146,C1AA, ,F205,MILANO,D,D21,MI00000328,20,Abitazioni civili,NORMALE,P,2500,3800,L,2024-1
NORD-OVEST,LOMBARDIA,MI,3015146,C1AA, ,F205,MILANO,D,D21,MI00000328,21,Abitazioni di tipo economico,OTTIMO, ,2650,3100,L,2024-1
NORD-OVEST,LOMBARDIA,MI,3015146,C1AA, ,F205,MILANO,D,D21,MI00000328,21,Abitazioni di tipo economico,NORMALE,P,2000,2600,L,2024-1
NORD-OVEST,LOMBARDIA,MI,3015146,C1AA, ,F205,MILANO,D,D21,MI00000328,13,Box,NORMALE,P,1200,2100,L,2024-1
NORD-OVEST,LOMBARDIA,MI,3015146,C1AA, ,F205,MILANO,D,D21,MI00000328,9,Magazzini,NORMALE,P,600,950,L,2024-1
NORD-OVEST,LOMBARDIA,MI,3015146,C1AA, ,F205,MILANO,D,D21,MI00000328,5,Negozi,OTTIMO, ,2250,3300,L,2024-1
NORD-OVEST,LOMBARDIA,MI,3015146,C1AA, ,F205,MILANO,D,D21,MI00000328,5,Negozi,NORMALE,P,1450,2200,L,2024-1
NORD-OVEST,LOMBARDIA,MI,3015146,C1AA, ,F205,MILANO,D,D21,MI00000328,6,Uffici,OTTIMO,P,1850,2900,L,2024-1
NORD-OVEST,LOMBARDIA,MI,3015146,C1AA, ,F205,MILANO,D,D21,MI00000328,18,Uffici strutturati,OTTIMO,P,2400,3200,L,2024-1
NORD-OVEST,LOMBARDIA,MI,3015146,C1AA, ,F205,MILANO,D,D21,MI00000328,8,Capannoni industriali,OTTIMO,P,800,1050,L,2024-1
NORD-OVEST,LOMBARDIA,MI,3015146,C1AA, ,F205,MILANO,D,D21,MI00000328,7,Capannoni tipici,OTTIMO,P,800,1100,L,2024-1
NORD-OVEST,LOMBARDIA,MI,3015146,C1AA, ,F205,MILANO,D,D21,MI00000328,10,Laboratori,NORMALE,P,700,1200,L,2024-1
NORD-OVEST,LOMBARDIA,MI,3015146,C1AA, ,F205,MILANO,D,D24,MI00000331,20,Abitazioni civili,OTTIMO, ,4300,6300,L,2024-1
NORD-OVEST,LOMBARDIA,MI,3015146,C1AA, ,F205,MILANO,D,D24,MI00000331,20,Abitazioni civili,NORMALE,P,2600,4300,L,2024-1
NORD-OVEST,LOMBARDIA,MI,3015146,C1AA, ,F205,MILANO,D,D24,MI00000331,21,Abitazioni di tipo economico,OTTIMO,P,2700,3200,L,2024-1
NORD-OVEST,LOMBARDIA,MI,3015146,C1AA, ,F205,MILANO,D,D24,MI00000331,21,Abitazioni di tipo economico,NORMALE, ,2100,2650,L,2024-1
NORD-OVEST,LOMBARDIA,MI,3015146,C1AA, ,F205,MILANO,D,D24,MI00000331,13,Box,NORMALE,P,1700,2500,L,2024-1
NORD-OVEST,LOMBARDIA,MI,3015146,C1AA, ,F205,MILANO,D,D24,MI00000331,9,Magazzini,NORMALE,P,550,850,L,2024-1
NORD-OVEST,LOMBARDIA,MI,3015146,C1AA, ,F205,MILANO,D,D24,MI00000331,5,Negozi,OTTIMO, ,2300,3400,L,2024-1
NORD-OVEST,LOMBARDIA,MI,3015146,C1AA, ,F205,MILANO,D,D24,MI00000331,5,Negozi,NORMALE,P,1500,2250,L,2024-1
NORD-OVEST,LOMBARDIA,MI,3015146,C1AA, ,F205,MILANO,D,D24,MI00000331,6,Uffici,OTTIMO,P,1700,3000,L,2024-1
NORD-OVEST,LOMBARDIA,MI,3015146,C1AA, ,F205,MILANO,D,D24,MI00000331,18,Uffici strutturati,OTTIMO,P,1950,3300,L,2024-1
NORD-OVEST,LOMBARDIA,MI,3015146,C1AA, ,F205,MILANO,D,D24,MI00000331,8,Capannoni industriali,OTTIMO,P,750,1000,L,2024-1
NORD-OVEST,LOMBARDIA,MI,3015146,C1AA, ,F205,MILANO,D,D24,MI00000331,7,Capannoni tipici,OTTIMO,P,800,1050,L,2024-1
NORD-OVEST,LOMBARDIA,MI,3015146,C1AA, ,F205,MILANO,D,D24,MI00000331,10,Laboratori,NORMALE,P,850,1350,L,2024-1
NORD-OVEST,LOMBARDIA,MI,3015146,C1AA, ,F205,MILANO,D,D25,MI00000332,20,Abitazioni civili,OTTIMO, ,3500,4400,L,2024-1
NORD-OVEST,LOMBARDIA,MI,3015146,C1AA, ,F205,MILANO,D,D25,MI00000332,20,Abitazioni civili,NORMALE,P,2800,3400,L,2024-1
NORD-OVEST,LOMBARDIA,MI,3015146,C1AA, ,F205,MILANO,D,D25,MI00000332,21,Abitazioni di tipo economico,OTTIMO, ,2950,3400,L,2024-1
NORD-OVEST,LOMBARDIA,MI,3015146,C1AA, ,F205,MILANO,D,D25,MI00000332,21,Abitazioni di tipo economico,NORMALE,P,2000,2900,L,2024-1
NORD-OVEST,LOMBARDIA,MI,3015146,C1AA, ,F205,MILANO,D,D25,MI00000332,13,Box,NORMALE,P,1500,2100,L,2024-1
NORD-OVEST,LOMBARDIA,MI,3015146,C1AA, ,F205,MILANO,D,D25,MI00000332,9,Magazzini,NORMALE,P,400,650,L,2024-1
NORD-OVEST,LOMBARDIA,MI,3015146,C1AA, ,F205,MILANO,D,D25,MI00000332,5,Negozi,OTTIMO, ,2150,2750,L,2024-1
NORD-OVEST,LOMBARDIA,MI,3015146,C1AA, ,F205,MILANO,D,D25,MI00000332,5,Negozi,NORMALE,P,1500,2100,L,2024-1
NORD-OVEST,LOMBARDIA,MI,3015146,C1AA, ,F205,MILANO,D,D25,MI00000332,6,Uffici,OTTIMO,P,1500,2000,L,2024-1
NORD-OVEST,LOMBARDIA,MI,3015146,C1AA, ,F205,MILANO,D,D25,MI00000332,18,Uffici strutturati,OTTIMO,P,2000,2800,L,2024-1
NORD-OVEST,LOMBARDIA,MI,3015146,C1AA, ,F205,MILANO,D,D25,MI00000332,8,Capannoni industriali,OTTIMO,P,750,950,L,2024-1
NORD-OVEST,LOMBARDIA,MI,3015146,C1AA, ,F205,MILANO,D,D25,MI00000332,7,Capannoni tipici,OTTIMO,P,850,1000,L,2024-1
NORD-OVEST,LOMBARDIA,MI,3015146,C1AA, ,F205,MILANO,D,D25,MI00000332,10,Laboratori,NORMALE,P,550,900,L,2024-1
NORD-OVEST,LOMBARDIA,MI,3015146,C1AA, ,F205,MILANO,D,D28,MI00000335,20,Abitazioni civili,OTTIMO, ,4200,5000,L,2024-1
NORD-OVEST,LOMBARDIA,MI,3015146,C1AA, ,F205,MILANO,D,D28,MI00000335,20,Abitazioni civili,NORMALE,P,3100,4100,L,2024-1
NORD-OVEST,LOMBARDIA,MI,3015146,C1AA, ,F205,MILANO,D,D28,MI00000335,21,Abitazioni di tipo economico,NORMALE,P,2600,2950,L,2024-1
NORD-OVEST,LOMBARDIA,MI,3015146,C1AA, ,F205,MILANO,D,D28,MI00000335,21,Abitazioni di tipo economico,OTTIMO, ,3000,3600,L,2024-1
NORD-OVEST,LOMBARDIA,MI,3015146,C1AA, ,F205,MILANO,D,D28,MI00000335,13,Box,NORMALE,P,1500,2100,L,2024-1
NORD-OVEST,LOMBARDIA,MI,3015146,C1AA, ,F205,MILANO,D,D28,MI00000335,1,Ville e Villini,NORMALE,P,2900,3800,L,2024-1
NORD-OVEST,LOMBARDIA,MI,3015146,C1AA, ,F205,MILANO,D,D28,MI00000335,1,Ville e Villini,OTTIMO, ,3900,4800,L,2024-1
NORD-OVEST,LOMBARDIA,MI,3015146,C1AA, ,F205,MILANO,D,D28,MI00000335,9,Magazzini,NORMALE,P,450,600,L,2024-1
NORD-OVEST,LOMBARDIA,MI,3015146,C1AA, ,F205,MILANO,D,D28,MI00000335,5,Negozi,NORMALE,P,1050,1450,L,2024-1
NORD-OVEST,LOMBARDIA,MI,3015146,C1AA, ,F205,MILANO,D,D28,MI00000335,6,Uffici,OTTIMO,P,1450,2500,L,2024-1
NORD-OVEST,LOMBARDIA,MI,3015146,C1AA, ,F205,MILANO,D,D28,MI00000335,18,Uffici strutturati,OTTIMO,P,2200,3000,L,2024-1
NORD-OVEST,LOMBARDIA,MI,3015146,C1AA, ,F205,MILANO,D,D28,MI00000335,8,Capannoni industriali,OTTIMO,P,650,850,L,2024-1
NORD-OVEST,LOMBARDIA,MI,3015146,C1AA, ,F205,MILANO,D,D28,MI00000335,7,Capannoni tipici,OTTIMO,P,700,900,L,2024-1
NORD-OVEST,LOMBARDIA,MI,3015146,C1AA, ,F205,MILANO,D,D28,MI00000335,10,Laboratori,NORMALE,P,600,900,L,2024-1
NORD-OVEST,LOMBARDIA,MI,3015146,C1AA, ,F205,MILANO,D,D30,MI00004777,20,Abitazioni civili,OTTIMO, ,3600,5200,L,2024-1
NORD-OVEST,LOMBARDIA,MI,3015146,C1AA, ,F205,MILANO,D,D30,MI00004777,20,Abitazioni civili,NORMALE,P,2750,3500,L,2024-1
NORD-OVEST,LOMBARDIA,MI,3015146,C1AA, ,F205,MILANO,D,D30,MI00004777,21,Abitazioni di tipo economico,OTTIMO, ,2550,3400,L,2024-1
NORD-OVEST,LOMBARDIA,MI,3015146,C1AA, ,F205,MILANO,D,D30,MI00004777,21,Abitazioni di tipo economico,NORMALE,P,2000,2500,L,2024-1
NORD-OVEST,LOMBARDIA,MI,3015146,C1AA, ,F205,MILANO,D,D30,MI00004777,13,Box,NORMALE,P,1550,2300,L,2024-1
NORD-OVEST,LOMBARDIA,MI,3015146,C1AA, ,F205,MILANO,D,D30,MI00004777,9,Magazzini,NORMALE,P,550,900,L,2024-1
NORD-OVEST,LOMBARDIA,MI,3015146,C1AA, ,F205,MILANO,D,D30,MI00004777,5,Negozi,OTTIMO, ,1800,3100,L,2024-1
NORD-OVEST,LOMBARDIA,MI,3015146,C1AA, ,F205,MILANO,D,D30,MI00004777,5,Negozi,NORMALE,P,1400,1750,L,2024-1
NORD-OVEST,LOMBARDIA,MI,3015146,C1AA, ,F205,MILANO,D,D30,MI00004777,6,Uffici,OTTIMO,P,1700,2600,L,2024-1
NORD-OVEST,LOMBARDIA,MI,3015146,C1AA, ,F205,MILANO,D,D30,MI00004777,18,Uffici strutturati,OTTIMO,P,2400,3500,L,2024-1
NORD-OVEST,LOMBARDIA,MI,3015146,C1AA, ,F205,MILANO,D,D30,MI00004777,8,Capannoni industriali,OTTIMO,P,850,1200,L,2024-1
NORD-OVEST,LOMBARDIA,MI,3015146,C1AA, ,F205,MILANO,D,D30,MI00004777,7,Capannoni tipici,OTTIMO,P,950,1200,L,2024-1
NORD-OVEST,LOMBARDIA,MI,3015146,C1AA, ,F205,MILANO,D,D30,MI00004777,10,Laboratori,NORMALE,P,850,1300,L,2024-1
NORD-OVEST,LOMBARDIA,MI,3015146,C1AA, ,F205,MILANO,D,D31,MI00004778,20,Abitazioni civili,OTTIMO, ,4200,5000,L,2024-1
NORD-OVEST,LOMBARDIA,MI,3015146,C1AA, ,F205,MILANO,D,D31,MI00004778,20,Abitazioni civili,NORMALE,P,2600,4100,L,2024-1
NORD-OVEST,LOMBARDIA,MI,3015146,C1AA, ,F205,MILANO,D,D31,MI00004778,21,Abitazioni di tipo economico,OTTIMO, ,2600,3300,L,2024-1
NORD-OVEST,LOMBARDIA,MI,3015146,C1AA, ,F205,MILANO,D,D31,MI00004778,21,Abitazioni di tipo economico,NORMALE,P,1850,2500,L,2024-1
NORD-OVEST,LOMBARDIA,MI,3015146,C1AA, ,F205,MILANO,D,D31,MI00004778,13,Box,NORMALE,P,1250,1700,L,2024-1
NORD-OVEST,LOMBARDIA,MI,3015146,C1AA, ,F205,MILANO,D,D31,MI00004778,9,Magazzini,NORMALE,P,600,1000,L,2024-1
NORD-OVEST,LOMBARDIA,MI,3015146,C1AA, ,F205,MILANO,D,D31,MI00004778,5,Negozi,NORMALE,P,1600,3100,L,2024-1
NORD-OVEST,LOMBARDIA,MI,3015146,C1AA, ,F205,MILANO,D,D31,MI00004778,6,Uffici,OTTIMO,P,1600,2600,L,2024-1
NORD-OVEST,LOMBARDIA,MI,3015146,C1AA, ,F205,MILANO,D,D31,MI00004778,18,Uffici strutturati,OTTIMO,P,2200,2900,L,2024-1
NORD-OVEST,LOMBARDIA,MI,3015146,C1AA, ,F205,MILANO,D,D31,MI00004778,8,Capannoni industriali,OTTIMO,P,800,1000,L,2024-1
NORD-OVEST,LOMBARDIA,MI,3015146,C1AA, ,F205,MILANO,D,D31,MI00004778,7,Capannoni tipici,OTTIMO,P,850,1100,L,2024-1
NORD-OVEST,LOMBARDIA,MI,3015146,C1AA, ,F205,MILANO,D,D31,MI00004778,10,Laboratori,NORMALE,P,700,1350,L,2024-1
NORD-OVEST,LOMBARDIA,MI,3015146,C1AA, ,F205,MILANO,D,D32,MI00004779,20,Abitazioni civili,OTTIMO, ,2950,4300,L,2024-1
NORD-OVEST,LOMBARDIA,MI,3015146,C1AA, ,F205,MILANO,D,D32,MI00004779,20,Abitazioni civili,NORMALE,P,2200,2900,L,2024-1
NORD-OVEST,LOMBARDIA,MI,3015146,C1AA, ,F205,MILANO,D,D32,MI00004779,21,Abitazioni di tipo economico,NORMALE,P,1700,2200,L,2024-1
NORD-OVEST,LOMBARDIA,MI,3015146,C1AA, ,F205,MILANO,D,D32,MI00004779,21,Abitazioni di tipo economico,OTTIMO, ,2300,2800,L,2024-1
NORD-OVEST,LOMBARDIA,MI,3015146,C1AA, ,F205,MILANO,D,D32,MI00004779,13,Box,NORMALE,P,1100,1800,L,2024-1
NORD-OVEST,LOMBARDIA,MI,3015146,C1AA, ,F205,MILANO,D,D32,MI00004779,1,Ville e Villini,NORMALE,P,1850,2700,L,2024-1
NORD-OVEST,LOMBARDIA,MI,3015146,C1AA, ,F205,MILANO,D,D32,MI00004779,1,Ville e Villini,OTTIMO, ,2800,4000,L,2024-1
NORD-OVEST,LOMBARDIA,MI,3015146,C1AA, ,F205,MILANO,D,D32,MI00004779,9,Magazzini,NORMALE,P,500,850,L,2024-1
NORD-OVEST,LOMBARDIA,MI,3015146,C1AA, ,F205,MILANO,D,D32,MI00004779,5,Negozi,NORMALE,P,1300,2000,L,2024-1
NORD-OVEST,LOMBARDIA,MI,3015146,C1AA, ,F205,MILANO,D,D32,MI00004779,6,Uffici,OTTIMO,P,1600,2200,L,2024-1
NORD-OVEST,LOMBARDIA,MI,3015146,C1AA, ,F205,MILANO,D,D32,MI00004779,18,Uffici strutturati,OTTIMO,P,1850,2700,L,2024-1
NORD-OVEST,LOMBARDIA,MI,3015146,C1AA, ,F205,MILANO,D,D32,MI00004779,8,Capannoni industriali,OTTIMO,P,850,1200,L,2024-1
NORD-OVEST,LOMBARDIA,MI,3015146,C1AA, ,F205,MILANO,D,D32,MI00004779,7,Capannoni tipici,OTTIMO,P,900,1250,L,2024-1
NORD-OVEST,LOMBARDIA,MI,3015146,C1AA, ,F205,MILANO,D,D32,MI00004779,10,Laboratori,NORMALE,P,700,1250,L,2024-1
NORD-OVEST,LOMBARDIA,MI,3015146,C1AA, ,F205,MILANO,D,D33,MI00004780,20,Abitazioni civili,OTTIMO, ,3800,4300,L,2024-1
NORD-OVEST,LOMBARDIA,MI,3015146,C1AA, ,F205,MILANO,D,D33,MI00004780,20,Abitazioni civili,NORMALE,P,2650,3700,L,2024-1
NORD-OVEST,LOMBARDIA,MI,3015146,C1AA, ,F205,MILANO,D,D33,MI00004780,21,Abitazioni di tipo economico,OTTIMO, ,2650,3300,L,2024-1
NORD-OVEST,LOMBARDIA,MI,3015146,C1AA, ,F205,MILANO,D,D33,MI00004780,21,Abitazioni di tipo economico,NORMALE,P,2200,2600,L,2024-1
NORD-OVEST,LOMBARDIA,MI,3015146,C1AA, ,F205,MILANO,D,D33,MI00004780,13,Box,NORMALE,P,1150,1700,L,2024-1
NORD-OVEST,LOMBARDIA,MI,3015146,C1AA, ,F205,MILANO,D,D33,MI00004780,9,Magazzini,NORMALE,P,450,700,L,2024-1
NORD-OVEST,LOMBARDIA,MI,3015146,C1AA, ,F205,MILANO,D,D33,MI00004780,5,Negozi,NORMALE,P,1350,2000,L,2024-1
NORD-OVEST,LOMBARDIA,MI,3015146,C1AA, ,F205,MILANO,D,D33,MI00004780,6,Uffici,OTTIMO,P,1600,2100,L,2024-1
NORD-OVEST,LOMBARDIA,MI,3015146,C1AA, ,F205,MILANO,D,D33,MI00004780,18,Uffici strutturati,OTTIMO,P,2000,2650,L,2024-1
NORD-OVEST,LOMBARDIA,MI,3015146,C1AA, ,F205,MILANO,D,D33,MI00004780,8,Capannoni industriali,OTTIMO,P,800,1100,L,2024-1
NORD-OVEST,LOMBARDIA,MI,3015146,C1AA, ,F205,MILANO,D,D33,MI00004780,7,Capannoni tipici,OTTIMO,P,900,1250,L,2024-1
NORD-OVEST,LOMBARDIA,MI,3015146,C1AA, ,F205,MILANO,D,D33,MI00004780,10,Laboratori,NORMALE,P,700,1200,L,2024-1
NORD-OVEST,LOMBARDIA,MI,3015146,C1AA, ,F205,MILANO,D,D34,MI00004781,20,Abitazioni civili,OTTIMO, ,4100,4700,L,2024-1
NORD-OVEST,LOMBARDIA,MI,3015146,C1AA, ,F205,MILANO,D,D34,MI00004781,20,Abitazioni civili,NORMALE,P,2700,4000,L,2024-1
NORD-OVEST,LOMBARDIA,MI,3015146,C1AA, ,F205,MILANO,D,D34,MI00004781,21,Abitazioni di tipo economico,OTTIMO, ,2850,3500,L,2024-1
NORD-OVEST,LOMBARDIA,MI,3015146,C1AA, ,F205,MILANO,D,D34,MI00004781,21,Abitazioni di tipo economico,NORMALE,P,2300,2800,L,2024-1
NORD-OVEST,LOMBARDIA,MI,3015146,C1AA, ,F205,MILANO,D,D34,MI00004781,13,Box,NORMALE,P,1100,1600,L,2024-1
NORD-OVEST,LOMBARDIA,MI,3015146,C1AA, ,F205,MILANO,D,D34,MI00004781,9,Magazzini,NORMALE,P,550,800,L,2024-1
NORD-OVEST,LOMBARDIA,MI,3015146,C1AA, ,F205,MILANO,D,D34,MI00004781,5,Negozi,NORMALE,P,1150,1800,L,2024-1
NORD-OVEST,LOMBARDIA,MI,3015146,C1AA, ,F205,MILANO,D,D34,MI00004781,6,Uffici,OTTIMO,P,1600,2100,L,2024-1
NORD-OVEST,LOMBARDIA,MI,3015146,C1AA, ,F205,MILANO,D,D34,MI00004781,18,Uffici strutturati,OTTIMO,P,2200,3100,L,2024-1
NORD-OVEST,LOMBARDIA,MI,3015146,C1AA, ,F205,MILANO,D,D34,MI00004781,8,Capannoni industriali,OTTIMO,P,750,1000,L,2024-1
NORD-OVEST,LOMBARDIA,MI,3015146,C1AA, ,F205,MILANO,D,D34,MI00004781,7,Capannoni tipici,OTTIMO,P,800,1050,L,2024-1
NORD-OVEST,LOMBARDIA,MI,3015146,C1AA, ,F205,MILANO,D,D34,MI00004781,10,Laboratori,NORMALE,P,650,950,L,2024-1
NORD-OVEST,LOMBARDIA,MI,3015146,C1AA, ,F205,MILANO,D,D35,MI00004782,20,Abitazioni civili,OTTIMO, ,4100,4900,L,2024-1
NORD-OVEST,LOMBARDIA,MI,3015146,C1AA, ,F205,MILANO,D,D35,MI00004782,20,Abitazioni civili,NORMALE,P,2550,4000,L,2024-1
NORD-OVEST,LOMBARDIA,MI,3015146,C1AA, ,F205,MILANO,D,D35,MI00004782,21,Abitazioni di tipo economico,OTTIMO, ,2600,3300,L,2024-1
NORD-OVEST,LOMBARDIA,MI,3015146,C1AA, ,F205,MILANO,D,D35,MI00004782,21,Abitazioni di tipo economico,NORMALE,P,2100,2500,L,2024-1
NORD-OVEST,LOMBARDIA,MI,3015146,C1AA, ,F205,MILANO,D,D35,MI00004782,13,Box,NORMALE,P,1300,2100,L,2024-1
NORD-OVEST,LOMBARDIA,MI,3015146,C1AA, ,F205,MILANO,D,D35,MI00004782,9,Magazzini,NORMALE,P,650,850,L,2024-1
NORD-OVEST,LOMBARDIA,MI,3015146,C1AA, ,F205,MILANO,D,D35,MI00004782,5,Negozi,NORMALE,P,1500,2600,L,2024-1
NORD-OVEST,LOMBARDIA,MI,3015146,C1AA, ,F205,MILANO,D,D35,MI00004782,6,Uffici,OTTIMO,P,1750,2650,L,2024-1
NORD-OVEST,LOMBARDIA,MI,3015146,C1AA, ,F205,MILANO,D,D35,MI00004782,18,Uffici strutturati,OTTIMO,P,2250,3100,L,2024-1
NORD-OVEST,LOMBARDIA,MI,3015146,C1AA, ,F205,MILANO,D,D35,MI00004782,8,Capannoni industriali,OTTIMO,P,850,1200,L,2024-1
NORD-OVEST,LOMBARDIA,MI,3015146,C1AA, ,F205,MILANO,D,D35,MI00004782,7,Capannoni tipici,OTTIMO,P,900,1300,L,2024-1
NORD-OVEST,LOMBARDIA,MI,3015146,C1AA, ,F205,MILANO,D,D35,MI00004782,10,Laboratori,NORMALE,P,750,1300,L,2024-1
NORD-OVEST,LOMBARDIA,MI,3015146,C1AA, ,F205,MILANO,D,D36,MI00004783,20,Abitazioni civili,OTTIMO, ,4500,6200,L,2024-1
NORD-OVEST,LOMBARDIA,MI,3015146,C1AA, ,F205,MILANO,D,D36,MI00004783,20,Abitazioni civili,NORMALE,P,3100,4400,L,2024-1
NORD-OVEST,LOMBARDIA,MI,3015146,C1AA, ,F205,MILANO,D,D36,MI00004783,21,Abitazioni di tipo economico,OTTIMO, ,3200,4000,L,2024-1
NORD-OVEST,LOMBARDIA,MI,3015146,C1AA, ,F205,MILANO,D,D36,MI00004783,21,Abitazioni di tipo economico,NORMALE,P,2300,3100,L,2024-1
NORD-OVEST,LOMBARDIA,MI,3015146,C1AA, ,F205,MILANO,D,D36,MI00004783,13,Box,NORMALE,P,1700,2500,L,2024-1
NORD-OVEST,LOMBARDIA,MI,3015146,C1AA, ,F205,MILANO,D,D36,MI00004783,9,Magazzini,NORMALE,P,500,800,L,2024-1
NORD-OVEST,LOMBARDIA,MI,3015146,C1AA, ,F205,MILANO,D,D36,MI00004783,5,Negozi,NORMALE,P,1850,3200,L,2024-1
NORD-OVEST,LOMBARDIA,MI,3015146,C1AA, ,F205,MILANO,D,D36,MI00004783,6,Uffici,OTTIMO,P,1800,2800,L,2024-1
NORD-OVEST,LOMBARDIA,MI,3015146,C1AA, ,F205,MILANO,D,D36,MI00004783,18,Uffici strutturati,OTTIMO,P,2100,3100,L,2024-1
NORD-OVEST,LOMBARDIA,MI,3015146,C1AA, ,F205,MILANO,D,D36,MI00004783,8,Capannoni industriali,OTTIMO,P,900,1100,L,2024-1
NORD-OVEST,LOMBARDIA,MI,3015146,C1AA, ,F205,MILANO,D,D36,MI00004783,7,Capannoni tipici,OTTIMO,P,800,1200,L,2024-1
NORD-OVEST,LOMBARDIA,MI,3015146,C1AA, ,F205,MILANO,D,D36,MI00004783,10,Laboratori,NORMALE,P,750,1300,L,2024-1
NORD-OVEST,LOMBARDIA,MI,3015146,C1AA, ,F205,MILANO,E,E5,MI00004784,20,Abitazioni civili,OTTIMO, ,2900,3500,L,2024-1
NORD-OVEST,LOMBARDIA,MI,3015146,C1AA, ,F205,MILANO,E,E5,MI00004784,20,Abitazioni civili,NORMALE,P,2200,2900,L,2024-1
NORD-OVEST,LOMBARDIA,MI,3015146,C1AA, ,F205,MILANO,E,E5,MI00004784,21,Abitazioni di tipo economico,NORMALE,P,1650,2350,L,2024-1
NORD-OVEST,LOMBARDIA,MI,3015146,C1AA, ,F205,MILANO,E,E5,MI00004784,21,Abitazioni di tipo economico,OTTIMO, ,2400,2900,L,2024-1
NORD-OVEST,LOMBARDIA,MI,3015146,C1AA, ,F205,MILANO,E,E5,MI00004784,13,Box,NORMALE,P,1100,1600,L,2024-1
NORD-OVEST,LOMBARDIA,MI,3015146,C1AA, ,F205,MILANO,E,E5,MI00004784,1,Ville e Villini,NORMALE,P,1700,2400,L,2024-1
NORD-OVEST,LOMBARDIA,MI,3015146,C1AA, ,F205,MILANO,E,E5,MI00004784,1,Ville e Villini,OTTIMO, ,2450,2800,L,2024-1
NORD-OVEST,LOMBARDIA,MI,3015146,C1AA, ,F205,MILANO,E,E5,MI00004784,9,Magazzini,NORMALE,P,450,750,L,2024-1
NORD-OVEST,LOMBARDIA,MI,3015146,C1AA, ,F205,MILANO,E,E5,MI00004784,5,Negozi,NORMALE,P,900,1700,L,2024-1
NORD-OVEST,LOMBARDIA,MI,3015146,C1AA, ,F205,MILANO,E,E5,MI00004784,6,Uffici,OTTIMO,P,950,1550,L,2024-1
NORD-OVEST,LOMBARDIA,MI,3015146,C1AA, ,F205,MILANO,E,E5,MI00004784,18,Uffici strutturati,OTTIMO,P,1750,2300,L,2024-1
NORD-OVEST,LOMBARDIA,MI,3015146,C1AA, ,F205,MILANO,E,E5,MI00004784,8,Capannoni industriali,OTTIMO,P,600,850,L,2024-1
NORD-OVEST,LOMBARDIA,MI,3015146,C1AA, ,F205,MILANO,E,E5,MI00004784,7,Capannoni tipici,OTTIMO,P,600,950,L,2024-1
NORD-OVEST,LOMBARDIA,MI,3015146,C1AA, ,F205,MILANO,E,E5,MI00004784,10,Laboratori,NORMALE,P,450,750,L,2024-1
NORD-OVEST,LOMBARDIA,MI,3015146,C1AA, ,F205,MILANO,E,E6,MI00004785,20,Abitazioni civili,OTTIMO, ,2950,3700,L,2024-1
NORD-OVEST,LOMBARDIA,MI,3015146,C1AA, ,F205,MILANO,E,E6,MI00004785,20,Abitazioni civili,NORMALE,P,2300,2900,L,2024-1
NORD-OVEST,LOMBARDIA,MI,3015146,C1AA, ,F205,MILANO,E,E6,MI00004785,21,Abitazioni di tipo economico,OTTIMO, ,2150,2700,L,2024-1
NORD-OVEST,LOMBARDIA,MI,3015146,C1AA, ,F205,MILANO,E,E6,MI00004785,21,Abitazioni di tipo economico,NORMALE,P,1750,2100,L,2024-1
NORD-OVEST,LOMBARDIA,MI,3015146,C1AA, ,F205,MILANO,E,E6,MI00004785,13,Box,NORMALE,P,1000,1550,L,2024-1
NORD-OVEST,LOMBARDIA,MI,3015146,C1AA, ,F205,MILANO,E,E6,MI00004785,9,Magazzini,NORMALE,P,300,500,L,2024-1
NORD-OVEST,LOMBARDIA,MI,3015146,C1AA, ,F205,MILANO,E,E6,MI00004785,5,Negozi,NORMALE,P,900,1750,L,2024-1
NORD-OVEST,LOMBARDIA,MI,3015146,C1AA, ,F205,MILANO,E,E6,MI00004785,6,Uffici,OTTIMO,P,1350,2000,L,2024-1
NORD-OVEST,LOMBARDIA,MI,3015146,C1AA, ,F205,MILANO,E,E6,MI00004785,18,Uffici strutturati,OTTIMO,P,1800,2650,L,2024-1
NORD-OVEST,LOMBARDIA,MI,3015146,C1AA, ,F205,MILANO,E,E6,MI00004785,8,Capannoni industriali,OTTIMO,P,700,950,L,2024-1
NORD-OVEST,LOMBARDIA,MI,3015146,C1AA, ,F205,MILANO,E,E6,MI00004785,7,Capannoni tipici,OTTIMO,P,700,950,L,2024-1
NORD-OVEST,LOMBARDIA,MI,3015146,C1AA, ,F205,MILANO,E,E6,MI00004785,10,Laboratori,NORMALE,P,700,950,L,2024-1
NORD-OVEST,LOMBARDIA,MI,3015146,C1AA, ,F205,MILANO,E,E7,MI00004786,20,Abitazioni civili,OTTIMO, ,2400,2700,L,2024-1
NORD-OVEST,LOMBARDIA,MI,3015146,C1AA, ,F205,MILANO,E,E7,MI00004786,20,Abitazioni civili,NORMALE,P,1800,2350,L,2024-1
NORD-OVEST,LOMBARDIA,MI,3015146,C1AA, ,F205,MILANO,E,E7,MI00004786,21,Abitazioni di tipo economico,OTTIMO, ,1900,2400,L,2024-1
NORD-OVEST,LOMBARDIA,MI,3015146,C1AA, ,F205,MILANO,E,E7,MI00004786,21,Abitazioni di tipo economico,NORMALE,P,1500,1950,L,2024-1
NORD-OVEST,LOMBARDIA,MI,3015146,C1AA, ,F205,MILANO,E,E7,MI00004786,13,Box,NORMALE,P,750,1200,L,2024-1
NORD-OVEST,LOMBARDIA,MI,3015146,C1AA, ,F205,MILANO,E,E7,MI00004786,9,Magazzini,NORMALE,P,350,550,L,2024-1
NORD-OVEST,LOMBARDIA,MI,3015146,C1AA, ,F205,MILANO,E,E7,MI00004786,5,Negozi,NORMALE,P,700,1400,L,2024-1
NORD-OVEST,LOMBARDIA,MI,3015146,C1AA, ,F205,MILANO,E,E7,MI00004786,6,Uffici,OTTIMO,P,1500,1950,L,2024-1
NORD-OVEST,LOMBARDIA,MI,3015146,C1AA, ,F205,MILANO,E,E7,MI00004786,18,Uffici strutturati,OTTIMO,P,1700,2600,L,2024-1
NORD-OVEST,LOMBARDIA,MI,3015146,C1AA, ,F205,MILANO,E,E7,MI00004786,8,Capannoni industriali,OTTIMO,P,750,1000,L,2024-1
NORD-OVEST,LOMBARDIA,MI,3015146,C1AA, ,F205,MILANO,E,E7,MI00004786,7,Capannoni tipici,OTTIMO,P,800,1050,L,2024-1
NORD-OVEST,LOMBARDIA,MI,3015146,C1AA, ,F205,MILANO,E,E7,MI00004786,10,Laboratori,NORMALE,P,550,1000,L,2024-1
NORD-OVEST,LOMBARDIA,MI,3015146,C1AA, ,F205,MILANO,E,E8,MI00004787,20,Abitazioni civili,OTTIMO, ,2450,3300,L,2024-1
NORD-OVEST,LOMBARDIA,MI,3015146,C1AA, ,F205,MILANO,E,E8,MI00004787,20,Abitazioni civili,NORMALE,P,1700,2400,L,2024-1
NORD-OVEST,LOMBARDIA,MI,3015146,C1AA, ,F205,MILANO,E,E8,MI00004787,21,Abitazioni di tipo economico,OTTIMO, ,2100,2500,L,2024-1
NORD-OVEST,LOMBARDIA,MI,3015146,C1AA, ,F205,MILANO,E,E8,MI00004787,21,Abitazioni di tipo economico,NORMALE,P,1500,2000,L,2024-1
NORD-OVEST,LOMBARDIA,MI,3015146,C1AA, ,F205,MILANO,E,E8,MI00004787,13,Box,NORMALE,P,900,1300,L,2024-1
NORD-OVEST,LOMBARDIA,MI,3015146,C1AA, ,F205,MILANO,E,E8,MI00004787,9,Magazzini,NORMALE,P,400,650,L,2024-1
NORD-OVEST,LOMBARDIA,MI,3015146,C1AA, ,F205,MILANO,E,E8,MI00004787,5,Negozi,NORMALE,P,1000,1800,L,2024-1
NORD-OVEST,LOMBARDIA,MI,3015146,C1AA, ,F205,MILANO,E,E8,MI00004787,6,Uffici,OTTIMO,P,1300,1850,L,2024-1
NORD-OVEST,LOMBARDIA,MI,3015146,C1AA, ,F205,MILANO,E,E8,MI00004787,18,Uffici strutturati,OTTIMO,P,1800,2250,L,2024-1
NORD-OVEST,LOMBARDIA,MI,3015146,C1AA, ,F205,MILANO,E,E8,MI00004787,8,Capannoni industriali,OTTIMO,P,750,1000,L,2024-1
NORD-OVEST,LOMBARDIA,MI,3015146,C1AA, ,F205,MILANO,E,E8,MI00004787,7,Capannoni tipici,OTTIMO,P,800,1100,L,2024-1
NORD-OVEST,LOMBARDIA,MI,3015146,C1AA, ,F205,MILANO,E,E8,MI00004787,10,Laboratori,NORMALE,P,600,1000,L,2024-1
NORD-OVEST,LOMBARDIA,MI,3015146,C1AA, ,F205,MILANO,B,B12,MI00003228,20,Abitazioni civili,OTTIMO, ,10000,13200,L,2023-2
NORD-OVEST,LOMBARDIA,MI,3015146,C1AA, ,F205,MILANO,B,B12,MI00003228,20,Abitazioni civili,NORMALE,P,7700,9900,L,2023-2
NORD-OVEST,LOMBARDIA,MI,3015146,C1AA, ,F205,MILANO,B,B12,MI00003228,21,Abitazioni di tipo economico,NORMALE,P,6500,8000,L,2023-2
NORD-OVEST,LOMBARDIA,MI,3015146,C1AA, ,F205,MILANO,B,B12,MI00003228,21,Abitazioni di tipo economico,OTTIMO, ,8100,9200,L,2023-2
NORD-OVEST,LOMBARDIA,MI,3015146,C1AA, ,F205,MILANO,B,B12,MI00003228,19,Abitazioni signorili,OTTIMO,P,12000,16000,L,2023-2
NORD-OVEST,LOMBARDIA,MI,3015146,C1AA, ,F205,MILANO,B,B12,MI00003228,13,Box,NORMALE,P,4400,6500,L,2023-2
NORD-OVEST,LOMBARDIA,MI,3015146,C1AA, ,F205,MILANO,B,B12,MI00003228,9,Magazzini,NORMALE,P,2250,3200,L,2023-2
NORD-OVEST,LOMBARDIA,MI,3015146,C1AA, ,F205,MILANO,B,B12,MI00003228,5,Negozi,OTTIMO, ,15800,28000,L,2023-2
NORD-OVEST,LOMBARDIA,MI,3015146,C1AA, ,F205,MILANO,B,B12,MI00003228,5,Negozi,NORMALE,P,8500,15700,L,2023-2
NORD-OVEST,LOMBARDIA,MI,3015146,C1AA, ,F205,MILANO,B,B12,MI00003228,6,Uffici,OTTIMO,P,8000,12000,L,2023-2
NORD-OVEST,LOMBARDIA,MI,3015146,C1AA, ,F205,MILANO,B,B12,MI00003228,18,Uffici strutturati,OTTIMO,P,8100,15000,L,2023-2
NORD-OVEST,LOMBARDIA,MI,3015146,C1AA, ,F205,MILANO,B,B12,MI00003228,10,Laboratori,NORMALE,P,2700,3200,L,2023-2
NORD-OVEST,LOMBARDIA,MI,3015146,C1AA, ,F205,MILANO,B,B13,MI00003232,20,Abitazioni civili,OTTIMO, ,6900,9000,L,2023-2
NORD-OVEST,LOMBARDIA,MI,3015146,C1AA, ,F205,MILANO,B,B13,MI00003232,20,Abitazioni civili,NORMALE,P,5800,6800,L,2023-2
NORD-OVEST,LOMBARDIA,MI,3015146,C1AA, ,F205,MILANO,B,B13,MI00003232,21,Abitazioni di tipo economico,NORMALE,P,4500,5400,L,2023-2
NORD-OVEST,LOMBARDIA,MI,3015146,C1AA, ,F205,MILANO,B,B13,MI00003232,21,Abitazioni di tipo economico,OTTIMO, ,5500,6800,L,2023-2
NORD-OVEST,LOMBARDIA,MI,3015146,C1AA, ,F205,MILANO,B,B13,MI00003232,19,Abitazioni signorili,OTTIMO,P,7500,9400,L,2023-2
NORD-OVEST,LOMBARDIA,MI,3015146,C1AA, ,F205,MILANO,B,B13,MI00003232,13,Box,NORMALE,P,2750,4000,L,2023-2
NORD-OVEST,LOMBARDIA,MI,3015146,C1AA, ,F205,MILANO,B,B13,MI00003232,9,Magazzini,NORMALE,P,1450,2200,L,2023-2
NORD-OVEST,LOMBARDIA,MI,3015146,C1AA, ,F205,MILANO,B,B13,MI00003232,5,Negozi,OTTIMO, ,6000,8500,L,2023-2
NORD-OVEST,LOMBARDIA,MI,3015146,C1AA, ,F205,MILANO,B,B13,MI00003232,5,Negozi,NORMALE,P,4000,5900,L,2023-2
NORD-OVEST,LOMBARDIA,MI,3015146,C1AA, ,F205,MILANO,B,B13,MI00003232,6,Uffici,OTTIMO,P,4700,6900,L,2023-2
NORD-OVEST,LOMBARDIA,MI,3015146,C1AA, ,F205,MILANO,B,B13,MI00003232,18,Uffici strutturati,OTTIMO,P,5300,7800,L,2023-2
NORD-OVEST,LOMBARDIA,MI,3015146,C1AA, ,F205,MILANO,B,B13,MI00003232,10,Laboratori,NORMALE,P,2000,2600,L,2023-2
NORD-OVEST,LOMBARDIA,MI,3015146,C1AA, ,F205,MILANO,B,B15,MI00003544,20,Abitazioni civili,OTTIMO, ,9100,13500,L,2023-2
NORD-OVEST,LOMBARDIA,MI,3015146,C1AA, ,F205,MILANO,B,B15,MI00003544,20,Abitazioni civili,NORMALE,P,7500,9000,L,2023-2
NORD-OVEST,LOMBARDIA,MI,3015146,C1AA, ,F205,MILANO,B,B15,MI00003544,21,Abitazioni di tipo economico,NORMALE,P,6600,7400,L,2023-2
NORD-OVEST,LOMBARDIA,MI,3015146,C1AA, ,F205,MILANO,B,B15,MI00003544,21,Abitazioni di tipo economico,OTTIMO, ,7500,8600,L,2023-2
NORD-OVEST,LOMBARDIA,MI,3015146,C1AA, ,F205,MILANO,B,B15,MI00003544,19,Abitazioni signorili,OTTIMO,P,12000,17000,L,2023-2
NORD-OVEST,LOMBARDIA,MI,3015146,C1AA, ,F205,MILANO,B,B15,MI00003544,13,Box,NORMALE,P,3700,4900,L,2023-2
NORD-OVEST,LOMBARDIA,MI,3015146,C1AA, ,F205,MILANO,B,B15,MI00003544,9,Magazzini,NORMALE,P,1500,2300,L,2023-2
NORD-OVEST,LOMBARDIA,MI,3015146,C1AA, ,F205,MILANO,B,B15,MI00003544,5,Negozi,OTTIMO, ,9500,15000,L,2023-2
NORD-OVEST,LOMBARDIA,MI,3015146,C1AA, ,F205,MILANO,B,B15,MI00003544,5,Negozi,NORMALE,P,6000,9400,L,2023-2
NORD-OVEST,LOMBARDIA,MI,3015146,C1AA, ,F205,MILANO,B,B15,MI00003544,6,Uffici,OTTIMO,P,6000,8500,L,2023-2
NORD-OVEST,LOMBARDIA,MI,3015146,C1AA, ,F205,MILANO,B,B15,MI00003544,18,Uffici strutturati,OTTIMO,P,6300,9200,L,2023-2
NORD-OVEST,LOMBARDIA,MI,3015146,C1AA, ,F205,MILANO,B,B15,MI00003544,10,Laboratori,NORMALE,P,2400,3000,L,2023-2
NORD-OVEST,LOMBARDIA,MI,3015146,C1AA, ,F205,MILANO,B,B16,MI00003545,20,Abitazioni civili,OTTIMO, ,8600,10400,L,2023-2
NORD-OVEST,LOMBARDIA,MI,3015146,C1AA, ,F205,MILANO,B,B16,MI00003545,20,Abitazioni civili,NORMALE,P,6700,8500,L,2023-2
NORD-OVEST,LOMBARDIA,MI,3015146,C1AA, ,F205,MILANO,B,B16,MI00003545,21,Abitazioni di tipo economico,NORMALE,P,5700,6500,L,2023-2
NORD-OVEST,LOMBARDIA,MI,3015146,C1AA, ,F205,MILANO,B,B16,MI00003545,21,Abitazioni di tipo economico,OTTIMO, ,6600,8000,L,2023-2
NORD-OVEST,LOMBARDIA,MI,3015146,C1AA, ,F205,MILANO,B,B16,MI00003545,19,Abitazioni signorili,OTTIMO,P,9000,12000,L,2023-2
NORD-OVEST,LOMBARDIA,MI,3015146,C1AA, ,F205,MILANO,B,B16,MI00003545,13,Box,NORMALE,P,3500,5200,L,2023-2
NORD-OVEST,LOMBARDIA,MI,3015146,C1AA, ,F205,MILANO,B,B16,MI00003545,9,Magazzini,NORMALE,P,1200,1800,L,2023-2
NORD-OVEST,LOMBARDIA,MI,3015146,C1AA, ,F205,MILANO,B,B16,MI00003545,5,Negozi,OTTIMO, ,6300,8500,L,2023-2
NORD-OVEST,LOMBARDIA,MI,3015146,C1AA, ,F205,MILANO,B,B16,MI00003545,5,Negozi,NORMALE,P,3300,6200,L,2023-2
NORD-OVEST,LOMBARDIA,MI,3015146,C1AA, ,F205,MILANO,B,B16,MI00003545,6,Uffici,OTTIMO,P,4200,6800,L,2023-2
NORD-OVEST,LOMBARDIA,MI,3015146,C1AA, ,F205,MILANO,B,B16,MI00003545,18,Uffici strutturati,OTTIMO,P,5000,7300,L,2023-2
NORD-OVEST,LOMBARDIA,MI,3015146,C1AA, ,F205,MILANO,B,B16,MI00003545,10,Laboratori,NORMALE,P,2300,3000,L,2023-2
NORD-OVEST,LOMBARDIA,MI,3015146,C1AA, ,F205,MILANO,B,B17,MI00004767,20,Abitazioni civili,OTTIMO, ,7600,10700,L,2023-2
NORD-OVEST,LOMBARDIA,MI,3015146,C1AA, ,F205,MILANO,B,B17,MI00004767,20,Abitazioni civili,NORMALE,P,5000,7500,L,2023-2
NORD-OVEST,LOMBARDIA,MI,3015146,C1AA, ,F205,MILANO,B,B17,MI00004767,21,Abitazioni di tipo economico,NORMALE,P,4000,4900,L,2023-2
NORD-OVEST,LOMBARDIA,MI,3015146,C1AA, ,F205,MILANO,B,B17,MI00004767,21,Abitazioni di tipo economico,OTTIMO, ,5000,6600,L,2023-2
NORD-OVEST,LOMBARDIA,MI,3015146,C1AA, ,F205,MILANO,B,B17,MI00004767,19,Abitazioni signorili,OTTIMO,P,8500,11200,L,2023-2
NORD-OVEST,LOMBARDIA,MI,3015146,C1AA, ,F205,MILANO,B,B17,MI00004767,13,Box,NORMALE,P,2500,3800,L,2023-2
NORD-OVEST,LOMBARDIA,MI,3015146,C1AA, ,F205,MILANO,B,B17,MI00004767,9,Magazzini,NORMALE,P,1100,1600,L,2023-2
NORD-OVEST,LOMBARDIA,MI,3015146,C1AA, ,F205,MILANO,B,B17,MI00004767,5,Negozi,OTTIMO, ,5100,8500,L,2023-2
NORD-OVEST,LOMBARDIA,MI,3015146,C1AA, ,F205,MILANO,B,B17,MI00004767,5,Negozi,NORMALE,P,4000,5000,L,2023-2
NORD-OVEST,LOMBARDIA,MI,3015146,C1AA, ,F205,MILANO,B,B17,MI00004767,6,Uffici,OTTIMO,P,3900,6500,L,2023-2
NORD-OVEST,LOMBARDIA,MI,3015146,C1AA, ,F205,MILANO,B,B17,MI00004767,18,Uffici strutturati,OTTIMO,P,4500,7200,L,2023-2
NORD-OVEST,LOMBARDIA,MI,3015146,C1AA, ,F205,MILANO,B,B17,MI00004767,10,Laboratori,NORMALE,P,1600,2300,L,2023-2
NORD-OVEST,LOMBARDIA,MI,3015146,C1AA, ,F205,MILANO,B,B18,MI00004768,20,Abitazioni civili,OTTIMO, ,8100,11000,L,2023-2
NORD-OVEST,LOMBARDIA,MI,3015146,C1AA, ,F205,MILANO,B,B18,MI00004768,20,Abitazioni civili,NORMALE,P,6100,8000,L,2023-2
NORD-OVEST,LOMBARDIA,MI,3015146,C1AA, ,F205,MILANO,B,B18,MI00004768,21,Abitazioni di tipo economico,NORMALE, ,4200,5700,L,2023-2
NORD-OVEST,LOMBARDIA,MI,3015146,C1AA, ,F205,MILANO,B,B18,MI00004768,21,Abitazioni di tipo economico,OTTIMO,P,5800,6700,L,2023-2
NORD-OVEST,LOMBARDIA,MI,3015146,C1AA, ,F205,MILANO,B,B18,MI00004768,13,Box,NORMALE,P,3300,4700,L,2023-2
NORD-OVEST,LOMBARDIA,MI,3015146,C1AA, ,F205,MILANO,B,B18,MI00004768,9,Magazzini,NORMALE,P,1100,1600,L,2023-2
NORD-OVEST,LOMBARDIA,MI,3015146,C1AA, ,F205,MILANO,B,B18,MI00004768,5,Negozi,OTTIMO, ,7200,11500,L,2023-2
NORD-OVEST,LOMBARDIA,MI,3015146,C1AA, ,F205,MILANO,B,B18,MI00004768,5,Negozi,NORMALE,P,4900,7100,L,2023-2
NORD-OVEST,LOMBARDIA,MI,3015146,C1AA, ,F205,MILANO,B,B18,MI00004768,6,Uffici,OTTIMO,P,4600,7000,L,2023-2
NORD-OVEST,LOMBARDIA,MI,3015146,C1AA, ,F205,MILANO,B,B18,MI00004768,18,Uffici strutturati,OTTIMO,P,5000,7500,L,2023-2
NORD-OVEST,LOMBARDIA,MI,3015146,C1AA, ,F205,MILANO,B,B18,MI00004768,10,Laboratori,NORMALE,P,1950,2650,L,2023-2
NORD-OVEST,LOMBARDIA,MI,3015146,C1AA, ,F205,MILANO,B,B19,MI00004769,20,Abitazioni civili,OTTIMO, ,8200,10000,L,2023-2
NORD-OVEST,LOMBARDIA,MI,3015146,C1AA, ,F205,MILANO,B,B19,MI00004769,20,Abitazioni civili,NORMALE,P,6000,8100,L,2023-2
NORD-OVEST,LOMBARDIA,MI,3015146,C1AA, ,F205,MILANO,B,B19,MI00004769,21,Abitazioni di tipo economico,NORMALE,P,4500,5600,L,2023-2
NORD-OVEST,LOMBARDIA,MI,3015146,C1AA, ,F205,MILANO,B,B19,MI00004769,21,Abitazioni di tipo economico,OTTIMO, ,5700,7200,L,2023-2
NORD-OVEST,LOMBARDIA,MI,3015146,C1AA, ,F205,MILANO,B,B19,MI00004769,19,Abitazioni signorili,OTTIMO,P,9400,12000,L,2023-2
NORD-OVEST,LOMBARDIA,MI,3015146,C1AA, ,F205,MILANO,B,B19,MI00004769,13,Box,NORMALE,P,2900,4500,L,2023-2
NORD-OVEST,LOMBARDIA,MI,3015146,C1AA, ,F205,MILANO,B,B19,MI00004769,9,Magazzini,NORMALE,P,1000,1450,L,2023-2
NORD-OVEST,LOMBARDIA,MI,3015146,C1AA, ,F205,MILANO,B,B19,MI00004769,5,Negozi,OTTIMO,P,6200,8200,L,2023-2
NORD-OVEST,LOMBARDIA,MI,3015146,C1AA, ,F205,MILANO,B,B19,MI00004769,5,Negozi,NORMALE, ,3800,6100,L,2023-2
NORD-OVEST,LOMBARDIA,MI,3015146,C1AA, ,F205,MILANO,B,B19,MI00004769,6,Uffici,OTTIMO,P,4500,7500,L,2023-2
NORD-OVEST,LOMBARDIA,MI,3015146,C1AA, ,F205,MILANO,B,B19,MI00004769,18,Uffici strutturati,OTTIMO,P,5000,8000,L,2023-2
NORD-OVEST,LOMBARDIA,MI,3015146,C1AA, ,F205,MILANO,B,B19,MI00004769,10,Laboratori,NORMALE,P,1300,2050,L,2023-2
NORD-OVEST,LOMBARDIA,MI,3015146,C1AA, ,F205,MILANO,B,B20,MI00004770,20,Abitazioni civili,OTTIMO, ,7100,9200,L,2023-2
NORD-OVEST,LOMBARDIA,MI,3015146,C1AA, ,F205,MILANO,B,B20,MI00004770,20,Abitazioni civili,NORMALE,P,5100,7000,L,2023-2
NORD-OVEST,LOMBARDIA,MI,3015146,C1AA, ,F205,MILANO,B,B20,MI00004770,21,Abitazioni di tipo economico,NORMALE,P,4100,5100,L,2023-2
NORD-OVEST,LOMBARDIA,MI,3015146,C1AA, ,F205,MILANO,B,B20,MI00004770,21,Abitazioni di tipo economico,OTTIMO, ,5300,7000,L,2023-2
NORD-OVEST,LOMBARDIA,MI,3015146,C1AA, ,F205,MILANO,B,B20,MI00004770,13,Box,NORMALE,P,2850,3800,L,2023-2
NORD-OVEST,LOMBARDIA,MI,3015146,C1AA, ,F205,MILANO,B,B20,MI00004770,9,Magazzini,NORMALE,P,1000,1300,L,2023-2
NORD-OVEST,LOMBARDIA,MI,3015146,C1AA, ,F205,MILANO,B,B20,MI00004770,5,Negozi,OTTIMO, ,5300,7600,L,2023-2
NORD-OVEST,LOMBARDIA,MI,3015146,C1AA, ,F205,MILANO,B,B20,MI00004770,5,Negozi,NORMALE,P,3700,5200,L,2023-2
NORD-OVEST,LOMBARDIA,MI,3015146,C1AA, ,F205,MILANO,B,B20,MI00004770,6,Uffici,OTTIMO,P,3300,5100,L,2023-2
NORD-OVEST,LOMBARDIA,MI,3015146,C1AA, ,F205,MILANO,B,B20,MI00004770,18,Uffici strutturati,OTTIMO,P,3500,5500,L,2023-2
NORD-OVEST,LOMBARDIA,MI,3015146,C1AA, ,F205,MILANO,B,B20,MI00004770,10,Laboratori,NORMALE,P,1100,1800,L,2023-2
NORD-OVEST,LOMBARDIA,MI,3015146,C1AA, ,F205,MILANO,B,B21,MI00004771,20,Abitazioni civili,OTTIMO, ,6600,8500,L,2023-2
NORD-OVEST,LOMBARDIA,MI,3015146,C1AA, ,F205,MILANO,B,B21,MI00004771,20,Abitazioni civili,NORMALE,P,4600,6500,L,2023-2
NORD-OVEST,LOMBARDIA,MI,3015146,C1AA, ,F205,MILANO,B,B21,MI00004771,21,Abitazioni di tipo economico,NORMALE,P,3900,4700,L,2023-2
NORD-OVEST,LOMBARDIA,MI,3015146,C1AA, ,F205,MILANO,B,B21,MI00004771,21,Abitazioni di tipo economico,OTTIMO, ,4800,5800,L,2023-2
NORD-OVEST,LOMBARDIA,MI,3015146,C1AA, ,F205,MILANO,B,B21,MI00004771,13,Box,NORMALE,P,2200,3300,L,2023-2
NORD-OVEST,LOMBARDIA,MI,3015146,C1AA, ,F205,MILANO,B,B21,MI00004771,9,Magazzini,NORMALE,P,650,1000,L,2023-2
NORD-OVEST,LOMBARDIA,MI,3015146,C1AA, ,F205,MILANO,B,B21,MI00004771,5,Negozi,OTTIMO, ,4100,6700,L,2023-2
NORD-OVEST,LOMBARDIA,MI,3015146,C1AA, ,F205,MILANO,B,B21,MI00004771,5,Negozi,NORMALE,P,2800,4000,L,2023-2
NORD-OVEST,LOMBARDIA,MI,3015146,C1AA, ,F205,MILANO,B,B21,MI00004771,6,Uffici,OTTIMO,P,3000,4500,L,2023-2
NORD-OVEST,LOMBARDIA,MI,3015146,C1AA, ,F205,MILANO,B,B21,MI00004771,18,Uffici strutturati,OTTIMO,P,3400,5300,L,2023-2
NORD-OVEST,LOMBARDIA,MI,3015146,C1AA, ,F205,MILANO,B,B21,MI00004771,10,Laboratori,NORMALE,P,1150,1600,L,2023-2
NORD-OVEST,LOMBARDIA,MI,3015146,C1AA, ,F205,MILANO,C,C12,MI00000307,20,Abitazioni civili,OTTIMO, ,7000,8900,L,2023-2
NORD-OVEST,LOMBARDIA,MI,3015146,C1AA, ,F205,MILANO,C,C12,MI00000307,20,Abitazioni civili,NORMALE,P,5000,6900,L,2023-2
NORD-OVEST,LOMBARDIA,MI,3015146,C1AA, ,F205,MILANO,C,C12,MI00000307,21,Abitazioni di tipo economico,OTTIMO, ,5000,6200,L,2023-2
NORD-OVEST,LOMBARDIA,MI,3015146,C1AA, ,F205,MILANO,C,C12,MI00000307,21,Abitazioni di tipo economico,NORMALE,P,3200,4900,L,2023-2
NORD-OVEST,LOMBARDIA,MI,3015146,C1AA, ,F205,MILANO,C,C12,MI00000307,13,Box,NORMALE,P,2500,3600,L,2023-2
NORD-OVEST,LOMBARDIA,MI,3015146,C1AA, ,F205,MILANO,C,C12,MI00000307,9,Magazzini,NORMALE,P,800,1200,L,2023-2
NORD-OVEST,LOMBARDIA,MI,3015146,C1AA, ,F205,MILANO,C,C12,MI00000307,5,Negozi,OTTIMO,P,5000,8300,L,2023-2
NORD-OVEST,LOMBARDIA,MI,3015146,C1AA, ,F205,MILANO,C,C12,MI00000307,5,Negozi,NORMALE, ,3200,4900,L,2023-2
NORD-OVEST,LOMBARDIA,MI,3015146,C1AA, ,F205,MILANO,C,C12,MI00000307,6,Uffici,OTTIMO,P,4200,5900,L,2023-2
NORD-OVEST,LOMBARDIA,MI,3015146,C1AA, ,F205,MILANO,C,C12,MI00000307,18,Uffici strutturati,OTTIMO,P,4400,6100,L,2023-2
NORD-OVEST,LOMBARDIA,MI,3015146,C1AA, ,F205,MILANO,C,C12,MI00000307,8,Capannoni industriali,NORMALE,P,1000,1400,L,2023-2
NORD-OVEST,LOMBARDIA,MI,3015146,C1AA, ,F205,MILANO,C,C12,MI00000307,7,Capannoni tipici,NORMALE,P,1050,1500,L,2023-2
NORD-OVEST,LOMBARDIA,MI,3015146,C1AA, ,F205,MILANO,C,C12,MI00000307,10,Laboratori,NORMALE,P,1500,2200,L,2023-2
NORD-OVEST,LOMBARDIA,MI,3015146,C1AA, ,F205,MILANO,C,C13,MI00003667,20,Abitazioni civili,OTTIMO,P,9400,12000,L,2023-2
NORD-OVEST,LOMBARDIA,MI,3015146,C1AA, ,F205,MILANO,C,C13,MI00003667,19,Abitazioni signorili,OTTIMO,P,9500,12300,L,2023-2
NORD-OVEST,LOMBARDIA,MI,3015146,C1AA, ,F205,MILANO,C,C13,MI00003667,13,Box,NORMALE,P,2500,3400,L,2023-2
NORD-OVEST,LOMBARDIA,MI,3015146,C1AA, ,F205,MILANO,C,C14,MI00003668,20,Abitazioni civili,NORMALE, ,3800,5800,L,2023-2
NORD-OVEST,LOMBARDIA,MI,3015146,C1AA, ,F205,MILANO,C,C14,MI00003668,20,Abitazioni civili,OTTIMO,P,9700,14500,L,2023-2
NORD-OVEST,LOMBARDIA,MI,3015146,C1AA, ,F205,MILANO,C,C14,MI00003668,19,Abitazioni signorili,OTTIMO,P,11000,16000,L,2023-2
NORD-OVEST,LOMBARDIA,MI,3015146,C1AA, ,F205,MILANO,C,C14,MI00003668,13,Box,NORMALE,P,2200,3300,L,2023-2
NORD-OVEST,LOMBARDIA,MI,3015146,C1AA, ,F205,MILANO,C,C14,MI00003668,18,Uffici strutturati,OTTIMO,P,6400,7800,L,2023-2
NORD-OVEST,LOMBARDIA,MI,3015146,C1AA, ,F205,MILANO,C,C15,MI00003669,20,Abitazioni civili,OTTIMO, ,5200,6700,L,2023-2
NORD-OVEST,LOMBARDIA,MI,3015146,C1AA, ,F205,MILANO,C,C15,MI00003669,20,Abitazioni civili,NORMALE,P,3500,5100,L,2023-2
NORD-OVEST,LOMBARDIA,MI,3015146,C1AA, ,F205,MILANO,C,C15,MI00003669,21,Abitazioni di tipo economico,OTTIMO, ,3400,4200,L,2023-2
NORD-OVEST,LOMBARDIA,MI,3015146,C1AA, ,F205,MILANO,C,C15,MI00003669,21,Abitazioni di tipo economico,NORMALE,P,2700,3300,L,2023-2
NORD-OVEST,LOMBARDIA,MI,3015146,C1AA, ,F205,MILANO,C,C15,MI00003669,13,Box,NORMALE,P,1600,2500,L,2023-2
NORD-OVEST,LOMBARDIA,MI,3015146,C1AA, ,F205,MILANO,C,C15,MI00003669,1,Ville e Villini,NORMALE,P,3200,5000,L,2023-2
NORD-OVEST,LOMBARDIA,MI,3015146,C1AA, ,F205,MILANO,C,C15,MI00003669,1,Ville e Villini,OTTIMO, ,5100,5800,L,2023-2
NORD-OVEST,LOMBARDIA,MI,3015146,C1AA, ,F205,MILANO,C,C15,MI00003669,9,Magazzini,NORMALE,P,900,1100,L,2023-2
NORD-OVEST,LOMBARDIA,MI,3015146,C1AA, ,F205,MILANO,C,C15,MI00003669,5,Negozi,OTTIMO, ,2750,4700,L,2023-2
NORD-OVEST,LOMBARDIA,MI,3015146,C1AA, ,F205,MILANO,C,C15,MI00003669,5,Negozi,NORMALE,P,1850,2700,L,2023-2
NORD-OVEST,LOMBARDIA,MI,3015146,C1AA, ,F205,MILANO,C,C15,MI00003669,6,Uffici,OTTIMO,P,2500,4100,L,2023-2
NORD-OVEST,LOMBARDIA,MI,3015146,C1AA, ,F205,MILANO,C,C15,MI00003669,18,Uffici strutturati,OTTIMO,P,3300,4700,L,2023-2
NORD-OVEST,LOMBARDIA,MI,3015146,C1AA, ,F205,MILANO,C,C15,MI00003669,8,Capannoni industriali,NORMALE,P,900,1200,L,2023-2
NORD-OVEST,LOMBARDIA,MI,3015146,C1AA, ,F205,MILANO,C,C15,MI00003669,7,Capannoni tipici,NORMALE,P,900,1300,L,2023-2
NORD-OVEST,LOMBARDIA,MI,3015146,C1AA, ,F205,MILANO,C,C15,MI00003669,10,Laboratori,NORMALE,P,1000,1400,L,2023-2
NORD-OVEST,LOMBARDIA,MI,3015146,C1AA, ,F205,MILANO,C,C16,MI00004772,20,Abitazioni civili,OTTIMO, ,5300,7800,L,2023-2
NORD-OVEST,LOMBARDIA,MI,3015146,C1AA, ,F205,MILANO,C,C16,MI00004772,20,Abitazioni civili,NORMALE,P,3800,5200,L,2023-2
NORD-OVEST,LOMBARDIA,MI,3015146,C1AA, ,F205,MILANO,C,C16,MI00004772,21,Abitazioni di tipo economico,OTTIMO, ,3500,4300,L,2023-2
NORD-OVEST,LOMBARDIA,MI,3015146,C1AA, ,F205,MILANO,C,C16,MI00004772,21,Abitazioni di tipo economico,NORMALE,P,2800,3400,L,2023-2
NORD-OVEST,LOMBARDIA,MI,3015146,C1AA, ,F205,MILANO,C,C16,MI00004772,13,Box,NORMALE,P,1900,3100,L,2023-2
NORD-OVEST,LOMBARDIA,MI,3015146,C1AA, ,F205,MILANO,C,C16,MI00004772,9,Magazzini,NORMALE,P,650,1000,L,2023-2
NORD-OVEST,LOMBARDIA,MI,3015146,C1AA, ,F205,MILANO,C,C16,MI00004772,5,Negozi,OTTIMO, ,4100,5800,L,2023-2
NORD-OVEST,LOMBARDIA,MI,3015146,C1AA, ,F205,MILANO,C,C16,MI00004772,5,Negozi,NORMALE,P,2000,4000,L,2023-2
NORD-OVEST,LOMBARDIA,MI,3015146,C1AA, ,F205,MILANO,C,C16,MI00004772,6,Uffici,OTTIMO,P,2400,4000,L,2023-2
NORD-OVEST,LOMBARDIA,MI,3015146,C1AA, ,F205,MILANO,C,C16,MI00004772,18,Uffici strutturati,OTTIMO,P,2800,4500,L,2023-2
NORD-OVEST,LOMBARDIA,MI,3015146,C1AA, ,F205,MILANO,C,C16,MI00004772,8,Capannoni industriali,NORMALE,P,900,1200,L,2023-2
NORD-OVEST,LOMBARDIA,MI,3015146,C1AA, ,F205,MILANO,C,C16,MI00004772,7,Capannoni tipici,NORMALE,P,950,1250,L,2023-2
NORD-OVEST,LOMBARDIA,MI,3015146,C1AA, ,F205,MILANO,C,C16,MI00004772,10,Laboratori,NORMALE,P,1200,1800,L,2023-2
NORD-OVEST,LOMBARDIA,MI,3015146,C1AA, ,F205,MILANO,C,C17,MI00004773,20,Abitazioni civili,OTTIMO, ,6300,9000,L,2023-2
NORD-OVEST,LOMBARDIA,MI,3015146,C1AA, ,F205,MILANO,C,C17,MI00004773,20,Abitazioni civili,NORMALE,P,4800,6200,L,2023-2
NORD-OVEST,LOMBARDIA,MI,3015146,C1AA, ,F205,MILANO,C,C17,MI00004773,21,Abitazioni di tipo economico,OTTIMO, ,4800,5300,L,2023-2
NORD-OVEST,LOMBARDIA,MI,3015146,C1AA, ,F205,MILANO,C,C17,MI00004773,21,Abitazioni di tipo economico,NORMALE,P,3300,4700,L,2023-2
NORD-OVEST,LOMBARDIA,MI,3015146,C1AA, ,F205,MILANO,C,C17,MI00004773,19,Abitazioni signorili,OTTIMO,P,8000,10200,L,2023-2
NORD-OVEST,LOMBARDIA,MI,3015146,C1AA, ,F205,MILANO,C,C17,MI00004773,13,Box,NORMALE,P,2400,3700,L,2023-2
NORD-OVEST,LOMBARDIA,MI,3015146,C1AA, ,F205,MILANO,C,C17,MI00004773,1,Ville e Villini,OTTIMO,P,5500,7500,L,2023-2
NORD-OVEST,LOMBARDIA,MI,3015146,C1AA, ,F205,MILANO,C,C17,MI00004773,9,Magazzini,NORMALE,P,650,1050,L,2023-2
NORD-OVEST,LOMBARDIA,MI,3015146,C1AA, ,F205,MILANO,C,C17,MI00004773,5,Negozi,OTTIMO, ,4300,6000,L,2023-2
NORD-OVEST,LOMBARDIA,MI,3015146,C1AA, ,F205,MILANO,C,C17,MI00004773,5,Negozi,NORMALE,P,2700,4200,L,2023-2
NORD-OVEST,LOMBARDIA,MI,3015146,C1AA, ,F205,MILANO,C,C17,MI00004773,6,Uffici,OTTIMO,P,3300,5000,L,2023-2
NORD-OVEST,LOMBARDIA,MI,3015146,C1AA, ,F205,MILANO,C,C17,MI00004773,18,Uffici strutturati,OTTIMO,P,3600,5500,L,2023-2
NORD-OVEST,LOMBARDIA,MI,3015146,C1AA, ,F205,MILANO,C,C17,MI00004773,8,Capannoni industriali,NORMALE,P,900,1050,L,2023-2
NORD-OVEST,LOMBARDIA,MI,3015146,C1AA, ,F205,MILANO,C,C17,MI00004773,7,Capannoni tipici,NORMALE,P,1000,1200,L,2023-2
NORD-OVEST,LOMBARDIA,MI,3015146,C1AA, ,F205,MILANO,C,C17,MI00004773,10,Laboratori,NORMALE,P,950,1300,L,2023-2
NORD-OVEST,LOMBARDIA,MI,3015146,C1AA, ,F205,MILANO,C,C18,MI00004774,20,Abitazioni civili,OTTIMO, ,5800,7800,L,2023-2
NORD-OVEST,LOMBARDIA,MI,3015146,C1AA, ,F205,MILANO,C,C18,MI00004774,20,Abitazioni civili,NORMALE,P,4100,5700,L,2023-2
NORD-OVEST,LOMBARDIA,MI,3015146,C1AA, ,F205,MILANO,C,C18,MI00004774,21,Abitazioni di tipo economico,OTTIMO, ,4100,4700,L,2023-2
NORD-OVEST,LOMBARDIA,MI,3015146,C1AA, ,F205,MILANO,C,C18,MI00004774,21,Abitazioni di tipo economico,NORMALE,P,3200,4000,L,2023-2
NORD-OVEST,LOMBARDIA,MI,3015146,C1AA, ,F205,MILANO,C,C18,MI00004774,13,Box,NORMALE,P,2000,3300,L,2023-2
NORD-OVEST,LOMBARDIA,MI,3015146,C1AA, ,F205,MILANO,C,C18,MI00004774,9,Magazzini,NORMALE,P,700,1100,L,2023-2
NORD-OVEST,LOMBARDIA,MI,3015146,C1AA, ,F205,MILANO,C,C18,MI00004774,5,Negozi,OTTIMO,P,3700,5400,L,2023-2
NORD-OVEST,LOMBARDIA,MI,3015146,C1AA, ,F205,MILANO,C,C18,MI00004774,5,Negozi,NORMALE, ,2400,3500,L,2023-2
NORD-OVEST,LOMBARDIA,MI,3015146,C1AA, ,F205,MILANO,C,C18,MI00004774,6,Uffici,OTTIMO,P,2250,3500,L,2023-2
NORD-OVEST,LOMBARDIA,MI,3015146,C1AA, ,F205,MILANO,C,C18,MI00004774,18,Uffici strutturati,OTTIMO,P,2500,3800,L,2023-2
NORD-OVEST,LOMBARDIA,MI,3015146,C1AA, ,F205,MILANO,C,C18,MI00004774,8,Capannoni industriali,NORMALE,P,700,900,L,2023-2
NORD-OVEST,LOMBARDIA,MI,3015146,C1AA, ,F205,MILANO,C,C18,MI00004774,7,Capannoni tipici,NORMALE,P,800,1000,L,2023-2
NORD-OVEST,LOMBARDIA,MI,3015146,C1AA, ,F205,MILANO,C,C18,MI00004774,10,Laboratori,NORMALE,P,900,1400,L,2023-2
NORD-OVEST,LOMBARDIA,MI,3015146,C1AA, ,F205,MILANO,C,C19,MI00004775,20,Abitazioni civili,OTTIMO, ,5300,7000,L,2023-2
NORD-OVEST,LOMBARDIA,MI,3015146,C1AA, ,F205,MILANO,C,C19,MI00004775,20,Abitazioni civili,NORMALE,P,3900,5200,L,2023-2
NORD-OVEST,LOMBARDIA,MI,3015146,C1AA, ,F205,MILANO,C,C19,MI00004775,21,Abitazioni di tipo economico,OTTIMO, ,3800,4500,L,2023-2
NORD-OVEST,LOMBARDIA,MI,3015146,C1AA, ,F205,MILANO,C,C19,MI00004775,21,Abitazioni di tipo economico,NORMALE,P,3000,3700,L,2023-2
NORD-OVEST,LOMBARDIA,MI,3015146,C1AA, ,F205,MILANO,C,C19,MI00004775,13,Box,NORMALE,P,1600,2700,L,2023-2
NORD-OVEST,LOMBARDIA,MI,3015146,C1AA, ,F205,MILANO,C,C19,MI00004775,9,Magazzini,NORMALE,P,650,1000,L,2023-2
NORD-OVEST,LOMBARDIA,MI,3015146,C1AA, ,F205,MILANO,C,C19,MI00004775,5,Negozi,OTTIMO, ,3100,4200,L,2023-2
NORD-OVEST,LOMBARDIA,MI,3015146,C1AA, ,F205,MILANO,C,C19,MI00004775,5,Negozi,NORMALE,P,2400,3000,L,2023-2
NORD-OVEST,LOMBARDIA,MI,3015146,C1AA, ,F205,MILANO,C,C19,MI00004775,6,Uffici,OTTIMO,P,2400,3200,L,2023-2
NORD-OVEST,LOMBARDIA,MI,3015146,C1AA, ,F205,MILANO,C,C19,MI00004775,18,Uffici strutturati,OTTIMO,P,2500,3500,L,2023-2
NORD-OVEST,LOMBARDIA,MI,3015146,C1AA, ,F205,MILANO,C,C19,MI00004775,8,Capannoni industriali,NORMALE,P,800,1000,L,2023-2
NORD-OVEST,LOMBARDIA,MI,3015146,C1AA, ,F205,MILANO,C,C19,MI00004775,7,Capannoni tipici,NORMALE,P,800,1100,L,2023-2
NORD-OVEST,LOMBARDIA,MI,3015146,C1AA, ,F205,MILANO,C,C19,MI00004775,10,Laboratori,NORMALE,P,750,1350,L,2023-2
NORD-OVEST,LOMBARDIA,MI,3015146,C1AA, ,F205,MILANO,C,C20,MI00004776,20,Abitazioni civili,OTTIMO, ,6000,8300,L,2023-2
NORD-OVEST,LOMBARDIA,MI,3015146,C1AA, ,F205,MILANO,C,C20,MI00004776,20,Abitazioni civili,NORMALE,P,4000,5900,L,2023-2
NORD-OVEST,LOMBARDIA,MI,3015146,C1AA, ,F205,MILANO,C,C20,MI00004776,21,Abitazioni di tipo economico,OTTIMO, ,3900,5000,L,2023-2
NORD-OVEST,LOMBARDIA,MI,3015146,C1AA, ,F205,MILANO,C,C20,MI00004776,21,Abitazioni di tipo economico,NORMALE,P,3000,3800,L,2023-2
NORD-OVEST,LOMBARDIA,MI,3015146,C1AA, ,F205,MILANO,C,C20,MI00004776,13,Box,NORMALE,P,2000,3300,L,2023-2
NORD-OVEST,LOMBARDIA,MI,3015146,C1AA, ,F205,MILANO,C,C20,MI00004776,9,Magazzini,NORMALE,P,750,1100,L,2023-2
NORD-OVEST,LOMBARDIA,MI,3015146,C1AA, ,F205,MILANO,C,C20,MI00004776,5,Negozi,OTTIMO, ,3400,5500,L,2023-2
NORD-OVEST,LOMBARDIA,MI,3015146,C1AA, ,F205,MILANO,C,C20,MI00004776,5,Negozi,NORMALE,P,2600,3400,L,2023-2
NORD-OVEST,LOMBARDIA,MI,3015146,C1AA, ,F205,MILANO,C,C20,MI00004776,6,Uffici,OTTIMO,P,2900,4700,L,2023-2
NORD-OVEST,LOMBARDIA,MI,3015146,C1AA, ,F205,MILANO,C,C20,MI00004776,18,Uffici strutturati,OTTIMO,P,3500,5400,L,2023-2
NORD-OVEST,LOMBARDIA,MI,3015146,C1AA, ,F205,MILANO,C,C20,MI00004776,8,Capannoni industriali,NORMALE,P,850,1050,L,2023-2
NORD-OVEST,LOMBARDIA,MI,3015146,C1AA, ,F205,MILANO,C,C20,MI00004776,7,Capannoni tipici,NORMALE,P,950,1200,L,2023-2
NORD-OVEST,LOMBARDIA,MI,3015146,C1AA, ,F205,MILANO,C,C20,MI00004776,10,Laboratori,NORMALE,P,1000,1400,L,2023-2
NORD-OVEST,LOMBARDIA,MI,3015146,C1AA, ,F205,MILANO,D,D10,MI00000317,20,Abitazioni civili,OTTIMO, ,3800,4600,L,2023-2
NORD-OVEST,LOMBARDIA,MI,3015146,C1AA, ,F205,MILANO,D,D10,MI00000317,20,Abitazioni civili,NORMALE,P,2350,3700,L,2023-2
NORD-OVEST,LOMBARDIA,MI,3015146,C1AA, ,F205,MILANO,D,D10,MI00000317,21,Abitazioni di tipo economico,OTTIMO, ,2550,3000,L,2023-2
NORD-OVEST,LOMBARDIA,MI,3015146,C1AA, ,F205,MILANO,D,D10,MI00000317,21,Abitazioni di tipo economico,NORMALE,P,2000,2500,L,2023-2
NORD-OVEST,LOMBARDIA,MI,3015146,C1AA, ,F205,MILANO,D,D10,MI00000317,13,Box,NORMALE,P,1300,2200,L,2023-2
NORD-OVEST,LOMBARDIA,MI,3015146,C1AA, ,F205,MILANO,D,D10,MI00000317,9,Magazzini,NORMALE,P,550,850,L,2023-2
NORD-OVEST,LOMBARDIA,MI,3015146,C1AA, ,F205,MILANO,D,D10,MI00000317,5,Negozi,NORMALE,P,1600,2650,L,2023-2
NORD-OVEST,LOMBARDIA,MI,3015146,C1AA, ,F205,MILANO,D,D10,MI00000317,6,Uffici,OTTIMO,P,1500,2550,L,2023-2
NORD-OVEST,LOMBARDIA,MI,3015146,C1AA, ,F205,MILANO,D,D10,MI00000317,18,Uffici strutturati,OTTIMO,P,1850,2900,L,2023-2
NORD-OVEST,LOMBARDIA,MI,3015146,C1AA, ,F205,MILANO,D,D10,MI00000317,8,Capannoni industriali,OTTIMO,P,700,1100,L,2023-2
NORD-OVEST,LOMBARDIA,MI,3015146,C1AA, ,F205,MILANO,D,D10,MI00000317,7,Capannoni tipici,OTTIMO,P,750,1200,L,2023-2
NORD-OVEST,LOMBARDIA,MI,3015146,C1AA, ,F205,MILANO,D,D10,MI00000317,10,Laboratori,NORMALE,P,650,1100,L,2023-2
NORD-OVEST,LOMBARDIA,MI,3015146,C1AA, ,F205,MILANO,D,D12,MI00000319,20,Abitazioni civili,OTTIMO, ,5500,7500,L,2023-2
NORD-OVEST,LOMBARDIA,MI,3015146,C1AA, ,F205,MILANO,D,D12,MI00000319,20,Abitazioni civili,NORMALE,P,3200,5500,L,2023-2
NORD-OVEST,LOMBARDIA,MI,3015146,C1AA, ,F205,MILANO,D,D12,MI00000319,21,Abitazioni di tipo economico,OTTIMO, ,3100,3700,L,2023-2
NORD-OVEST,LOMBARDIA,MI,3015146,C1AA, ,F205,MILANO,D,D12,MI00000319,21,Abitazioni di tipo economico,NORMALE,P,2600,3000,L,2023-2
NORD-OVEST,LOMBARDIA,MI,3015146,C1AA, ,F205,MILANO,D,D12,MI00000319,13,Box,NORMALE,P,1950,3200,L,2023-2
NORD-OVEST,LOMBARDIA,MI,3015146,C1AA, ,F205,MILANO,D,D12,MI00000319,1,Ville e Villini,NORMALE,P,3000,4800,L,2023-2
NORD-OVEST,LOMBARDIA,MI,3015146,C1AA, ,F205,MILANO,D,D12,MI00000319,1,Ville e Villini,OTTIMO, ,4900,6700,L,2023-2
NORD-OVEST,LOMBARDIA,MI,3015146,C1AA, ,F205,MILANO,D,D12,MI00000319,9,Magazzini,NORMALE,P,800,1100,L,2023-2
NORD-OVEST,LOMBARDIA,MI,3015146,C1AA, ,F205,MILANO,D,D12,MI00000319,5,Negozi,OTTIMO, ,3100,4900,L,2023-2
NORD-OVEST,LOMBARDIA,MI,3015146,C1AA, ,F205,MILANO,D,D12,MI00000319,5,Negozi,NORMALE,P,2300,3000,L,2023-2
NORD-OVEST,LOMBARDIA,MI,3015146,C1AA, ,F205,MILANO,D,D12,MI00000319,6,Uffici,OTTIMO,P,2100,3600,L,2023-2
NORD-OVEST,LOMBARDIA,MI,3015146,C1AA, ,F205,MILANO,D,D12,MI00000319,18,Uffici strutturati,OTTIMO,P,2400,4000,L,2023-2
NORD-OVEST,LOMBARDIA,MI,3015146,C1AA, ,F205,MILANO,D,D12,MI00000319,8,Capannoni industriali,OTTIMO,P,800,1000,L,2023-2
NORD-OVEST,LOMBARDIA,MI,3015146,C1AA, ,F205,MILANO,D,D12,MI00000319,7,Capannoni tipici,OTTIMO,P,800,1100,L,2023-2
NORD-OVEST,LOMBARDIA,MI,3015146,C1AA, ,F205,MILANO,D,D12,MI00000319,10,Laboratori,NORMALE,P,700,1600,L,2023-2
NORD-OVEST,LOMBARDIA,MI,3015146,C1AA, ,F205,MILANO,D,D13,MI00000320,20,Abitazioni civili,OTTIMO, ,3800,4600,L,2023-2
NORD-OVEST,LOMBARDIA,MI,3015146,C1AA, ,F205,MILANO,D,D13,MI00000320,20,Abitazioni civili,NORMALE,P,2600,3700,L,2023-2
NORD-OVEST,LOMBARDIA,MI,3015146,C1AA, ,F205,MILANO,D,D13,MI00000320,21,Abitazioni di tipo economico,OTTIMO, ,2750,3100,L,2023-2
NORD-OVEST,LOMBARDIA,MI,3015146,C1AA, ,F205,MILANO,D,D13,MI00000320,21,Abitazioni di tipo economico,NORMALE,P,2200,2700,L,2023-2
NORD-OVEST,LOMBARDIA,MI,3015146,C1AA, ,F205,MILANO,D,D13,MI00000320,13,Box,NORMALE,P,1350,2000,L,2023-2
NORD-OVEST,LOMBARDIA,MI,3015146,C1AA, ,F205,MILANO,D,D13,MI00000320,9,Magazzini,NORMALE,P,400,900,L,2023-2
NORD-OVEST,LOMBARDIA,MI,3015146,C1AA, ,F205,MILANO,D,D13,MI00000320,5,Negozi,NORMALE,P,1400,2500,L,2023-2
NORD-OVEST,LOMBARDIA,MI,3015146,C1AA, ,F205,MILANO,D,D13,MI00000320,6,Uffici,OTTIMO,P,1800,2500,L,2023-2
NORD-OVEST,LOMBARDIA,MI,3015146,C1AA, ,F205,MILANO,D,D13,MI00000320,18,Uffici strutturati,OTTIMO,P,2000,2800,L,2023-2
NORD-OVEST,LOMBARDIA,MI,3015146,C1AA, ,F205,MILANO,D,D13,MI00000320,8,Capannoni industriali,OTTIMO,P,750,1050,L,2023-2
NORD-OVEST,LOMBARDIA,MI,3015146,C1AA, ,F205,MILANO,D,D13,MI00000320,7,Capannoni tipici,OTTIMO,P,800,1150,L,2023-2
NORD-OVEST,LOMBARDIA,MI,3015146,C1AA, ,F205,MILANO,D,D13,MI00000320,10,Laboratori,NORMALE,P,700,1000,L,2023-2
NORD-OVEST,LOMBARDIA,MI,3015146,C1AA, ,F205,MILANO,D,D15,MI00000322,20,Abitazioni civili,OTTIMO, ,3600,4300,L,2023-2
NORD-OVEST,LOMBARDIA,MI,3015146,C1AA, ,F205,MILANO,D,D15,MI00000322,20,Abitazioni civili,NORMALE,P,2200,3500,L,2023-2
NORD-OVEST,LOMBARDIA,MI,3015146,C1AA, ,F205,MILANO,D,D15,MI00000322,21,Abitazioni di tipo economico,OTTIMO, ,2250,2700,L,2023-2
NORD-OVEST,LOMBARDIA,MI,3015146,C1AA, ,F205,MILANO,D,D15,MI00000322,21,Abitazioni di tipo economico,NORMALE,P,1650,2200,L,2023-2
NORD-OVEST,LOMBARDIA,MI,3015146,C1AA, ,F205,MILANO,D,D15,MI00000322,13,Box,NORMALE,P,1250,1900,L,2023-2
NORD-OVEST,LOMBARDIA,MI,3015146,C1AA, ,F205,MILANO,D,D15,MI00000322,9,Magazzini,NORMALE,P,500,750,L,2023-2
NORD-OVEST,LOMBARDIA,MI,3015146,C1AA, ,F205,MILANO,D,D15,MI00000322,5,Negozi,NORMALE,P,1200,2300,L,2023-2
NORD-OVEST,LOMBARDIA,MI,3015146,C1AA, ,F205,MILANO,D,D15,MI00000322,6,Uffici,OTTIMO,P,1500,2400,L,2023-2
NORD-OVEST,LOMBARDIA,MI,3015146,C1AA, ,F205,MILANO,D,D15,MI00000322,18,Uffici strutturati,OTTIMO,P,1850,2850,L,2023-2
NORD-OVEST,LOMBARDIA,MI,3015146,C1AA, ,F205,MILANO,D,D15,MI00000322,8,Capannoni industriali,OTTIMO,P,750,1100,L,2023-2
NORD-OVEST,LOMBARDIA,MI,3015146,C1AA, ,F205,MILANO,D,D15,MI00000322,7,Capannoni tipici,OTTIMO,P,800,1200,L,2023-2
NORD-OVEST,LOMBARDIA,MI,3015146,C1AA, ,F205,MILANO,D,D15,MI00000322,10,Laboratori,NORMALE,P,700,1200,L,2023-2
NORD-OVEST,LOMBARDIA,MI,3015146,C1AA, ,F205,MILANO,D,D16,MI00000323,20,Abitazioni civili,OTTIMO, ,4200,6100,L,2023-2
NORD-OVEST,LOMBARDIA,MI,3015146,C1AA, ,F205,MILANO,D,D16,MI00000323,20,Abitazioni civili,NORMALE,P,2950,4100,L,2023-2
NORD-OVEST,LOMBARDIA,MI,3015146,C1AA, ,F205,MILANO,D,D16,MI00000323,21,Abitazioni di tipo economico,OTTIMO, ,3200,3700,L,2023-2
NORD-OVEST,LOMBARDIA,MI,3015146,C1AA, ,F205,MILANO,D,D16,MI00000323,21,Abitazioni di tipo economico,NORMALE,P,2400,3200,L,2023-2
NORD-OVEST,LOMBARDIA,MI,3015146,C1AA, ,F205,MILANO,D,D16,MI00000323,13,Box,NORMALE,P,1600,2600,L,2023-2
NORD-OVEST,LOMBARDIA,MI,3015146,C1AA, ,F205,MILANO,D,D16,MI00000323,9,Magazzini,NORMALE,P,500,950,L,2023-2
NORD-OVEST,LOMBARDIA,MI,3015146,C1AA, ,F205,MILANO,D,D16,MI00000323,5,Negozi,NORMALE,P,2000,3800,L,2023-2
NORD-OVEST,LOMBARDIA,MI,3015146,C1AA, ,F205,MILANO,D,D16,MI00000323,6,Uffici,OTTIMO,P,1700,2600,L,2023-2
NORD-OVEST,LOMBARDIA,MI,3015146,C1AA, ,F205,MILANO,D,D16,MI00000323,18,Uffici strutturati,OTTIMO,P,2100,3500,L,2023-2
NORD-OVEST,LOMBARDIA,MI,3015146,C1AA, ,F205,MILANO,D,D16,MI00000323,8,Capannoni industriali,OTTIMO,P,750,1100,L,2023-2
NORD-OVEST,LOMBARDIA,MI,3015146,C1AA, ,F205,MILANO,D,D16,MI00000323,7,Capannoni tipici,OTTIMO,P,750,1150,L,2023-2
NORD-OVEST,LOMBARDIA,MI,3015146,C1AA, ,F205,MILANO,D,D16,MI00000323,10,Laboratori,NORMALE,P,700,1200,L,2023-2
NORD-OVEST,LOMBARDIA,MI,3015146,C1AA, ,F205,MILANO,D,D18,MI00000325,20,Abitazioni civili,OTTIMO, ,3500,4900,L,2023-2
NORD-OVEST,LOMBARDIA,MI,3015146,C1AA, ,F205,MILANO,D,D18,MI00000325,20,Abitazioni civili,NORMALE,P,2250,3400,L,2023-2
NORD-OVEST,LOMBARDIA,MI,3015146,C1AA, ,F205,MILANO,D,D18,MI00000325,21,Abitazioni di tipo economico,OTTIMO, ,2650,3000,L,2023-2
NORD-OVEST,LOMBARDIA,MI,3015146,C1AA, ,F205,MILANO,D,D18,MI00000325,21,Abitazioni di tipo economico,NORMALE,P,2150,2600,L,2023-2
NORD-OVEST,LOMBARDIA,MI,3015146,C1AA, ,F205,MILANO,D,D18,MI00000325,13,Box,NORMALE,P,1300,2200,L,2023-2
NORD-OVEST,LOMBARDIA,MI,3015146,C1AA, ,F205,MILANO,D,D18,MI00000325,9,Magazzini,NORMALE,P,450,850,L,2023-2
NORD-OVEST,LOMBARDIA,MI,3015146,C1AA, ,F205,MILANO,D,D18,MI00000325,5,Negozi,NORMALE,P,1350,2500,L,2023-2
NORD-OVEST,LOMBARDIA,MI,3015146,C1AA, ,F205,MILANO,D,D18,MI00000325,6,Uffici,OTTIMO,P,1700,2450,L,2023-2
NORD-OVEST,LOMBARDIA,MI,3015146,C1AA, ,F205,MILANO,D,D18,MI00000325,18,Uffici strutturati,OTTIMO,P,2000,3000,L,2023-2
NORD-OVEST,LOMBARDIA,MI,3015146,C1AA, ,F205,MILANO,D,D18,MI00000325,8,Capannoni industriali,OTTIMO,P,800,1100,L,2023-2
NORD-OVEST,LOMBARDIA,MI,3015146,C1AA, ,F205,MILANO,D,D18,MI00000325,7,Capannoni tipici,OTTIMO,P,850,1150,L,2023-2
NORD-OVEST,LOMBARDIA,MI,3015146,C1AA, ,F205,MILANO,D,D18,MI00000325,10,Laboratori,NORMALE,P,900,1350,L,2023-2
NORD-OVEST,LOMBARDIA,MI,3015146,C1AA, ,F205,MILANO,D,D20,MI00000327,20,Abitazioni civili,OTTIMO, ,4100,5500,L,2023-2
NORD-OVEST,LOMBARDIA,MI,3015146,C1AA, ,F205,MILANO,D,D20,MI00000327,20,Abitazioni civili,NORMALE,P,2800,4000,L,2023-2
NORD-OVEST,LOMBARDIA,MI,3015146,C1AA, ,F205,MILANO,D,D20,MI00000327,21,Abitazioni di tipo economico,OTTIMO, ,2650,3100,L,2023-2
NORD-OVEST,LOMBARDIA,MI,3015146,C1AA, ,F205,MILANO,D,D20,MI00000327,21,Abitazioni di tipo economico,NORMALE,P,2300,2600,L,2023-2
NORD-OVEST,LOMBARDIA,MI,3015146,C1AA, ,F205,MILANO,D,D20,MI00000327,13,Box,NORMALE,P,1300,2100,L,2023-2
NORD-OVEST,LOMBARDIA,MI,3015146,C1AA, ,F205,MILANO,D,D20,MI00000327,9,Magazzini,NORMALE,P,600,1000,L,2023-2
NORD-OVEST,LOMBARDIA,MI,3015146,C1AA, ,F205,MILANO,D,D20,MI00000327,5,Negozi,OTTIMO, ,2150,3100,L,2023-2
NORD-OVEST,LOMBARDIA,MI,3015146,C1AA, ,F205,MILANO,D,D20,MI00000327,5,Negozi,NORMALE,P,1500,2100,L,2023-2
NORD-OVEST,LOMBARDIA,MI,3015146,C1AA, ,F205,MILANO,D,D20,MI00000327,6,Uffici,OTTIMO,P,1750,2600,L,2023-2
NORD-OVEST,LOMBARDIA,MI,3015146,C1AA, ,F205,MILANO,D,D20,MI00000327,18,Uffici strutturati,OTTIMO,P,2200,3200,L,2023-2
NORD-OVEST,LOMBARDIA,MI,3015146,C1AA, ,F205,MILANO,D,D20,MI00000327,8,Capannoni industriali,OTTIMO,P,800,1100,L,2023-2
NORD-OVEST,LOMBARDIA,MI,3015146,C1AA, ,F205,MILANO,D,D20,MI00000327,7,Capannoni tipici,OTTIMO,P,800,1200,L,2023-2
NORD-OVEST,LOMBARDIA,MI,3015146,C1AA, ,F205,MILANO,D,D20,MI00000327,10,Laboratori,NORMALE,P,800,1200,L,2023-2
NORD-OVEST,LOMBARDIA,MI,3015146,C1AA, ,F205,MILANO,D,D21,MI00000328,20,Abitazioni civili,OTTIMO, ,3800,4800,L,2023-2
NORD-OVEST,LOMBARDIA,MI,3015146,C1AA, ,F205,MILANO,D,D21,MI00000328,20,Abitazioni civili,NORMALE,P,2400,3700,L,2023-2
NORD-OVEST,LOMBARDIA,MI,3015146,C1AA, ,F205,MILANO,D,D21,MI00000328,21,Abitazioni di tipo economico,OTTIMO, ,2550,3000,L,2023-2
NORD-OVEST,LOMBARDIA,MI,3015146,C1AA, ,F205,MILANO,D,D21,MI00000328,21,Abitazioni di tipo economico,NORMALE,P,1900,2500,L,2023-2
NORD-OVEST,LOMBARDIA,MI,3015146,C1AA, ,F205,MILANO,D,D21,MI00000328,13,Box,NORMALE,P,1100,2000,L,2023-2
NORD-OVEST,LOMBARDIA,MI,3015146,C1AA, ,F205,MILANO,D,D21,MI00000328,9,Magazzini,NORMALE,P,600,950,L,2023-2
NORD-OVEST,LOMBARDIA,MI,3015146,C1AA, ,F205,MILANO,D,D21,MI00000328,5,Negozi,OTTIMO, ,2350,3300,L,2023-2
NORD-OVEST,LOMBARDIA,MI,3015146,C1AA, ,F205,MILANO,D,D21,MI00000328,5,Negozi,NORMALE,P,1550,2300,L,2023-2
NORD-OVEST,LOMBARDIA,MI,3015146,C1AA, ,F205,MILANO,D,D21,MI00000328,6,Uffici,OTTIMO,P,1850,2900,L,2023-2
NORD-OVEST,LOMBARDIA,MI,3015146,C1AA, ,F205,MILANO,D,D21,MI00000328,18,Uffici strutturati,OTTIMO,P,2300,3100,L,2023-2
NORD-OVEST,LOMBARDIA,MI,3015146,C1AA, ,F205,MILANO,D,D21,MI00000328,8,Capannoni industriali,OTTIMO,P,800,1050,L,2023-2
NORD-OVEST,LOMBARDIA,MI,3015146,C1AA, ,F205,MILANO,D,D21,MI00000328,7,Capannoni tipici,OTTIMO,P,800,1100,L,2023-2
NORD-OVEST,LOMBARDIA,MI,3015146,C1AA, ,F205,MILANO,D,D21,MI00000328,10,Laboratori,NORMALE,P,700,1200,L,2023-2
NORD-OVEST,LOMBARDIA,MI,3015146,C1AA, ,F205,MILANO,D,D24,MI00000331,20,Abitazioni civili,OTTIMO, ,4400,6300,L,2023-2
NORD-OVEST,LOMBARDIA,MI,3015146,C1AA, ,F205,MILANO,D,D24,MI00000331,20,Abitazioni civili,NORMALE,P,2600,4300,L,2023-2
NORD-OVEST,LOMBARDIA,MI,3015146,C1AA, ,F205,MILANO,D,D24,MI00000331,21,Abitazioni di tipo economico,OTTIMO,P,2700,3200,L,2023-2
NORD-OVEST,LOMBARDIA,MI,3015146,C1AA, ,F205,MILANO,D,D24,MI00000331,21,Abitazioni di tipo economico,NORMALE, ,2000,2650,L,2023-2
NORD-OVEST,LOMBARDIA,MI,3015146,C1AA, ,F205,MILANO,D,D24,MI00000331,13,Box,NORMALE,P,1600,2400,L,2023-2
NORD-OVEST,LOMBARDIA,MI,3015146,C1AA, ,F205,MILANO,D,D24,MI00000331,9,Magazzini,NORMALE,P,550,850,L,2023-2
NORD-OVEST,LOMBARDIA,MI,3015146,C1AA, ,F205,MILANO,D,D24,MI00000331,5,Negozi,OTTIMO, ,2300,3400,L,2023-2
NORD-OVEST,LOMBARDIA,MI,3015146,C1AA, ,F205,MILANO,D,D24,MI00000331,5,Negozi,NORMALE,P,1500,2250,L,2023-2
NORD-OVEST,LOMBARDIA,MI,3015146,C1AA, ,F205,MILANO,D,D24,MI00000331,6,Uffici,OTTIMO,P,1600,2800,L,2023-2
NORD-OVEST,LOMBARDIA,MI,3015146,C1AA, ,F205,MILANO,D,D24,MI00000331,18,Uffici strutturati,OTTIMO,P,1950,3200,L,2023-2
NORD-OVEST,LOMBARDIA,MI,3015146,C1AA, ,F205,MILANO,D,D24,MI00000331,8,Capannoni industriali,OTTIMO,P,700,950,L,2023-2
NORD-OVEST,LOMBARDIA,MI,3015146,C1AA, ,F205,MILANO,D,D24,MI00000331,7,Capannoni tipici,OTTIMO,P,700,1000,L,2023-2
NORD-OVEST,LOMBARDIA,MI,3015146,C1AA, ,F205,MILANO,D,D24,MI00000331,10,Laboratori,NORMALE,P,750,1300,L,2023-2
NORD-OVEST,LOMBARDIA,MI,3015146,C1AA, ,F205,MILANO,D,D25,MI00000332,20,Abitazioni civili,OTTIMO, ,3500,4300,L,2023-2
NORD-OVEST,LOMBARDIA,MI,3015146,C1AA, ,F205,MILANO,D,D25,MI00000332,20,Abitazioni civili,NORMALE,P,2700,3500,L,2023-2
NORD-OVEST,LOMBARDIA,MI,3015146,C1AA, ,F205,MILANO,D,D25,MI00000332,21,Abitazioni di tipo economico,OTTIMO, ,2950,3400,L,2023-2
NORD-OVEST,LOMBARDIA,MI,3015146,C1AA, ,F205,MILANO,D,D25,MI00000332,21,Abitazioni di tipo economico,NORMALE,P,2000,2900,L,2023-2
NORD-OVEST,LOMBARDIA,MI,3015146,C1AA, ,F205,MILANO,D,D25,MI00000332,13,Box,NORMALE,P,1500,2100,L,2023-2
NORD-OVEST,LOMBARDIA,MI,3015146,C1AA, ,F205,MILANO,D,D25,MI00000332,9,Magazzini,NORMALE,P,400,650,L,2023-2
NORD-OVEST,LOMBARDIA,MI,3015146,C1AA, ,F205,MILANO,D,D25,MI00000332,5,Negozi,OTTIMO, ,2100,2650,L,2023-2
NORD-OVEST,LOMBARDIA,MI,3015146,C1AA, ,F205,MILANO,D,D25,MI00000332,5,Negozi,NORMALE,P,1500,2000,L,2023-2
NORD-OVEST,LOMBARDIA,MI,3015146,C1AA, ,F205,MILANO,D,D25,MI00000332,6,Uffici,OTTIMO,P,1500,2000,L,2023-2
NORD-OVEST,LOMBARDIA,MI,3015146,C1AA, ,F205,MILANO,D,D25,MI00000332,18,Uffici strutturati,OTTIMO,P,2000,2800,L,2023-2
NORD-OVEST,LOMBARDIA,MI,3015146,C1AA, ,F205,MILANO,D,D25,MI00000332,8,Capannoni industriali,OTTIMO,P,750,950,L,2023-2
NORD-OVEST,LOMBARDIA,MI,3015146,C1AA, ,F205,MILANO,D,D25,MI00000332,7,Capannoni tipici,OTTIMO,P,850,1000,L,2023-2
NORD-OVEST,LOMBARDIA,MI,3015146,C1AA, ,F205,MILANO,D,D25,MI00000332,10,Laboratori,NORMALE,P,550,900,L,2023-2
NORD-OVEST,LOMBARDIA,MI,3015146,C1AA, ,F205,MILANO,D,D28,MI00000335,20,Abitazioni civili,OTTIMO, ,4000,4900,L,2023-2
NORD-OVEST,LOMBARDIA,MI,3015146,C1AA, ,F205,MILANO,D,D28,MI00000335,20,Abitazioni civili,NORMALE,P,3000,3900,L,2023-2
NORD-OVEST,LOMBARDIA,MI,3015146,C1AA, ,F205,MILANO,D,D28,MI00000335,21,Abitazioni di tipo economico,NORMALE,P,2600,2950,L,2023-2
NORD-OVEST,LOMBARDIA,MI,3015146,C1AA, ,F205,MILANO,D,D28,MI00000335,21,Abitazioni di tipo economico,OTTIMO, ,3000,3600,L,2023-2
NORD-OVEST,LOMBARDIA,MI,3015146,C1AA, ,F205,MILANO,D,D28,MI00000335,13,Box,NORMALE,P,1500,2100,L,2023-2
NORD-OVEST,LOMBARDIA,MI,3015146,C1AA, ,F205,MILANO,D,D28,MI00000335,1,Ville e Villini,NORMALE,P,2900,3800,L,2023-2
NORD-OVEST,LOMBARDIA,MI,3015146,C1AA, ,F205,MILANO,D,D28,MI00000335,1,Ville e Villini,OTTIMO, ,3900,4800,L,2023-2
NORD-OVEST,LOMBARDIA,MI,3015146,C1AA, ,F205,MILANO,D,D28,MI00000335,9,Magazzini,NORMALE,P,450,600,L,2023-2
NORD-OVEST,LOMBARDIA,MI,3015146,C1AA, ,F205,MILANO,D,D28,MI00000335,5,Negozi,NORMALE,P,1050,1450,L,2023-2
NORD-OVEST,LOMBARDIA,MI,3015146,C1AA, ,F205,MILANO,D,D28,MI00000335,6,Uffici,OTTIMO,P,1450,2500,L,2023-2
NORD-OVEST,LOMBARDIA,MI,3015146,C1AA, ,F205,MILANO,D,D28,MI00000335,18,Uffici strutturati,OTTIMO,P,2200,3000,L,2023-2
NORD-OVEST,LOMBARDIA,MI,3015146,C1AA, ,F205,MILANO,D,D28,MI00000335,8,Capannoni industriali,OTTIMO,P,650,850,L,2023-2
NORD-OVEST,LOMBARDIA,MI,3015146,C1AA, ,F205,MILANO,D,D28,MI00000335,7,Capannoni tipici,OTTIMO,P,700,900,L,2023-2
NORD-OVEST,LOMBARDIA,MI,3015146,C1AA, ,F205,MILANO,D,D28,MI00000335,10,Laboratori,NORMALE,P,600,900,L,2023-2
NORD-OVEST,LOMBARDIA,MI,3015146,C1AA, ,F205,MILANO,D,D30,MI00004777,20,Abitazioni civili,OTTIMO, ,3600,5000,L,2023-2
NORD-OVEST,LOMBARDIA,MI,3015146,C1AA, ,F205,MILANO,D,D30,MI00004777,20,Abitazioni civili,NORMALE,P,2750,3500,L,2023-2
NORD-OVEST,LOMBARDIA,MI,3015146,C1AA, ,F205,MILANO,D,D30,MI00004777,21,Abitazioni di tipo economico,OTTIMO, ,2350,3300,L,2023-2
NORD-OVEST,LOMBARDIA,MI,3015146,C1AA, ,F205,MILANO,D,D30,MI00004777,21,Abitazioni di tipo economico,NORMALE,P,1900,2300,L,2023-2
NORD-OVEST,LOMBARDIA,MI,3015146,C1AA, ,F205,MILANO,D,D30,MI00004777,13,Box,NORMALE,P,1450,2200,L,2023-2
NORD-OVEST,LOMBARDIA,MI,3015146,C1AA, ,F205,MILANO,D,D30,MI00004777,9,Magazzini,NORMALE,P,550,800,L,2023-2
NORD-OVEST,LOMBARDIA,MI,3015146,C1AA, ,F205,MILANO,D,D30,MI00004777,5,Negozi,OTTIMO, ,1750,2900,L,2023-2
NORD-OVEST,LOMBARDIA,MI,3015146,C1AA, ,F205,MILANO,D,D30,MI00004777,5,Negozi,NORMALE,P,1300,1700,L,2023-2
NORD-OVEST,LOMBARDIA,MI,3015146,C1AA, ,F205,MILANO,D,D30,MI00004777,6,Uffici,OTTIMO,P,1550,2400,L,2023-2
NORD-OVEST,LOMBARDIA,MI,3015146,C1AA, ,F205,MILANO,D,D30,MI00004777,18,Uffici strutturati,OTTIMO,P,2400,3500,L,2023-2
NORD-OVEST,LOMBARDIA,MI,3015146,C1AA, ,F205,MILANO,D,D30,MI00004777,8,Capannoni industriali,OTTIMO,P,850,1200,L,2023-2
NORD-OVEST,LOMBARDIA,MI,3015146,C1AA, ,F205,MILANO,D,D30,MI00004777,7,Capannoni tipici,OTTIMO,P,950,1200,L,2023-2
NORD-OVEST,LOMBARDIA,MI,3015146,C1AA, ,F205,MILANO,D,D30,MI00004777,10,Laboratori,NORMALE,P,850,1300,L,2023-2
NORD-OVEST,LOMBARDIA,MI,3015146,C1AA, ,F205,MILANO,D,D31,MI00004778,20,Abitazioni civili,OTTIMO, ,4000,5000,L,2023-2
NORD-OVEST,LOMBARDIA,MI,3015146,C1AA, ,F205,MILANO,D,D31,MI00004778,20,Abitazioni civili,NORMALE,P,2400,3900,L,2023-2
NORD-OVEST,LOMBARDIA,MI,3015146,C1AA, ,F205,MILANO,D,D31,MI00004778,21,Abitazioni di tipo economico,OTTIMO, ,2500,3200,L,2023-2
NORD-OVEST,LOMBARDIA,MI,3015146,C1AA, ,F205,MILANO,D,D31,MI00004778,21,Abitazioni di tipo economico,NORMALE,P,1750,2400,L,2023-2
NORD-OVEST,LOMBARDIA,MI,3015146,C1AA, ,F205,MILANO,D,D31,MI00004778,13,Box,NORMALE,P,1150,1700,L,2023-2
NORD-OVEST,LOMBARDIA,MI,3015146,C1AA, ,F205,MILANO,D,D31,MI00004778,9,Magazzini,NORMALE,P,600,1000,L,2023-2
NORD-OVEST,LOMBARDIA,MI,3015146,C1AA, ,F205,MILANO,D,D31,MI00004778,5,Negozi,NORMALE,P,1650,2900,L,2023-2
NORD-OVEST,LOMBARDIA,MI,3015146,C1AA, ,F205,MILANO,D,D31,MI00004778,6,Uffici,OTTIMO,P,1600,2400,L,2023-2
NORD-OVEST,LOMBARDIA,MI,3015146,C1AA, ,F205,MILANO,D,D31,MI00004778,18,Uffici strutturati,OTTIMO,P,2000,2700,L,2023-2
NORD-OVEST,LOMBARDIA,MI,3015146,C1AA, ,F205,MILANO,D,D31,MI00004778,8,Capannoni industriali,OTTIMO,P,800,1000,L,2023-2
NORD-OVEST,LOMBARDIA,MI,3015146,C1AA, ,F205,MILANO,D,D31,MI00004778,7,Capannoni tipici,OTTIMO,P,850,1100,L,2023-2
NORD-OVEST,LOMBARDIA,MI,3015146,C1AA, ,F205,MILANO,D,D31,MI00004778,10,Laboratori,NORMALE,P,700,1350,L,2023-2
NORD-OVEST,LOMBARDIA,MI,3015146,C1AA, ,F205,MILANO,D,D32,MI00004779,20,Abitazioni civili,OTTIMO, ,2800,4200,L,2023-2
NORD-OVEST,LOMBARDIA,MI,3015146,C1AA, ,F205,MILANO,D,D32,MI00004779,20,Abitazioni civili,NORMALE,P,2100,2700,L,2023-2
NORD-OVEST,LOMBARDIA,MI,3015146,C1AA, ,F205,MILANO,D,D32,MI00004779,21,Abitazioni di tipo economico,NORMALE,P,1600,2100,L,2023-2
NORD-OVEST,LOMBARDIA,MI,3015146,C1AA, ,F205,MILANO,D,D32,MI00004779,21,Abitazioni di tipo economico,OTTIMO, ,2200,2700,L,2023-2
NORD-OVEST,LOMBARDIA,MI,3015146,C1AA, ,F205,MILANO,D,D32,MI00004779,13,Box,NORMALE,P,1100,1800,L,2023-2
NORD-OVEST,LOMBARDIA,MI,3015146,C1AA, ,F205,MILANO,D,D32,MI00004779,1,Ville e Villini,NORMALE,P,1850,2700,L,2023-2
NORD-OVEST,LOMBARDIA,MI,3015146,C1AA, ,F205,MILANO,D,D32,MI00004779,1,Ville e Villini,OTTIMO, ,2750,3900,L,2023-2
NORD-OVEST,LOMBARDIA,MI,3015146,C1AA, ,F205,MILANO,D,D32,MI00004779,9,Magazzini,NORMALE,P,500,850,L,2023-2
NORD-OVEST,LOMBARDIA,MI,3015146,C1AA, ,F205,MILANO,D,D32,MI00004779,5,Negozi,NORMALE,P,1300,2000,L,2023-2
NORD-OVEST,LOMBARDIA,MI,3015146,C1AA, ,F205,MILANO,D,D32,MI00004779,6,Uffici,OTTIMO,P,1600,2200,L,2023-2
NORD-OVEST,LOMBARDIA,MI,3015146,C1AA, ,F205,MILANO,D,D32,MI00004779,18,Uffici strutturati,OTTIMO,P,1850,2700,L,2023-2
NORD-OVEST,LOMBARDIA,MI,3015146,C1AA, ,F205,MILANO,D,D32,MI00004779,8,Capannoni industriali,OTTIMO,P,850,1200,L,2023-2
NORD-OVEST,LOMBARDIA,MI,3015146,C1AA, ,F205,MILANO,D,D32,MI00004779,7,Capannoni tipici,OTTIMO,P,850,1200,L,2023-2
NORD-OVEST,LOMBARDIA,MI,3015146,C1AA, ,F205,MILANO,D,D32,MI00004779,10,Laboratori,NORMALE,P,650,1150,L,2023-2
NORD-OVEST,LOMBARDIA,MI,3015146,C1AA, ,F205,MILANO,D,D33,MI00004780,20,Abitazioni civili,OTTIMO, ,3800,4300,L,2023-2
NORD-OVEST,LOMBARDIA,MI,3015146,C1AA, ,F205,MILANO,D,D33,MI00004780,20,Abitazioni civili,NORMALE,P,2650,3700,L,2023-2
NORD-OVEST,LOMBARDIA,MI,3015146,C1AA, ,F205,MILANO,D,D33,MI00004780,21,Abitazioni di tipo economico,OTTIMO, ,2650,3300,L,2023-2
NORD-OVEST,LOMBARDIA,MI,3015146,C1AA, ,F205,MILANO,D,D33,MI00004780,21,Abitazioni di tipo economico,NORMALE,P,2000,2600,L,2023-2
NORD-OVEST,LOMBARDIA,MI,3015146,C1AA, ,F205,MILANO,D,D33,MI00004780,13,Box,NORMALE,P,1050,1600,L,2023-2
NORD-OVEST,LOMBARDIA,MI,3015146,C1AA, ,F205,MILANO,D,D33,MI00004780,9,Magazzini,NORMALE,P,450,700,L,2023-2
NORD-OVEST,LOMBARDIA,MI,3015146,C1AA, ,F205,MILANO,D,D33,MI00004780,5,Negozi,NORMALE,P,1250,1800,L,2023-2
NORD-OVEST,LOMBARDIA,MI,3015146,C1AA, ,F205,MILANO,D,D33,MI00004780,6,Uffici,OTTIMO,P,1600,2100,L,2023-2
NORD-OVEST,LOMBARDIA,MI,3015146,C1AA, ,F205,MILANO,D,D33,MI00004780,18,Uffici strutturati,OTTIMO,P,2000,2650,L,2023-2
NORD-OVEST,LOMBARDIA,MI,3015146,C1AA, ,F205,MILANO,D,D33,MI00004780,8,Capannoni industriali,OTTIMO,P,800,1100,L,2023-2
NORD-OVEST,LOMBARDIA,MI,3015146,C1AA, ,F205,MILANO,D,D33,MI00004780,7,Capannoni tipici,OTTIMO,P,900,1250,L,2023-2
NORD-OVEST,LOMBARDIA,MI,3015146,C1AA, ,F205,MILANO,D,D33,MI00004780,10,Laboratori,NORMALE,P,700,1200,L,2023-2
NORD-OVEST,LOMBARDIA,MI,3015146,C1AA, ,F205,MILANO,D,D34,MI00004781,20,Abitazioni civili,OTTIMO, ,3800,4700,L,2023-2
NORD-OVEST,LOMBARDIA,MI,3015146,C1AA, ,F205,MILANO,D,D34,MI00004781,20,Abitazioni civili,NORMALE,P,2700,3800,L,2023-2
NORD-OVEST,LOMBARDIA,MI,3015146,C1AA, ,F205,MILANO,D,D34,MI00004781,21,Abitazioni di tipo economico,OTTIMO, ,2850,3500,L,2023-2
NORD-OVEST,LOMBARDIA,MI,3015146,C1AA, ,F205,MILANO,D,D34,MI00004781,21,Abitazioni di tipo economico,NORMALE,P,2300,2800,L,2023-2
NORD-OVEST,LOMBARDIA,MI,3015146,C1AA, ,F205,MILANO,D,D34,MI00004781,13,Box,NORMALE,P,1100,1600,L,2023-2
NORD-OVEST,LOMBARDIA,MI,3015146,C1AA, ,F205,MILANO,D,D34,MI00004781,9,Magazzini,NORMALE,P,550,800,L,2023-2
NORD-OVEST,LOMBARDIA,MI,3015146,C1AA, ,F205,MILANO,D,D34,MI00004781,5,Negozi,NORMALE,P,1150,1800,L,2023-2
NORD-OVEST,LOMBARDIA,MI,3015146,C1AA, ,F205,MILANO,D,D34,MI00004781,6,Uffici,OTTIMO,P,1600,2100,L,2023-2
NORD-OVEST,LOMBARDIA,MI,3015146,C1AA, ,F205,MILANO,D,D34,MI00004781,18,Uffici strutturati,OTTIMO,P,2200,3100,L,2023-2
NORD-OVEST,LOMBARDIA,MI,3015146,C1AA, ,F205,MILANO,D,D34,MI00004781,8,Capannoni industriali,OTTIMO,P,750,1000,L,2023-2
NORD-OVEST,LOMBARDIA,MI,3015146,C1AA, ,F205,MILANO,D,D34,MI00004781,7,Capannoni tipici,OTTIMO,P,800,1050,L,2023-2
NORD-OVEST,LOMBARDIA,MI,3015146,C1AA, ,F205,MILANO,D,D34,MI00004781,10,Laboratori,NORMALE,P,650,950,L,2023-2
NORD-OVEST,LOMBARDIA,MI,3015146,C1AA, ,F205,MILANO,D,D35,MI00004782,20,Abitazioni civili,OTTIMO, ,3900,4700,L,2023-2
NORD-OVEST,LOMBARDIA,MI,3015146,C1AA, ,F205,MILANO,D,D35,MI00004782,20,Abitazioni civili,NORMALE,P,2400,3900,L,2023-2
NORD-OVEST,LOMBARDIA,MI,3015146,C1AA, ,F205,MILANO,D,D35,MI00004782,21,Abitazioni di tipo economico,OTTIMO, ,2600,3200,L,2023-2
NORD-OVEST,LOMBARDIA,MI,3015146,C1AA, ,F205,MILANO,D,D35,MI00004782,21,Abitazioni di tipo economico,NORMALE,P,2000,2500,L,2023-2
NORD-OVEST,LOMBARDIA,MI,3015146,C1AA, ,F205,MILANO,D,D35,MI00004782,13,Box,NORMALE,P,1400,2100,L,2023-2
NORD-OVEST,LOMBARDIA,MI,3015146,C1AA, ,F205,MILANO,D,D35,MI00004782,9,Magazzini,NORMALE,P,650,850,L,2023-2
NORD-OVEST,LOMBARDIA,MI,3015146,C1AA, ,F205,MILANO,D,D35,MI00004782,5,Negozi,NORMALE,P,1350,2600,L,2023-2
NORD-OVEST,LOMBARDIA,MI,3015146,C1AA, ,F205,MILANO,D,D35,MI00004782,6,Uffici,OTTIMO,P,1650,2500,L,2023-2
NORD-OVEST,LOMBARDIA,MI,3015146,C1AA, ,F205,MILANO,D,D35,MI00004782,18,Uffici strutturati,OTTIMO,P,2250,3000,L,2023-2
NORD-OVEST,LOMBARDIA,MI,3015146,C1AA, ,F205,MILANO,D,D35,MI00004782,8,Capannoni industriali,OTTIMO,P,850,1200,L,2023-2
NORD-OVEST,LOMBARDIA,MI,3015146,C1AA, ,F205,MILANO,D,D35,MI00004782,7,Capannoni tipici,OTTIMO,P,900,1300,L,2023-2
NORD-OVEST,LOMBARDIA,MI,3015146,C1AA, ,F205,MILANO,D,D35,MI00004782,10,Laboratori,NORMALE,P,800,1350,L,2023-2
NORD-OVEST,LOMBARDIA,MI,3015146,C1AA, ,F205,MILANO,D,D36,MI00004783,20,Abitazioni civili,OTTIMO, ,4400,6000,L,2023-2
NORD-OVEST,LOMBARDIA,MI,3015146,C1AA, ,F205,MILANO,D,D36,MI00004783,20,Abitazioni civili,NORMALE,P,3000,4300,L,2023-2
NORD-OVEST,LOMBARDIA,MI,3015146,C1AA, ,F205,MILANO,D,D36,MI00004783,21,Abitazioni di tipo economico,OTTIMO, ,3100,3900,L,2023-2
NORD-OVEST,LOMBARDIA,MI,3015146,C1AA, ,F205,MILANO,D,D36,MI00004783,21,Abitazioni di tipo economico,NORMALE,P,2200,3000,L,2023-2
NORD-OVEST,LOMBARDIA,MI,3015146,C1AA, ,F205,MILANO,D,D36,MI00004783,13,Box,NORMALE,P,1600,2400,L,2023-2
NORD-OVEST,LOMBARDIA,MI,3015146,C1AA, ,F205,MILANO,D,D36,MI00004783,9,Magazzini,NORMALE,P,500,800,L,2023-2
NORD-OVEST,LOMBARDIA,MI,3015146,C1AA, ,F205,MILANO,D,D36,MI00004783,5,Negozi,NORMALE,P,1750,3000,L,2023-2
NORD-OVEST,LOMBARDIA,MI,3015146,C1AA, ,F205,MILANO,D,D36,MI00004783,6,Uffici,OTTIMO,P,1800,2800,L,2023-2
NORD-OVEST,LOMBARDIA,MI,3015146,C1AA, ,F205,MILANO,D,D36,MI00004783,18,Uffici strutturati,OTTIMO,P,2100,3100,L,2023-2
NORD-OVEST,LOMBARDIA,MI,3015146,C1AA, ,F205,MILANO,D,D36,MI00004783,8,Capannoni industriali,OTTIMO,P,900,1100,L,2023-2
NORD-OVEST,LOMBARDIA,MI,3015146,C1AA, ,F205,MILANO,D,D36,MI00004783,7,Capannoni tipici,OTTIMO,P,800,1150,L,2023-2
NORD-OVEST,LOMBARDIA,MI,3015146,C1AA, ,F205,MILANO,D,D36,MI00004783,10,Laboratori,NORMALE,P,750,1250,L,2023-2
NORD-OVEST,LOMBARDIA,MI,3015146,C1AA, ,F205,MILANO,E,E5,MI00004784,20,Abitazioni civili,OTTIMO, ,2900,3600,L,2023-2
NORD-OVEST,LOMBARDIA,MI,3015146,C1AA, ,F205,MILANO,E,E5,MI00004784,20,Abitazioni civili,NORMALE,P,2200,2900,L,2023-2
NORD-OVEST,LOMBARDIA,MI,3015146,C1AA, ,F205,MILANO,E,E5,MI00004784,21,Abitazioni di tipo economico,NORMALE,P,1550,2350,L,2023-2
NORD-OVEST,LOMBARDIA,MI,3015146,C1AA, ,F205,MILANO,E,E5,MI00004784,21,Abitazioni di tipo economico,OTTIMO, ,2400,2900,L,2023-2
NORD-OVEST,LOMBARDIA,MI,3015146,C1AA, ,F205,MILANO,E,E5,MI00004784,13,Box,NORMALE,P,1050,1600,L,2023-2
NORD-OVEST,LOMBARDIA,MI,3015146,C1AA, ,F205,MILANO,E,E5,MI00004784,1,Ville e Villini,NORMALE,P,1650,2400,L,2023-2
NORD-OVEST,LOMBARDIA,MI,3015146,C1AA, ,F205,MILANO,E,E5,MI00004784,1,Ville e Villini,OTTIMO, ,2450,2800,L,2023-2
NORD-OVEST,LOMBARDIA,MI,3015146,C1AA, ,F205,MILANO,E,E5,MI00004784,9,Magazzini,NORMALE,P,450,750,L,2023-2
NORD-OVEST,LOMBARDIA,MI,3015146,C1AA, ,F205,MILANO,E,E5,MI00004784,5,Negozi,NORMALE,P,800,1600,L,2023-2
NORD-OVEST,LOMBARDIA,MI,3015146,C1AA, ,F205,MILANO,E,E5,MI00004784,6,Uffici,OTTIMO,P,950,1550,L,2023-2
NORD-OVEST,LOMBARDIA,MI,3015146,C1AA, ,F205,MILANO,E,E5,MI00004784,18,Uffici strutturati,OTTIMO,P,1750,2300,L,2023-2
NORD-OVEST,LOMBARDIA,MI,3015146,C1AA, ,F205,MILANO,E,E5,MI00004784,8,Capannoni industriali,OTTIMO,P,600,850,L,2023-2
NORD-OVEST,LOMBARDIA,MI,3015146,C1AA, ,F205,MILANO,E,E5,MI00004784,7,Capannoni tipici,OTTIMO,P,600,950,L,2023-2
NORD-OVEST,LOMBARDIA,MI,3015146,C1AA, ,F205,MILANO,E,E5,MI00004784,10,Laboratori,NORMALE,P,450,750,L,2023-2
NORD-OVEST,LOMBARDIA,MI,3015146,C1AA, ,F205,MILANO,E,E6,MI00004785,20,Abitazioni civili,OTTIMO, ,2950,3700,L,2023-2
NORD-OVEST,LOMBARDIA,MI,3015146,C1AA, ,F205,MILANO,E,E6,MI00004785,20,Abitazioni civili,NORMALE,P,2300,2900,L,2023-2
NORD-OVEST,LOMBARDIA,MI,3015146,C1AA, ,F205,MILANO,E,E6,MI00004785,21,Abitazioni di tipo economico,OTTIMO, ,2050,2600,L,2023-2
NORD-OVEST,LOMBARDIA,MI,3015146,C1AA, ,F205,MILANO,E,E6,MI00004785,21,Abitazioni di tipo economico,NORMALE,P,1650,2000,L,2023-2
NORD-OVEST,LOMBARDIA,MI,3015146,C1AA, ,F205,MILANO,E,E6,MI00004785,13,Box,NORMALE,P,1000,1650,L,2023-2
NORD-OVEST,LOMBARDIA,MI,3015146,C1AA, ,F205,MILANO,E,E6,MI00004785,9,Magazzini,NORMALE,P,300,450,L,2023-2
NORD-OVEST,LOMBARDIA,MI,3015146,C1AA, ,F205,MILANO,E,E6,MI00004785,5,Negozi,NORMALE,P,900,1650,L,2023-2
NORD-OVEST,LOMBARDIA,MI,3015146,C1AA, ,F205,MILANO,E,E6,MI00004785,6,Uffici,OTTIMO,P,1350,1900,L,2023-2
NORD-OVEST,LOMBARDIA,MI,3015146,C1AA, ,F205,MILANO,E,E6,MI00004785,18,Uffici strutturati,OTTIMO,P,1750,2650,L,2023-2
NORD-OVEST,LOMBARDIA,MI,3015146,C1AA, ,F205,MILANO,E,E6,MI00004785,8,Capannoni industriali,OTTIMO,P,700,950,L,2023-2
NORD-OVEST,LOMBARDIA,MI,3015146,C1AA, ,F205,MILANO,E,E6,MI00004785,7,Capannoni tipici,OTTIMO,P,700,950,L,2023-2
NORD-OVEST,LOMBARDIA,MI,3015146,C1AA, ,F205,MILANO,E,E6,MI00004785,10,Laboratori,NORMALE,P,700,950,L,2023-2
NORD-OVEST,LOMBARDIA,MI,3015146,C1AA, ,F205,MILANO,E,E7,MI00004786,20,Abitazioni civili,OTTIMO, ,2400,2700,L,2023-2
NORD-OVEST,LOMBARDIA,MI,3015146,C1AA, ,F205,MILANO,E,E7,MI00004786,20,Abitazioni civili,NORMALE,P,1800,2350,L,2023-2
NORD-OVEST,LOMBARDIA,MI,3015146,C1AA, ,F205,MILANO,E,E7,MI00004786,21,Abitazioni di tipo economico,OTTIMO, ,1900,2400,L,2023-2
NORD-OVEST,LOMBARDIA,MI,3015146,C1AA, ,F205,MILANO,E,E7,MI00004786,21,Abitazioni di tipo economico,NORMALE,P,1500,1950,L,2023-2
NORD-OVEST,LOMBARDIA,MI,3015146,C1AA, ,F205,MILANO,E,E7,MI00004786,13,Box,NORMALE,P,750,1200,L,2023-2
NORD-OVEST,LOMBARDIA,MI,3015146,C1AA, ,F205,MILANO,E,E7,MI00004786,9,Magazzini,NORMALE,P,350,550,L,2023-2
NORD-OVEST,LOMBARDIA,MI,3015146,C1AA, ,F205,MILANO,E,E7,MI00004786,5,Negozi,NORMALE,P,700,1400,L,2023-2
NORD-OVEST,LOMBARDIA,MI,3015146,C1AA, ,F205,MILANO,E,E7,MI00004786,6,Uffici,OTTIMO,P,1500,1950,L,2023-2
NORD-OVEST,LOMBARDIA,MI,3015146,C1AA, ,F205,MILANO,E,E7,MI00004786,18,Uffici strutturati,OTTIMO,P,1700,2600,L,2023-2
NORD-OVEST,LOMBARDIA,MI,3015146,C1AA, ,F205,MILANO,E,E7,MI00004786,8,Capannoni industriali,OTTIMO,P,750,1000,L,2023-2
NORD-OVEST,LOMBARDIA,MI,3015146,C1AA, ,F205,MILANO,E,E7,MI00004786,7,Capannoni tipici,OTTIMO,P,800,1050,L,2023-2
NORD-OVEST,LOMBARDIA,MI,3015146,C1AA, ,F205,MILANO,E,E7,MI00004786,10,Laboratori,NORMALE,P,650,1000,L,2023-2
NORD-OVEST,LOMBARDIA,MI,3015146,C1AA, ,F205,MILANO,E,E8,MI00004787,20,Abitazioni civili,OTTIMO, ,2350,3000,L,2023-2
NORD-OVEST,LOMBARDIA,MI,3015146,C1AA, ,F205,MILANO,E,E8,MI00004787,20,Abitazioni civili,NORMALE,P,1600,2300,L,2023-2
NORD-OVEST,LOMBARDIA,MI,3015146,C1AA, ,F205,MILANO,E,E8,MI00004787,21,Abitazioni di tipo economico,OTTIMO, ,2000,2400,L,2023-2
NORD-OVEST,LOMBARDIA,MI,3015146,C1AA, ,F205,MILANO,E,E8,MI00004787,21,Abitazioni di tipo economico,NORMALE,P,1400,1950,L,2023-2
NORD-OVEST,LOMBARDIA,MI,3015146,C1AA, ,F205,MILANO,E,E8,MI00004787,13,Box,NORMALE,P,1000,1300,L,2023-2
NORD-OVEST,LOMBARDIA,MI,3015146,C1AA, ,F205,MILANO,E,E8,MI00004787,9,Magazzini,NORMALE,P,400,650,L,2023-2
NORD-OVEST,LOMBARDIA,MI,3015146,C1AA, ,F205,MILANO,E,E8,MI00004787,5,Negozi,NORMALE,P,900,1800,L,2023-2
NORD-OVEST,LOMBARDIA,MI,3015146,C1AA, ,F205,MILANO,E,E8,MI00004787,6,Uffici,OTTIMO,P,1300,1850,L,2023-2
NORD-OVEST,LOMBARDIA,MI,3015146,C1AA, ,F205,MILANO,E,E8,MI00004787,18,Uffici strutturati,OTTIMO,P,1800,2250,L,2023-2
NORD-OVEST,LOMBARDIA,MI,3015146,C1AA, ,F205,MILANO,E,E8,MI00004787,8,Capannoni industriali,OTTIMO,P,750,1000,L,2023-2
NORD-OVEST,LOMBARDIA,MI,3015146,C1AA, ,F205,MILANO,E,E8,MI00004787,7,Capannoni tipici,OTTIMO,P,800,1100,L,2023-2
NORD-OVEST,LOMBARDIA,MI,3015146,C1AA, ,F205,MILANO,E,E8,MI00004787,10,Laboratori,NORMALE,P,600,900,L,2023-2
,,,,,,,,,,,,,,,,,,2023-1
,,,,,,,,,,,,,,,,,,2023-1
,,,,,,,,,,,,,,,,,,2023-1
,,,,,,,,,,,,,,,,,,2023-1
,,,,,,,,,,,,,,,,,,2023-1
,,,,,,,,,,,,,,,,,,2023-1
,,,,,,,,,,,,,,,,,,2023-1
,,,,,,,,,,,,,,,,,,2023-1
,,,,,,,,,,,,,,,,,,2023-1
,,,,,,,,,,,,,,,,,,2023-1
,,,,,,,,,,,,,,,,,,2023-1
,,,,,,,,,,,,,,,,,,2023-1
,,,,,,,,,,,,,,,,,,2023-1
,,,,,,,,,,,,,,,,,,2023-1
,,,,,,,,,,,,,,,,,,2023-1
,,,,,,,,,,,,,,,,,,2023-1
,,,,,,,,,,,,,,,,,,2023-1
,,,,,,,,,,,,,,,,,,2023-1
,,,,,,,,,,,,,,,,,,2023-1
,,,,,,,,,,,,,,,,,,2023-1
,,,,,,,,,,,,,,,,,,2023-1
,,,,,,,,,,,,,,,,,,2023-1
,,,,,,,,,,,,,,,,,,2023-1
,,,,,,,,,,,,,,,,,,2023-1
,,,,,,,,,,,,,,,,,,2023-1
,,,,,,,,,,,,,,,,,,2023-1
,,,,,,,,,,,,,,,,,,2023-1
,,,,,,,,,,,,,,,,,,2023-1
,,,,,,,,,,,,,,,,,,2023-1
,,,,,,,,,,,,,,,,,,2023-1
,,,,,,,,,,,,,,,,,,2023-1
,,,,,,,,,,,,,,,,,,2023-1
,,,,,,,,,,,,,,,,,,2023-1
,,,,,,,,,,,,,,,,,,2023-1
,,,,,,,,,,,,,,,,,,2023-1
,,,,,,,,,,,,,,,,,,2023-1
,,,,,,,,,,,,,,,,,,2023-1
,,,,,,,,,,,,,,,,,,2023-1
,,,,,,,,,,,,,,,,,,2023-1
,,,,,,,,,,,,,,,,,,2023-1
,,,,,,,,,,,,,,,,,,2023-1
,,,,,,,,,,,,,,,,,,2023-1
,,,,,,,,,,,,,,,,,,2023-1
,,,,,,,,,,,,,,,,,,2023-1
,,,,,,,,,,,,,,,,,,2023-1
,,,,,,,,,,,,,,,,,,2023-1
,,,,,,,,,,,,,,,,,,2023-1
,,,,,,,,,,,,,,,,,,2023-1
,,,,,,,,,,,,,,,,,,2023-1
,,,,,,,,,,,,,,,,,,2023-1
,,,,,,,,,,,,,,,,,,2023-1
,,,,,,,,,,,,,,,,,,2023-1
,,,,,,,,,,,,,,,,,,2023-1
,,,,,,,,,,,,,,,,,,2023-1
,,,,,,,,,,,,,,,,,,2023-1
,,,,,,,,,,,,,,,,,,2023-1
,,,,,,,,,,,,,,,,,,2023-1
,,,,,,,,,,,,,,,,,,2023-1
,,,,,,,,,,,,,,,,,,2023-1
,,,,,,,,,,,,,,,,,,2023-1
,,,,,,,,,,,,,,,,,,2023-1
,,,,,,,,,,,,,,,,,,2023-1
,,,,,,,,,,,,,,,,,,2023-1
,,,,,,,,,,,,,,,,,,2023-1
,,,,,,,,,,,,,,,,,,2023-1
,,,,,,,,,,,,,,,,,,2023-1
,,,,,,,,,,,,,,,,,,2023-1
,,,,,,,,,,,,,,,,,,2023-1
,,,,,,,,,,,,,,,,,,2023-1
,,,,,,,,,,,,,,,,,,2023-1
,,,,,,,,,,,,,,,,,,2023-1
,,,,,,,,,,,,,,,,,,2023-1
,,,,,,,,,,,,,,,,,,2023-1
,,,,,,,,,,,,,,,,,,2023-1
,,,,,,,,,,,,,,,,,,2023-1
,,,,,,,,,,,,,,,,,,2023-1
,,,,,,,,,,,,,,,,,,2023-1
,,,,,,,,,,,,,,,,,,2023-1
,,,,,,,,,,,,,,,,,,2023-1
,,,,,,,,,,,,,,,,,,2023-1
,,,,,,,,,,,,,,,,,,2023-1
,,,,,,,,,,,,,,,,,,2023-1
,,,,,,,,,,,,,,,,,,2023-1
,,,,,,,,,,,,,,,,,,2023-1
,,,,,,,,,,,,,,,,,,2023-1
,,,,,,,,,,,,,,,,,,2023-1
,,,,,,,,,,,,,,,,,,2023-1
,,,,,,,,,,,,,,,,,,2023-1
,,,,,,,,,,,,,,,,,,2023-1
,,,,,,,,,,,,,,,,,,2023-1
,,,,,,,,,,,,,,,,,,2023-1
,,,,,,,,,,,,,,,,,,2023-1
,,,,,,,,,,,,,,,,,,2023-1
,,,,,,,,,,,,,,,,,,2023-1
,,,,,,,,,,,,,,,,,,2023-1
,,,,,,,,,,,,,,,,,,2023-1
,,,,,,,,,,,,,,,,,,2023-1
,,,,,,,,,,,,,,,,,,2023-1
,,,,,,,,,,,,,,,,,,2023-1
,,,,,,,,,,,,,,,,,,2023-1
,,,,,,,,,,,,,,,,,,2023-1
,,,,,,,,,,,,,,,,,,2023-1
,,,,,,,,,,,,,,,,,,2023-1
,,,,,,,,,,,,,,,,,,2023-1
,,,,,,,,,,,,,,,,,,2023-1
,,,,,,,,,,,,,,,,,,2023-1
,,,,,,,,,,,,,,,,,,2023-1
,,,,,,,,,,,,,,,,,,2023-1
,,,,,,,,,,,,,,,,,,2023-1
,,,,,,,,,,,,,,,,,,2023-1
,,,,,,,,,,,,,,,,,,2023-1
,,,,,,,,,,,,,,,,,,2023-1
,,,,,,,,,,,,,,,,,,2023-1
,,,,,,,,,,,,,,,,,,2023-1
,,,,,,,,,,,,,,,,,,2023-1
,,,,,,,,,,,,,,,,,,2023-1
,,,,,,,,,,,,,,,,,,2023-1
,,,,,,,,,,,,,,,,,,2023-1
,,,,,,,,,,,,,,,,,,2023-1
,,,,,,,,,,,,,,,,,,2023-1
,,,,,,,,,,,,,,,,,,2023-1
,,,,,,,,,,,,,,,,,,2023-1
,,,,,,,,,,,,,,,,,,2023-1
,,,,,,,,,,,,,,,,,,2023-1
,,,,,,,,,,,,,,,,,,2023-1
,,,,,,,,,,,,,,,,,,2023-1
,,,,,,,,,,,,,,,,,,2023-1
,,,,,,,,,,,,,,,,,,2023-1
,,,,,,,,,,,,,,,,,,2023-1
,,,,,,,,,,,,,,,,,,2023-1
,,,,,,,,,,,,,,,,,,2023-1
,,,,,,,,,,,,,,,,,,2023-1
,,,,,,,,,,,,,,,,,,2023-1
,,,,,,,,,,,,,,,,,,2023-1
,,,,,,,,,,,,,,,,,,2023-1
,,,,,,,,,,,,,,,,,,2023-1
,,,,,,,,,,,,,,,,,,2023-1
,,,,,,,,,,,,,,,,,,2023-1
,,,,,,,,,,,,,,,,,,2023-1
,,,,,,,,,,,,,,,,,,2023-1
,,,,,,,,,,,,,,,,,,2023-1
,,,,,,,,,,,,,,,,,,2023-1
,,,,,,,,,,,,,,,,,,2023-1
,,,,,,,,,,,,,,,,,,2023-1
,,,,,,,,,,,,,,,,,,2023-1
,,,,,,,,,,,,,,,,,,2023-1
,,,,,,,,,,,,,,,,,,2023-1
,,,,,,,,,,,,,,,,,,2023-1
,,,,,,,,,,,,,,,,,,2023-1
,,,,,,,,,,,,,,,,,,2023-1
,,,,,,,,,,,,,,,,,,2023-1
,,,,,,,,,,,,,,,,,,2023-1
,,,,,,,,,,,,,,,,,,2023-1
,,,,,,,,,,,,,,,,,,2023-1
,,,,,,,,,,,,,,,,,,2023-1
,,,,,,,,,,,,,,,,,,2023-1
,,,,,,,,,,,,,,,,,,2023-1
,,,,,,,,,,,,,,,,,,2023-1
,,,,,,,,,,,,,,,,,,2023-1
,,,,,,,,,,,,,,,,,,2023-1
,,,,,,,,,,,,,,,,,,2023-1
,,,,,,,,,,,,,,,,,,2023-1
,,,,,,,,,,,,,,,,,,2023-1
,,,,,,,,,,,,,,,,,,2023-1
,,,,,,,,,,,,,,,,,,2023-1
,,,,,,,,,,,,,,,,,,2023-1
,,,,,,,,,,,,,,,,,,2023-1
,,,,,,,,,,,,,,,,,,2023-1
,,,,,,,,,,,,,,,,,,2023-1
,,,,,,,,,,,,,,,,,,2023-1
,,,,,,,,,,,,,,,,,,2023-1
,,,,,,,,,,,,,,,,,,2023-1
,,,,,,,,,,,,,,,,,,2023-1
,,,,,,,,,,,,,,,,,,2023-1
,,,,,,,,,,,,,,,,,,2023-1
,,,,,,,,,,,,,,,,,,2023-1
,,,,,,,,,,,,,,,,,,2023-1
,,,,,,,,,,,,,,,,,,2023-1
,,,,,,,,,,,,,,,,,,2023-1
,,,,,,,,,,,,,,,,,,2023-1
,,,,,,,,,,,,,,,,,,2023-1
,,,,,,,,,,,,,,,,,,2023-1
,,,,,,,,,,,,,,,,,,2023-1
,,,,,,,,,,,,,,,,,,2023-1
,,,,,,,,,,,,,,,,,,2023-1
,,,,,,,,,,,,,,,,,,2023-1
,,,,,,,,,,,,,,,,,,2023-1
,,,,,,,,,,,,,,,,,,2023-1
,,,,,,,,,,,,,,,,,,2023-1
,,,,,,,,,,,,,,,,,,2023-1
,,,,,,,,,,,,,,,,,,2023-1
,,,,,,,,,,,,,,,,,,2023-1
,,,,,,,,,,,,,,,,,,2023-1
,,,,,,,,,,,,,,,,,,2023-1
,,,,,,,,,,,,,,,,,,2023-1
,,,,,,,,,,,,,,,,,,2023-1
,,,,,,,,,,,,,,,,,,2023-1
,,,,,,,,,,,,,,,,,,2023-1
,,,,,,,,,,,,,,,,,,2023-1
,,,,,,,,,,,,,,,,,,2023-1
,,,,,,,,,,,,,,,,,,2023-1
,,,,,,,,,,,,,,,,,,2023-1
,,,,,,,,,,,,,,,,,,2023-1
,,,,,,,,,,,,,,,,,,2023-1
,,,,,,,,,,,,,,,,,,2023-1
,,,,,,,,,,,,,,,,,,2023-1
,,,,,,,,,,,,,,,,,,2023-1
,,,,,,,,,,,,,,,,,,2023-1
,,,,,,,,,,,,,,,,,,2023-1
,,,,,,,,,,,,,,,,,,2023-1
,,,,,,,,,,,,,,,,,,2023-1
,,,,,,,,,,,,,,,,,,2023-1
,,,,,,,,,,,,,,,,,,2023-1
,,,,,,,,,,,,,,,,,,2023-1
,,,,,,,,,,,,,,,,,,2023-1
,,,,,,,,,,,,,,,,,,2023-1
,,,,,,,,,,,,,,,,,,2023-1
,,,,,,,,,,,,,,,,,,2023-1
,,,,,,,,,,,,,,,,,,2023-1
,,,,,,,,,,,,,,,,,,2023-1
,,,,,,,,,,,,,,,,,,2023-1
,,,,,,,,,,,,,,,,,,2023-1
,,,,,,,,,,,,,,,,,,2023-1
,,,,,,,,,,,,,,,,,,2023-1
,,,,,,,,,,,,,,,,,,2023-1
,,,,,,,,,,,,,,,,,,2023-1
,,,,,,,,,,,,,,,,,,2023-1
,,,,,,,,,,,,,,,,,,2023-1
,,,,,,,,,,,,,,,,,,2023-1
,,,,,,,,,,,,,,,,,,2023-1
,,,,,,,,,,,,,,,,,,2023-1
,,,,,,,,,,,,,,,,,,2023-1
,,,,,,,,,,,,,,,,,,2023-1
,,,,,,,,,,,,,,,,,,2023-1
,,,,,,,,,,,,,,,,,,2023-1
,,,,,,,,,,,,,,,,,,2023-1
,,,,,,,,,,,,,,,,,,2023-1
,,,,,,,,,,,,,,,,,,2023-1
,,,,,,,,,,,,,,,,,,2023-1
,,,,,,,,,,,,,,,,,,2023-1
,,,,,,,,,,,,,,,,,,2023-1
,,,,,,,,,,,,,,,,,,2023-1
,,,,,,,,,,,,,,,,,,2023-1
,,,,,,,,,,,,,,,,,,2023-1
,,,,,,,,,,,,,,,,,,2023-1
,,,,,,,,,,,,,,,,,,2023-1
,,,,,,,,,,,,,,,,,,2023-1
,,,,,,,,,,,,,,,,,,2023-1
,,,,,,,,,,,,,,,,,,2023-1
,,,,,,,,,,,,,,,,,,2023-1
,,,,,,,,,,,,,,,,,,2023-1
,,,,,,,,,,,,,,,,,,2023-1
,,,,,,,,,,,,,,,,,,2023-1
,,,,,,,,,,,,,,,,,,2023-1
,,,,,,,,,,,,,,,,,,2023-1
,,,,,,,,,,,,,,,,,,2023-1
,,,,,,,,,,,,,,,,,,2023-1
,,,,,,,,,,,,,,,,,,2023-1
,,,,,,,,,,,,,,,,,,2023-1
,,,,,,,,,,,,,,,,,,2023-1
,,,,,,,,,,,,,,,,,,2023-1
,,,,,,,,,,,,,,,,,,2023-1
,,,,,,,,,,,,,,,,,,2023-1
,,,,,,,,,,,,,,,,,,2023-1
,,,,,,,,,,,,,,,,,,2023-1
,,,,,,,,,,,,,,,,,,2023-1
,,,,,,,,,,,,,,,,,,2023-1
,,,,,,,,,,,,,,,,,,2023-1
,,,,,,,,,,,,,,,,,,2023-1
,,,,,,,,,,,,,,,,,,2023-1
,,,,,,,,,,,,,,,,,,2023-1
,,,,,,,,,,,,,,,,,,2023-1
,,,,,,,,,,,,,,,,,,2023-1
,,,,,,,,,,,,,,,,,,2023-1
,,,,,,,,,,,,,,,,,,2023-1
,,,,,,,,,,,,,,,,,,2023-1
,,,,,,,,,,,,,,,,,,2023-1
,,,,,,,,,,,,,,,,,,2023-1
,,,,,,,,,,,,,,,,,,2023-1
,,,,,,,,,,,,,,,,,,2023-1
,,,,,,,,,,,,,,,,,,2023-1
,,,,,,,,,,,,,,,,,,2023-1
,,,,,,,,,,,,,,,,,,2023-1
,,,,,,,,,,,,,,,,,,2023-1
,,,,,,,,,,,,,,,,,,2023-1
,,,,,,,,,,,,,,,,,,2023-1
,,,,,,,,,,,,,,,,,,2023-1
,,,,,,,,,,,,,,,,,,2023-1
,,,,,,,,,,,,,,,,,,2023-1
,,,,,,,,,,,,,,,,,,2023-1
,,,,,,,,,,,,,,,,,,2023-1
,,,,,,,,,,,,,,,,,,2023-1
,,,,,,,,,,,,,,,,,,2023-1
,,,,,,,,,,,,,,,,,,2023-1
,,,,,,,,,,,,,,,,,,2023-1
,,,,,,,,,,,,,,,,,,2023-1
,,,,,,,,,,,,,,,,,,2023-1
,,,,,,,,,,,,,,,,,,2023-1
,,,,,,,,,,,,,,,,,,2023-1
,,,,,,,,,,,,,,,,,,2023-1
,,,,,,,,,,,,,,,,,,2023-1
,,,,,,,,,,,,,,,,,,2023-1
,,,,,,,,,,,,,,,,,,2023-1
,,,,,,,,,,,,,,,,,,2023-1
,,,,,,,,,,,,,,,,,,2023-1
,,,,,,,,,,,,,,,,,,2023-1
,,,,,,,,,,,,,,,,,,2023-1
,,,,,,,,,,,,,,,,,,2023-1
,,,,,,,,,,,,,,,,,,2023-1
,,,,,,,,,,,,,,,,,,2023-1
,,,,,,,,,,,,,,,,,,2023-1
,,,,,,,,,,,,,,,,,,2023-1
,,,,,,,,,,,,,,,,,,2023-1
,,,,,,,,,,,,,,,,,,2023-1
,,,,,,,,,,,,,,,,,,2023-1
,,,,,,,,,,,,,,,,,,2023-1
,,,,,,,,,,,,,,,,,,2023-1
,,,,,,,,,,,,,,,,,,2023-1
,,,,,,,,,,,,,,,,,,2023-1
,,,,,,,,,,,,,,,,,,2023-1
,,,,,,,,,,,,,,,,,,2023-1
,,,,,,,,,,,,,,,,,,2023-1
,,,,,,,,,,,,,,,,,,2023-1
,,,,,,,,,,,,,,,,,,2023-1
,,,,,,,,,,,,,,,,,,2023-1
,,,,,,,,,,,,,,,,,,2023-1
,,,,,,,,,,,,,,,,,,2023-1
,,,,,,,,,,,,,,,,,,2023-1
,,,,,,,,,,,,,,,,,,2023-1
,,,,,,,,,,,,,,,,,,2023-1
,,,,,,,,,,,,,,,,,,2023-1
,,,,,,,,,,,,,,,,,,2023-1
,,,,,,,,,,,,,,,,,,2023-1
,,,,,,,,,,,,,,,,,,2023-1
,,,,,,,,,,,,,,,,,,2023-1
,,,,,,,,,,,,,,,,,,2023-1
,,,,,,,,,,,,,,,,,,2023-1
,,,,,,,,,,,,,,,,,,2023-1
,,,,,,,,,,,,,,,,,,2023-1
,,,,,,,,,,,,,,,,,,2023-1
,,,,,,,,,,,,,,,,,,2023-1
,,,,,,,,,,,,,,,,,,2023-1
,,,,,,,,,,,,,,,,,,2023-1
,,,,,,,,,,,,,,,,,,2023-1
,,,,,,,,,,,,,,,,,,2023-1
,,,,,,,,,,,,,,,,,,2023-1
,,,,,,,,,,,,,,,,,,2023-1
,,,,,,,,,,,,,,,,,,2023-1
,,,,,,,,,,,,,,,,,,2023-1
,,,,,,,,,,,,,,,,,,2023-1
,,,,,,,,,,,,,,,,,,2023-1
,,,,,,,,,,,,,,,,,,2023-1
,,,,,,,,,,,,,,,,,,2023-1
,,,,,,,,,,,,,,,,,,2023-1
,,,,,,,,,,,,,,,,,,2023-1
,,,,,,,,,,,,,,,,,,2023-1
,,,,,,,,,,,,,,,,,,2023-1
,,,,,,,,,,,,,,,,,,2023-1
,,,,,,,,,,,,,,,,,,2023-1
,,,,,,,,,,,,,,,,,,2023-1
,,,,,,,,,,,,,,,,,,2023-1
,,,,,,,,,,,,,,,,,,2023-1
,,,,,,,,,,,,,,,,,,2023-1
,,,,,,,,,,,,,,,,,,2023-1
,,,,,,,,,,,,,,,,,,2023-1
,,,,,,,,,,,,,,,,,,2023-1
,,,,,,,,,,,,,,,,,,2023-1
,,,,,,,,,,,,,,,,,,2023-1
,,,,,,,,,,,,,,,,,,2023-1
,,,,,,,,,,,,,,,,,,2023-1
,,,,,,,,,,,,,,,,,,2023-1
,,,,,,,,,,,,,,,,,,2023-1
,,,,,,,,,,,,,,,,,,2023-1
,,,,,,,,,,,,,,,,,,2023-1
,,,,,,,,,,,,,,,,,,2023-1
,,,,,,,,,,,,,,,,,,2023-1
,,,,,,,,,,,,,,,,,,2023-1
,,,,,,,,,,,,,,,,,,2023-1
,,,,,,,,,,,,,,,,,,2023-1
,,,,,,,,,,,,,,,,,,2023-1
,,,,,,,,,,,,,,,,,,2023-1
,,,,,,,,,,,,,,,,,,2023-1
,,,,,,,,,,,,,,,,,,2023-1
,,,,,,,,,,,,,,,,,,2023-1
,,,,,,,,,,,,,,,,,,2023-1
,,,,,,,,,,,,,,,,,,2023-1
,,,,,,,,,,,,,,,,,,2023-1
,,,,,,,,,,,,,,,,,,2023-1
,,,,,,,,,,,,,,,,,,2023-1
,,,,,,,,,,,,,,,,,,2023-1
,,,,,,,,,,,,,,,,,,2023-1
,,,,,,,,,,,,,,,,,,2023-1
,,,,,,,,,,,,,,,,,,2023-1
,,,,,,,,,,,,,,,,,,2023-1
,,,,,,,,,,,,,,,,,,2023-1
,,,,,,,,,,,,,,,,,,2023-1
,,,,,,,,,,,,,,,,,,2023-1
,,,,,,,,,,,,,,,,,,2023-1
,,,,,,,,,,,,,,,,,,2023-1
,,,,,,,,,,,,,,,,,,2023-1
,,,,,,,,,,,,,,,,,,2023-1
,,,,,,,,,,,,,,,,,,2023-1
,,,,,,,,,,,,,,,,,,2023-1
,,,,,,,,,,,,,,,,,,2023-1
,,,,,,,,,,,,,,,,,,2023-1
,,,,,,,,,,,,,,,,,,2023-1
,,,,,,,,,,,,,,,,,,2023-1
,,,,,,,,,,,,,,,,,,2023-1
,,,,,,,,,,,,,,,,,,2023-1
,,,,,,,,,,,,,,,,,,2023-1
,,,,,,,,,,,,,,,,,,2023-1
,,,,,,,,,,,,,,,,,,2023-1
,,,,,,,,,,,,,,,,,,2023-1
,,,,,,,,,,,,,,,,,,2023-1
,,,,,,,,,,,,,,,,,,2023-1
,,,,,,,,,,,,,,,,,,2023-1
,,,,,,,,,,,,,,,,,,2023-1
,,,,,,,,,,,,,,,,,,2023-1
,,,,,,,,,,,,,,,,,,2023-1
,,,,,,,,,,,,,,,,,,2023-1
,,,,,,,,,,,,,,,,,,2023-1
,,,,,,,,,,,,,,,,,,2023-1
,,,,,,,,,,,,,,,,,,2023-1
,,,,,,,,,,,,,,,,,,2023-1
,,,,,,,,,,,,,,,,,,2023-1
,,,,,,,,,,,,,,,,,,2023-1
,,,,,,,,,,,,,,,,,,2023-1
,,,,,,,,,,,,,,,,,,2023-1
,,,,,,,,,,,,,,,,,,2023-1
,,,,,,,,,,,,,,,,,,2023-1
,,,,,,,,,,,,,,,,,,2023-1
,,,,,,,,,,,,,,,,,,2023-1
,,,,,,,,,,,,,,,,,,2023-1
,,,,,,,,,,,,,,,,,,2023-1
,,,,,,,,,,,,,,,,,,2023-1
,,,,,,,,,,,,,,,,,,2023-1
,,,,,,,,,,,,,,,,,,2023-1
,,,,,,,,,,,,,,,,,,2023-1
,,,,,,,,,,,,,,,,,,2023-1
,,,,,,,,,,,,,,,,,,2023-1
,,,,,,,,,,,,,,,,,,2023-1
,,,,,,,,,,,,,,,,,,2023-1
,,,,,,,,,,,,,,,,,,2023-1
,,,,,,,,,,,,,,,,,,2023-1
,,,,,,,,,,,,,,,,,,2023-1
,,,,,,,,,,,,,,,,,,2023-1
,,,,,,,,,,,,,,,,,,2023-1
,,,,,,,,,,,,,,,,,,2023-1
,,,,,,,,,,,,,,,,,,2023-1
,,,,,,,,,,,,,,,,,,2023-1
,,,,,,,,,,,,,,,,,,2023-1
,,,,,,,,,,,,,,,,,,2023-1
,,,,,,,,,,,,,,,,,,2023-1
,,,,,,,,,,,,,,,,,,2023-1
,,,,,,,,,,,,,,,,,,2023-1
,,,,,,,,,,,,,,,,,,2023-1
,,,,,,,,,,,,,,,,,,2023-1
,,,,,,,,,,,,,,,,,,2023-1
,,,,,,,,,,,,,,,,,,2023-1
,,,,,,,,,,,,,,,,,,2023-1
,,,,,,,,,,,,,,,,,,2023-1
,,,,,,,,,,,,,,,,,,2023-1
,,,,,,,,,,,,,,,,,,2023-1
,,,,,,,,,,,,,,,,,,2023-1
,,,,,,,,,,,,,,,,,,2023-1
,,,,,,,,,,,,,,,,,,2023-1
,,,,,,,,,,,,,,,,,,2023-1
,,,,,,,,,,,,,,,,,,2023-1
,,,,,,,,,,,,,,,,,,2023-1
,,,,,,,,,,,,,,,,,,2023-1
,,,,,,,,,,,,,,,,,,2023-1
,,,,,,,,,,,,,,,,,,2023-1
,,,,,,,,,,,,,,,,,,2023-1
,,,,,,,,,,,,,,,,,,2023-1
,,,,,,,,,,,,,,,,,,2023-1
,,,,,,,,,,,,,,,,,,2023-1
,,,,,,,,,,,,,,,,,,2023-1
,,,,,,,,,,,,,,,,,,2023-1
,,,,,,,,,,,,,,,,,,2023-1
,,,,,,,,,,,,,,,,,,2023-1
,,,,,,,,,,,,,,,,,,2023-1
,,,,,,,,,,,,,,,,,,2023-1
,,,,,,,,,,,,,,,,,,2023-1
,,,,,,,,,,,,,,,,,,2023-1
,,,,,,,,,,,,,,,,,,2023-1
,,,,,,,,,,,,,,,,,,2023-1
,,,,,,,,,,,,,,,,,,2023-1
NORD-OVEST,LOMBARDIA,MI,3015146,C1AA, ,F205,MILANO,B,B12,MI00003228,20,Abitazioni civili,OTTIMO, ,9600,13200,L,2022-2
NORD-OVEST,LOMBARDIA,MI,3015146,C1AA, ,F205,MILANO,B,B12,MI00003228,20,Abitazioni civili,NORMALE,P,7500,9500,L,2022-2
NORD-OVEST,LOMBARDIA,MI,3015146,C1AA, ,F205,MILANO,B,B12,MI00003228,21,Abitazioni di tipo economico,NORMALE,P,6500,7900,L,2022-2
NORD-OVEST,LOMBARDIA,MI,3015146,C1AA, ,F205,MILANO,B,B12,MI00003228,21,Abitazioni di tipo economico,OTTIMO, ,8000,8800,L,2022-2
NORD-OVEST,LOMBARDIA,MI,3015146,C1AA, ,F205,MILANO,B,B12,MI00003228,19,Abitazioni signorili,OTTIMO,P,11500,15000,L,2022-2
NORD-OVEST,LOMBARDIA,MI,3015146,C1AA, ,F205,MILANO,B,B12,MI00003228,13,Box,NORMALE,P,4600,6700,L,2022-2
NORD-OVEST,LOMBARDIA,MI,3015146,C1AA, ,F205,MILANO,B,B12,MI00003228,9,Magazzini,NORMALE,P,2350,3400,L,2022-2
NORD-OVEST,LOMBARDIA,MI,3015146,C1AA, ,F205,MILANO,B,B12,MI00003228,5,Negozi,OTTIMO, ,14300,23500,L,2022-2
NORD-OVEST,LOMBARDIA,MI,3015146,C1AA, ,F205,MILANO,B,B12,MI00003228,5,Negozi,NORMALE,P,8100,12500,L,2022-2
NORD-OVEST,LOMBARDIA,MI,3015146,C1AA, ,F205,MILANO,B,B12,MI00003228,6,Uffici,OTTIMO,P,7100,10800,L,2022-2
NORD-OVEST,LOMBARDIA,MI,3015146,C1AA, ,F205,MILANO,B,B12,MI00003228,18,Uffici strutturati,OTTIMO,P,7700,13500,L,2022-2
NORD-OVEST,LOMBARDIA,MI,3015146,C1AA, ,F205,MILANO,B,B12,MI00003228,10,Laboratori,NORMALE,P,2800,3300,L,2022-2
NORD-OVEST,LOMBARDIA,MI,3015146,C1AA, ,F205,MILANO,B,B13,MI00003232,20,Abitazioni civili,OTTIMO, ,7100,9000,L,2022-2
NORD-OVEST,LOMBARDIA,MI,3015146,C1AA, ,F205,MILANO,B,B13,MI00003232,20,Abitazioni civili,NORMALE,P,5800,7000,L,2022-2
NORD-OVEST,LOMBARDIA,MI,3015146,C1AA, ,F205,MILANO,B,B13,MI00003232,21,Abitazioni di tipo economico,NORMALE,P,4300,5200,L,2022-2
NORD-OVEST,LOMBARDIA,MI,3015146,C1AA, ,F205,MILANO,B,B13,MI00003232,21,Abitazioni di tipo economico,OTTIMO, ,5300,6700,L,2022-2
NORD-OVEST,LOMBARDIA,MI,3015146,C1AA, ,F205,MILANO,B,B13,MI00003232,19,Abitazioni signorili,OTTIMO,P,7500,9900,L,2022-2
NORD-OVEST,LOMBARDIA,MI,3015146,C1AA, ,F205,MILANO,B,B13,MI00003232,13,Box,NORMALE,P,3000,4400,L,2022-2
NORD-OVEST,LOMBARDIA,MI,3015146,C1AA, ,F205,MILANO,B,B13,MI00003232,9,Magazzini,NORMALE,P,1500,2200,L,2022-2
NORD-OVEST,LOMBARDIA,MI,3015146,C1AA, ,F205,MILANO,B,B13,MI00003232,5,Negozi,OTTIMO, ,5600,7200,L,2022-2
NORD-OVEST,LOMBARDIA,MI,3015146,C1AA, ,F205,MILANO,B,B13,MI00003232,5,Negozi,NORMALE,P,3800,5500,L,2022-2
NORD-OVEST,LOMBARDIA,MI,3015146,C1AA, ,F205,MILANO,B,B13,MI00003232,6,Uffici,OTTIMO,P,4700,6900,L,2022-2
NORD-OVEST,LOMBARDIA,MI,3015146,C1AA, ,F205,MILANO,B,B13,MI00003232,18,Uffici strutturati,OTTIMO,P,5000,7500,L,2022-2
NORD-OVEST,LOMBARDIA,MI,3015146,C1AA, ,F205,MILANO,B,B13,MI00003232,10,Laboratori,NORMALE,P,2100,2700,L,2022-2
NORD-OVEST,LOMBARDIA,MI,3015146,C1AA, ,F205,MILANO,B,B15,MI00003544,20,Abitazioni civili,OTTIMO, ,9000,13000,L,2022-2
NORD-OVEST,LOMBARDIA,MI,3015146,C1AA, ,F205,MILANO,B,B15,MI00003544,20,Abitazioni civili,NORMALE,P,7500,8900,L,2022-2
NORD-OVEST,LOMBARDIA,MI,3015146,C1AA, ,F205,MILANO,B,B15,MI00003544,21,Abitazioni di tipo economico,NORMALE,P,6500,7300,L,2022-2
NORD-OVEST,LOMBARDIA,MI,3015146,C1AA, ,F205,MILANO,B,B15,MI00003544,21,Abitazioni di tipo economico,OTTIMO, ,7400,8500,L,2022-2
NORD-OVEST,LOMBARDIA,MI,3015146,C1AA, ,F205,MILANO,B,B15,MI00003544,19,Abitazioni signorili,OTTIMO,P,11700,15500,L,2022-2
NORD-OVEST,LOMBARDIA,MI,3015146,C1AA, ,F205,MILANO,B,B15,MI00003544,13,Box,NORMALE,P,3800,5200,L,2022-2
NORD-OVEST,LOMBARDIA,MI,3015146,C1AA, ,F205,MILANO,B,B15,MI00003544,9,Magazzini,NORMALE,P,1300,2000,L,2022-2
NORD-OVEST,LOMBARDIA,MI,3015146,C1AA, ,F205,MILANO,B,B15,MI00003544,5,Negozi,OTTIMO, ,7400,13000,L,2022-2
NORD-OVEST,LOMBARDIA,MI,3015146,C1AA, ,F205,MILANO,B,B15,MI00003544,5,Negozi,NORMALE,P,5000,7200,L,2022-2
NORD-OVEST,LOMBARDIA,MI,3015146,C1AA, ,F205,MILANO,B,B15,MI00003544,6,Uffici,OTTIMO,P,5000,7300,L,2022-2
NORD-OVEST,LOMBARDIA,MI,3015146,C1AA, ,F205,MILANO,B,B15,MI00003544,18,Uffici strutturati,OTTIMO,P,5500,8000,L,2022-2
NORD-OVEST,LOMBARDIA,MI,3015146,C1AA, ,F205,MILANO,B,B15,MI00003544,10,Laboratori,NORMALE,P,2400,3000,L,2022-2
NORD-OVEST,LOMBARDIA,MI,3015146,C1AA, ,F205,MILANO,B,B16,MI00003545,20,Abitazioni civili,OTTIMO, ,8600,10200,L,2022-2
NORD-OVEST,LOMBARDIA,MI,3015146,C1AA, ,F205,MILANO,B,B16,MI00003545,20,Abitazioni civili,NORMALE,P,6500,8500,L,2022-2
NORD-OVEST,LOMBARDIA,MI,3015146,C1AA, ,F205,MILANO,B,B16,MI00003545,21,Abitazioni di tipo economico,NORMALE,P,5500,6500,L,2022-2
NORD-OVEST,LOMBARDIA,MI,3015146,C1AA, ,F205,MILANO,B,B16,MI00003545,21,Abitazioni di tipo economico,OTTIMO, ,6600,8000,L,2022-2
NORD-OVEST,LOMBARDIA,MI,3015146,C1AA, ,F205,MILANO,B,B16,MI00003545,19,Abitazioni signorili,OTTIMO,P,9000,12000,L,2022-2
NORD-OVEST,LOMBARDIA,MI,3015146,C1AA, ,F205,MILANO,B,B16,MI00003545,13,Box,NORMALE,P,3600,5200,L,2022-2
NORD-OVEST,LOMBARDIA,MI,3015146,C1AA, ,F205,MILANO,B,B16,MI00003545,9,Magazzini,NORMALE,P,1300,1900,L,2022-2
NORD-OVEST,LOMBARDIA,MI,3015146,C1AA, ,F205,MILANO,B,B16,MI00003545,5,Negozi,OTTIMO, ,5900,8000,L,2022-2
NORD-OVEST,LOMBARDIA,MI,3015146,C1AA, ,F205,MILANO,B,B16,MI00003545,5,Negozi,NORMALE,P,3700,5800,L,2022-2
NORD-OVEST,LOMBARDIA,MI,3015146,C1AA, ,F205,MILANO,B,B16,MI00003545,6,Uffici,OTTIMO,P,4100,6100,L,2022-2
NORD-OVEST,LOMBARDIA,MI,3015146,C1AA, ,F205,MILANO,B,B16,MI00003545,18,Uffici strutturati,OTTIMO,P,4800,6700,L,2022-2
NORD-OVEST,LOMBARDIA,MI,3015146,C1AA, ,F205,MILANO,B,B16,MI00003545,10,Laboratori,NORMALE,P,2300,2900,L,2022-2
NORD-OVEST,LOMBARDIA,MI,3015146,C1AA, ,F205,MILANO,B,B17,MI00004767,20,Abitazioni civili,OTTIMO, ,6200,9500,L,2022-2
NORD-OVEST,LOMBARDIA,MI,3015146,C1AA, ,F205,MILANO,B,B17,MI00004767,20,Abitazioni civili,NORMALE,P,4500,6100,L,2022-2
NORD-OVEST,LOMBARDIA,MI,3015146,C1AA, ,F205,MILANO,B,B17,MI00004767,21,Abitazioni di tipo economico,NORMALE,P,3700,4500,L,2022-2
NORD-OVEST,LOMBARDIA,MI,3015146,C1AA, ,F205,MILANO,B,B17,MI00004767,21,Abitazioni di tipo economico,OTTIMO, ,4600,6100,L,2022-2
NORD-OVEST,LOMBARDIA,MI,3015146,C1AA, ,F205,MILANO,B,B17,MI00004767,19,Abitazioni signorili,OTTIMO,P,8000,11500,L,2022-2
NORD-OVEST,LOMBARDIA,MI,3015146,C1AA, ,F205,MILANO,B,B17,MI00004767,13,Box,NORMALE,P,2400,3700,L,2022-2
NORD-OVEST,LOMBARDIA,MI,3015146,C1AA, ,F205,MILANO,B,B17,MI00004767,9,Magazzini,NORMALE,P,1100,1500,L,2022-2
NORD-OVEST,LOMBARDIA,MI,3015146,C1AA, ,F205,MILANO,B,B17,MI00004767,5,Negozi,OTTIMO, ,5900,8200,L,2022-2
NORD-OVEST,LOMBARDIA,MI,3015146,C1AA, ,F205,MILANO,B,B17,MI00004767,5,Negozi,NORMALE,P,4000,5800,L,2022-2
NORD-OVEST,LOMBARDIA,MI,3015146,C1AA, ,F205,MILANO,B,B17,MI00004767,6,Uffici,OTTIMO,P,3600,6200,L,2022-2
NORD-OVEST,LOMBARDIA,MI,3015146,C1AA, ,F205,MILANO,B,B17,MI00004767,18,Uffici strutturati,OTTIMO,P,4500,7200,L,2022-2
NORD-OVEST,LOMBARDIA,MI,3015146,C1AA, ,F205,MILANO,B,B17,MI00004767,10,Laboratori,NORMALE,P,1700,2300,L,2022-2
NORD-OVEST,LOMBARDIA,MI,3015146,C1AA, ,F205,MILANO,B,B18,MI00004768,20,Abitazioni civili,OTTIMO, ,7500,11000,L,2022-2
NORD-OVEST,LOMBARDIA,MI,3015146,C1AA, ,F205,MILANO,B,B18,MI00004768,20,Abitazioni civili,NORMALE,P,5500,7400,L,2022-2
NORD-OVEST,LOMBARDIA,MI,3015146,C1AA, ,F205,MILANO,B,B18,MI00004768,21,Abitazioni di tipo economico,NORMALE, ,3900,5200,L,2022-2
NORD-OVEST,LOMBARDIA,MI,3015146,C1AA, ,F205,MILANO,B,B18,MI00004768,21,Abitazioni di tipo economico,OTTIMO,P,5300,6600,L,2022-2
NORD-OVEST,LOMBARDIA,MI,3015146,C1AA, ,F205,MILANO,B,B18,MI00004768,13,Box,NORMALE,P,3000,4500,L,2022-2
NORD-OVEST,LOMBARDIA,MI,3015146,C1AA, ,F205,MILANO,B,B18,MI00004768,9,Magazzini,NORMALE,P,1100,1600,L,2022-2
NORD-OVEST,LOMBARDIA,MI,3015146,C1AA, ,F205,MILANO,B,B18,MI00004768,5,Negozi,OTTIMO, ,6200,10000,L,2022-2
NORD-OVEST,LOMBARDIA,MI,3015146,C1AA, ,F205,MILANO,B,B18,MI00004768,5,Negozi,NORMALE,P,4500,6100,L,2022-2
NORD-OVEST,LOMBARDIA,MI,3015146,C1AA, ,F205,MILANO,B,B18,MI00004768,6,Uffici,OTTIMO,P,4200,6700,L,2022-2
NORD-OVEST,LOMBARDIA,MI,3015146,C1AA, ,F205,MILANO,B,B18,MI00004768,18,Uffici strutturati,OTTIMO,P,4700,7300,L,2022-2
NORD-OVEST,LOMBARDIA,MI,3015146,C1AA, ,F205,MILANO,B,B18,MI00004768,10,Laboratori,NORMALE,P,1950,2650,L,2022-2
NORD-OVEST,LOMBARDIA,MI,3015146,C1AA, ,F205,MILANO,B,B19,MI00004769,20,Abitazioni civili,OTTIMO, ,7600,10000,L,2022-2
NORD-OVEST,LOMBARDIA,MI,3015146,C1AA, ,F205,MILANO,B,B19,MI00004769,20,Abitazioni civili,NORMALE,P,5800,7500,L,2022-2
NORD-OVEST,LOMBARDIA,MI,3015146,C1AA, ,F205,MILANO,B,B19,MI00004769,21,Abitazioni di tipo economico,NORMALE,P,4000,5000,L,2022-2
NORD-OVEST,LOMBARDIA,MI,3015146,C1AA, ,F205,MILANO,B,B19,MI00004769,21,Abitazioni di tipo economico,OTTIMO, ,5100,6800,L,2022-2
NORD-OVEST,LOMBARDIA,MI,3015146,C1AA, ,F205,MILANO,B,B19,MI00004769,19,Abitazioni signorili,OTTIMO,P,9000,12100,L,2022-2
NORD-OVEST,LOMBARDIA,MI,3015146,C1AA, ,F205,MILANO,B,B19,MI00004769,13,Box,NORMALE,P,3000,4700,L,2022-2
NORD-OVEST,LOMBARDIA,MI,3015146,C1AA, ,F205,MILANO,B,B19,MI00004769,9,Magazzini,NORMALE,P,1150,1450,L,2022-2
NORD-OVEST,LOMBARDIA,MI,3015146,C1AA, ,F205,MILANO,B,B19,MI00004769,5,Negozi,OTTIMO,P,5600,7200,L,2022-2
NORD-OVEST,LOMBARDIA,MI,3015146,C1AA, ,F205,MILANO,B,B19,MI00004769,5,Negozi,NORMALE, ,3700,5500,L,2022-2
NORD-OVEST,LOMBARDIA,MI,3015146,C1AA, ,F205,MILANO,B,B19,MI00004769,6,Uffici,OTTIMO,P,4600,7500,L,2022-2
NORD-OVEST,LOMBARDIA,MI,3015146,C1AA, ,F205,MILANO,B,B19,MI00004769,18,Uffici strutturati,OTTIMO,P,5200,7900,L,2022-2
NORD-OVEST,LOMBARDIA,MI,3015146,C1AA, ,F205,MILANO,B,B19,MI00004769,10,Laboratori,NORMALE,P,1500,2150,L,2022-2
NORD-OVEST,LOMBARDIA,MI,3015146,C1AA, ,F205,MILANO,B,B20,MI00004770,20,Abitazioni civili,OTTIMO, ,6100,8300,L,2022-2
NORD-OVEST,LOMBARDIA,MI,3015146,C1AA, ,F205,MILANO,B,B20,MI00004770,20,Abitazioni civili,NORMALE,P,4700,6000,L,2022-2
NORD-OVEST,LOMBARDIA,MI,3015146,C1AA, ,F205,MILANO,B,B20,MI00004770,21,Abitazioni di tipo economico,NORMALE,P,4000,5000,L,2022-2
NORD-OVEST,LOMBARDIA,MI,3015146,C1AA, ,F205,MILANO,B,B20,MI00004770,21,Abitazioni di tipo economico,OTTIMO, ,5100,6000,L,2022-2
NORD-OVEST,LOMBARDIA,MI,3015146,C1AA, ,F205,MILANO,B,B20,MI00004770,13,Box,NORMALE,P,2650,3600,L,2022-2
NORD-OVEST,LOMBARDIA,MI,3015146,C1AA, ,F205,MILANO,B,B20,MI00004770,9,Magazzini,NORMALE,P,1000,1300,L,2022-2
NORD-OVEST,LOMBARDIA,MI,3015146,C1AA, ,F205,MILANO,B,B20,MI00004770,5,Negozi,OTTIMO, ,4000,6600,L,2022-2
NORD-OVEST,LOMBARDIA,MI,3015146,C1AA, ,F205,MILANO,B,B20,MI00004770,5,Negozi,NORMALE,P,2850,4000,L,2022-2
NORD-OVEST,LOMBARDIA,MI,3015146,C1AA, ,F205,MILANO,B,B20,MI00004770,6,Uffici,OTTIMO,P,2900,4600,L,2022-2
NORD-OVEST,LOMBARDIA,MI,3015146,C1AA, ,F205,MILANO,B,B20,MI00004770,18,Uffici strutturati,OTTIMO,P,3200,5100,L,2022-2
NORD-OVEST,LOMBARDIA,MI,3015146,C1AA, ,F205,MILANO,B,B20,MI00004770,10,Laboratori,NORMALE,P,1200,1900,L,2022-2
NORD-OVEST,LOMBARDIA,MI,3015146,C1AA, ,F205,MILANO,B,B21,MI00004771,20,Abitazioni civili,OTTIMO, ,6200,7800,L,2022-2
NORD-OVEST,LOMBARDIA,MI,3015146,C1AA, ,F205,MILANO,B,B21,MI00004771,20,Abitazioni civili,NORMALE,P,4400,6100,L,2022-2
NORD-OVEST,LOMBARDIA,MI,3015146,C1AA, ,F205,MILANO,B,B21,MI00004771,21,Abitazioni di tipo economico,NORMALE,P,3700,4500,L,2022-2
NORD-OVEST,LOMBARDIA,MI,3015146,C1AA, ,F205,MILANO,B,B21,MI00004771,21,Abitazioni di tipo economico,OTTIMO, ,4600,5600,L,2022-2
NORD-OVEST,LOMBARDIA,MI,3015146,C1AA, ,F205,MILANO,B,B21,MI00004771,13,Box,NORMALE,P,2150,3400,L,2022-2
NORD-OVEST,LOMBARDIA,MI,3015146,C1AA, ,F205,MILANO,B,B21,MI00004771,9,Magazzini,NORMALE,P,750,1000,L,2022-2
NORD-OVEST,LOMBARDIA,MI,3015146,C1AA, ,F205,MILANO,B,B21,MI00004771,5,Negozi,OTTIMO, ,3900,6200,L,2022-2
NORD-OVEST,LOMBARDIA,MI,3015146,C1AA, ,F205,MILANO,B,B21,MI00004771,5,Negozi,NORMALE,P,2700,3800,L,2022-2
NORD-OVEST,LOMBARDIA,MI,3015146,C1AA, ,F205,MILANO,B,B21,MI00004771,6,Uffici,OTTIMO,P,2900,4300,L,2022-2
NORD-OVEST,LOMBARDIA,MI,3015146,C1AA, ,F205,MILANO,B,B21,MI00004771,18,Uffici strutturati,OTTIMO,P,3400,5000,L,2022-2
NORD-OVEST,LOMBARDIA,MI,3015146,C1AA, ,F205,MILANO,B,B21,MI00004771,10,Laboratori,NORMALE,P,1250,1700,L,2022-2
NORD-OVEST,LOMBARDIA,MI,3015146,C1AA, ,F205,MILANO,C,C12,MI00000307,20,Abitazioni civili,OTTIMO, ,6200,8300,L,2022-2
NORD-OVEST,LOMBARDIA,MI,3015146,C1AA, ,F205,MILANO,C,C12,MI00000307,20,Abitazioni civili,NORMALE,P,4700,6100,L,2022-2
NORD-OVEST,LOMBARDIA,MI,3015146,C1AA, ,F205,MILANO,C,C12,MI00000307,21,Abitazioni di tipo economico,OTTIMO, ,4600,5900,L,2022-2
NORD-OVEST,LOMBARDIA,MI,3015146,C1AA, ,F205,MILANO,C,C12,MI00000307,21,Abitazioni di tipo economico,NORMALE,P,3000,4500,L,2022-2
NORD-OVEST,LOMBARDIA,MI,3015146,C1AA, ,F205,MILANO,C,C12,MI00000307,13,Box,NORMALE,P,2400,3500,L,2022-2
NORD-OVEST,LOMBARDIA,MI,3015146,C1AA, ,F205,MILANO,C,C12,MI00000307,9,Magazzini,NORMALE,P,700,1150,L,2022-2
NORD-OVEST,LOMBARDIA,MI,3015146,C1AA, ,F205,MILANO,C,C12,MI00000307,5,Negozi,OTTIMO,P,5000,8200,L,2022-2
NORD-OVEST,LOMBARDIA,MI,3015146,C1AA, ,F205,MILANO,C,C12,MI00000307,5,Negozi,NORMALE, ,3100,4600,L,2022-2
NORD-OVEST,LOMBARDIA,MI,3015146,C1AA, ,F205,MILANO,C,C12,MI00000307,6,Uffici,OTTIMO,P,3600,5100,L,2022-2
NORD-OVEST,LOMBARDIA,MI,3015146,C1AA, ,F205,MILANO,C,C12,MI00000307,18,Uffici strutturati,OTTIMO,P,4300,6100,L,2022-2
NORD-OVEST,LOMBARDIA,MI,3015146,C1AA, ,F205,MILANO,C,C12,MI00000307,8,Capannoni industriali,NORMALE,P,1000,1400,L,2022-2
NORD-OVEST,LOMBARDIA,MI,3015146,C1AA, ,F205,MILANO,C,C12,MI00000307,7,Capannoni tipici,NORMALE,P,1050,1400,L,2022-2
NORD-OVEST,LOMBARDIA,MI,3015146,C1AA, ,F205,MILANO,C,C12,MI00000307,10,Laboratori,NORMALE,P,1500,2000,L,2022-2
NORD-OVEST,LOMBARDIA,MI,3015146,C1AA, ,F205,MILANO,C,C13,MI00003667,20,Abitazioni civili,OTTIMO,P,7900,9700,L,2022-2
NORD-OVEST,LOMBARDIA,MI,3015146,C1AA, ,F205,MILANO,C,C13,MI00003667,19,Abitazioni signorili,OTTIMO,P,8500,12000,L,2022-2
NORD-OVEST,LOMBARDIA,MI,3015146,C1AA, ,F205,MILANO,C,C13,MI00003667,13,Box,NORMALE,P,2300,3200,L,2022-2
NORD-OVEST,LOMBARDIA,MI,3015146,C1AA, ,F205,MILANO,C,C14,MI00003668,20,Abitazioni civili,NORMALE, ,3600,5700,L,2022-2
NORD-OVEST,LOMBARDIA,MI,3015146,C1AA, ,F205,MILANO,C,C14,MI00003668,20,Abitazioni civili,OTTIMO,P,9300,14000,L,2022-2
NORD-OVEST,LOMBARDIA,MI,3015146,C1AA, ,F205,MILANO,C,C14,MI00003668,19,Abitazioni signorili,OTTIMO,P,11600,16000,L,2022-2
NORD-OVEST,LOMBARDIA,MI,3015146,C1AA, ,F205,MILANO,C,C14,MI00003668,13,Box,NORMALE,P,2300,3200,L,2022-2
NORD-OVEST,LOMBARDIA,MI,3015146,C1AA, ,F205,MILANO,C,C14,MI00003668,18,Uffici strutturati,OTTIMO,P,6400,8000,L,2022-2
NORD-OVEST,LOMBARDIA,MI,3015146,C1AA, ,F205,MILANO,C,C15,MI00003669,20,Abitazioni civili,OTTIMO, ,5000,6700,L,2022-2
NORD-OVEST,LOMBARDIA,MI,3015146,C1AA, ,F205,MILANO,C,C15,MI00003669,20,Abitazioni civili,NORMALE,P,3200,4900,L,2022-2
NORD-OVEST,LOMBARDIA,MI,3015146,C1AA, ,F205,MILANO,C,C15,MI00003669,21,Abitazioni di tipo economico,OTTIMO, ,2950,3900,L,2022-2
NORD-OVEST,LOMBARDIA,MI,3015146,C1AA, ,F205,MILANO,C,C15,MI00003669,21,Abitazioni di tipo economico,NORMALE,P,2200,2900,L,2022-2
NORD-OVEST,LOMBARDIA,MI,3015146,C1AA, ,F205,MILANO,C,C15,MI00003669,13,Box,NORMALE,P,1500,2300,L,2022-2
NORD-OVEST,LOMBARDIA,MI,3015146,C1AA, ,F205,MILANO,C,C15,MI00003669,1,Ville e Villini,NORMALE,P,3200,4800,L,2022-2
NORD-OVEST,LOMBARDIA,MI,3015146,C1AA, ,F205,MILANO,C,C15,MI00003669,1,Ville e Villini,OTTIMO, ,4900,5700,L,2022-2
NORD-OVEST,LOMBARDIA,MI,3015146,C1AA, ,F205,MILANO,C,C15,MI00003669,9,Magazzini,NORMALE,P,900,1100,L,2022-2
NORD-OVEST,LOMBARDIA,MI,3015146,C1AA, ,F205,MILANO,C,C15,MI00003669,5,Negozi,OTTIMO, ,2700,4500,L,2022-2
NORD-OVEST,LOMBARDIA,MI,3015146,C1AA, ,F205,MILANO,C,C15,MI00003669,5,Negozi,NORMALE,P,1700,2650,L,2022-2
NORD-OVEST,LOMBARDIA,MI,3015146,C1AA, ,F205,MILANO,C,C15,MI00003669,6,Uffici,OTTIMO,P,2200,3800,L,2022-2
NORD-OVEST,LOMBARDIA,MI,3015146,C1AA, ,F205,MILANO,C,C15,MI00003669,18,Uffici strutturati,OTTIMO,P,3100,4500,L,2022-2
NORD-OVEST,LOMBARDIA,MI,3015146,C1AA, ,F205,MILANO,C,C15,MI00003669,8,Capannoni industriali,NORMALE,P,900,1200,L,2022-2
NORD-OVEST,LOMBARDIA,MI,3015146,C1AA, ,F205,MILANO,C,C15,MI00003669,7,Capannoni tipici,NORMALE,P,900,1300,L,2022-2
NORD-OVEST,LOMBARDIA,MI,3015146,C1AA, ,F205,MILANO,C,C15,MI00003669,10,Laboratori,NORMALE,P,1000,1400,L,2022-2
NORD-OVEST,LOMBARDIA,MI,3015146,C1AA, ,F205,MILANO,C,C16,MI00004772,20,Abitazioni civili,OTTIMO, ,4900,7000,L,2022-2
NORD-OVEST,LOMBARDIA,MI,3015146,C1AA, ,F205,MILANO,C,C16,MI00004772,20,Abitazioni civili,NORMALE,P,3500,4800,L,2022-2
NORD-OVEST,LOMBARDIA,MI,3015146,C1AA, ,F205,MILANO,C,C16,MI00004772,21,Abitazioni di tipo economico,OTTIMO, ,3000,3900,L,2022-2
NORD-OVEST,LOMBARDIA,MI,3015146,C1AA, ,F205,MILANO,C,C16,MI00004772,21,Abitazioni di tipo economico,NORMALE,P,2500,2950,L,2022-2
NORD-OVEST,LOMBARDIA,MI,3015146,C1AA, ,F205,MILANO,C,C16,MI00004772,13,Box,NORMALE,P,1750,3200,L,2022-2
NORD-OVEST,LOMBARDIA,MI,3015146,C1AA, ,F205,MILANO,C,C16,MI00004772,9,Magazzini,NORMALE,P,700,1050,L,2022-2
NORD-OVEST,LOMBARDIA,MI,3015146,C1AA, ,F205,MILANO,C,C16,MI00004772,5,Negozi,OTTIMO, ,3400,5500,L,2022-2
NORD-OVEST,LOMBARDIA,MI,3015146,C1AA, ,F205,MILANO,C,C16,MI00004772,5,Negozi,NORMALE,P,1900,3500,L,2022-2
NORD-OVEST,LOMBARDIA,MI,3015146,C1AA, ,F205,MILANO,C,C16,MI00004772,6,Uffici,OTTIMO,P,2200,3700,L,2022-2
NORD-OVEST,LOMBARDIA,MI,3015146,C1AA, ,F205,MILANO,C,C16,MI00004772,18,Uffici strutturati,OTTIMO,P,2600,4300,L,2022-2
NORD-OVEST,LOMBARDIA,MI,3015146,C1AA, ,F205,MILANO,C,C16,MI00004772,8,Capannoni industriali,NORMALE,P,900,1200,L,2022-2
NORD-OVEST,LOMBARDIA,MI,3015146,C1AA, ,F205,MILANO,C,C16,MI00004772,7,Capannoni tipici,NORMALE,P,950,1250,L,2022-2
NORD-OVEST,LOMBARDIA,MI,3015146,C1AA, ,F205,MILANO,C,C16,MI00004772,10,Laboratori,NORMALE,P,1200,1800,L,2022-2
NORD-OVEST,LOMBARDIA,MI,3015146,C1AA, ,F205,MILANO,C,C17,MI00004773,20,Abitazioni civili,OTTIMO, ,5500,8600,L,2022-2
NORD-OVEST,LOMBARDIA,MI,3015146,C1AA, ,F205,MILANO,C,C17,MI00004773,20,Abitazioni civili,NORMALE,P,4000,5400,L,2022-2
NORD-OVEST,LOMBARDIA,MI,3015146,C1AA, ,F205,MILANO,C,C17,MI00004773,21,Abitazioni di tipo economico,OTTIMO, ,4500,5000,L,2022-2
NORD-OVEST,LOMBARDIA,MI,3015146,C1AA, ,F205,MILANO,C,C17,MI00004773,21,Abitazioni di tipo economico,NORMALE,P,3000,4400,L,2022-2
NORD-OVEST,LOMBARDIA,MI,3015146,C1AA, ,F205,MILANO,C,C17,MI00004773,19,Abitazioni signorili,OTTIMO,P,6700,9800,L,2022-2
NORD-OVEST,LOMBARDIA,MI,3015146,C1AA, ,F205,MILANO,C,C17,MI00004773,13,Box,NORMALE,P,2100,3500,L,2022-2
NORD-OVEST,LOMBARDIA,MI,3015146,C1AA, ,F205,MILANO,C,C17,MI00004773,1,Ville e Villini,OTTIMO,P,6000,7500,L,2022-2
NORD-OVEST,LOMBARDIA,MI,3015146,C1AA, ,F205,MILANO,C,C17,MI00004773,9,Magazzini,NORMALE,P,650,1050,L,2022-2
NORD-OVEST,LOMBARDIA,MI,3015146,C1AA, ,F205,MILANO,C,C17,MI00004773,5,Negozi,OTTIMO, ,3600,5900,L,2022-2
NORD-OVEST,LOMBARDIA,MI,3015146,C1AA, ,F205,MILANO,C,C17,MI00004773,5,Negozi,NORMALE,P,2300,3500,L,2022-2
NORD-OVEST,LOMBARDIA,MI,3015146,C1AA, ,F205,MILANO,C,C17,MI00004773,6,Uffici,OTTIMO,P,2800,4500,L,2022-2
NORD-OVEST,LOMBARDIA,MI,3015146,C1AA, ,F205,MILANO,C,C17,MI00004773,18,Uffici strutturati,OTTIMO,P,3500,5300,L,2022-2
NORD-OVEST,LOMBARDIA,MI,3015146,C1AA, ,F205,MILANO,C,C17,MI00004773,8,Capannoni industriali,NORMALE,P,900,1050,L,2022-2
NORD-OVEST,LOMBARDIA,MI,3015146,C1AA, ,F205,MILANO,C,C17,MI00004773,7,Capannoni tipici,NORMALE,P,1000,1200,L,2022-2
NORD-OVEST,LOMBARDIA,MI,3015146,C1AA, ,F205,MILANO,C,C17,MI00004773,10,Laboratori,NORMALE,P,1050,1500,L,2022-2
NORD-OVEST,LOMBARDIA,MI,3015146,C1AA, ,F205,MILANO,C,C18,MI00004774,20,Abitazioni civili,OTTIMO, ,5000,6800,L,2022-2
NORD-OVEST,LOMBARDIA,MI,3015146,C1AA, ,F205,MILANO,C,C18,MI00004774,20,Abitazioni civili,NORMALE,P,3400,4900,L,2022-2
NORD-OVEST,LOMBARDIA,MI,3015146,C1AA, ,F205,MILANO,C,C18,MI00004774,21,Abitazioni di tipo economico,OTTIMO, ,3600,4000,L,2022-2
NORD-OVEST,LOMBARDIA,MI,3015146,C1AA, ,F205,MILANO,C,C18,MI00004774,21,Abitazioni di tipo economico,NORMALE,P,2700,3500,L,2022-2
NORD-OVEST,LOMBARDIA,MI,3015146,C1AA, ,F205,MILANO,C,C18,MI00004774,13,Box,NORMALE,P,1900,3100,L,2022-2
NORD-OVEST,LOMBARDIA,MI,3015146,C1AA, ,F205,MILANO,C,C18,MI00004774,9,Magazzini,NORMALE,P,650,950,L,2022-2
NORD-OVEST,LOMBARDIA,MI,3015146,C1AA, ,F205,MILANO,C,C18,MI00004774,5,Negozi,OTTIMO,P,3800,5500,L,2022-2
NORD-OVEST,LOMBARDIA,MI,3015146,C1AA, ,F205,MILANO,C,C18,MI00004774,5,Negozi,NORMALE, ,2400,3500,L,2022-2
NORD-OVEST,LOMBARDIA,MI,3015146,C1AA, ,F205,MILANO,C,C18,MI00004774,6,Uffici,OTTIMO,P,2300,3400,L,2022-2
NORD-OVEST,LOMBARDIA,MI,3015146,C1AA, ,F205,MILANO,C,C18,MI00004774,18,Uffici strutturati,OTTIMO,P,2500,3700,L,2022-2
NORD-OVEST,LOMBARDIA,MI,3015146,C1AA, ,F205,MILANO,C,C18,MI00004774,8,Capannoni industriali,NORMALE,P,700,900,L,2022-2
NORD-OVEST,LOMBARDIA,MI,3015146,C1AA, ,F205,MILANO,C,C18,MI00004774,7,Capannoni tipici,NORMALE,P,800,1000,L,2022-2
NORD-OVEST,LOMBARDIA,MI,3015146,C1AA, ,F205,MILANO,C,C18,MI00004774,10,Laboratori,NORMALE,P,800,1300,L,2022-2
NORD-OVEST,LOMBARDIA,MI,3015146,C1AA, ,F205,MILANO,C,C19,MI00004775,20,Abitazioni civili,OTTIMO, ,4900,6700,L,2022-2
NORD-OVEST,LOMBARDIA,MI,3015146,C1AA, ,F205,MILANO,C,C19,MI00004775,20,Abitazioni civili,NORMALE,P,3600,4800,L,2022-2
NORD-OVEST,LOMBARDIA,MI,3015146,C1AA, ,F205,MILANO,C,C19,MI00004775,21,Abitazioni di tipo economico,OTTIMO, ,3300,4200,L,2022-2
NORD-OVEST,LOMBARDIA,MI,3015146,C1AA, ,F205,MILANO,C,C19,MI00004775,21,Abitazioni di tipo economico,NORMALE,P,2500,3200,L,2022-2
NORD-OVEST,LOMBARDIA,MI,3015146,C1AA, ,F205,MILANO,C,C19,MI00004775,13,Box,NORMALE,P,1500,2600,L,2022-2
NORD-OVEST,LOMBARDIA,MI,3015146,C1AA, ,F205,MILANO,C,C19,MI00004775,9,Magazzini,NORMALE,P,700,1000,L,2022-2
NORD-OVEST,LOMBARDIA,MI,3015146,C1AA, ,F205,MILANO,C,C19,MI00004775,5,Negozi,OTTIMO, ,2800,4000,L,2022-2
NORD-OVEST,LOMBARDIA,MI,3015146,C1AA, ,F205,MILANO,C,C19,MI00004775,5,Negozi,NORMALE,P,2100,2750,L,2022-2
NORD-OVEST,LOMBARDIA,MI,3015146,C1AA, ,F205,MILANO,C,C19,MI00004775,6,Uffici,OTTIMO,P,2400,3200,L,2022-2
NORD-OVEST,LOMBARDIA,MI,3015146,C1AA, ,F205,MILANO,C,C19,MI00004775,18,Uffici strutturati,OTTIMO,P,2500,3500,L,2022-2
NORD-OVEST,LOMBARDIA,MI,3015146,C1AA, ,F205,MILANO,C,C19,MI00004775,8,Capannoni industriali,NORMALE,P,800,1000,L,2022-2
NORD-OVEST,LOMBARDIA,MI,3015146,C1AA, ,F205,MILANO,C,C19,MI00004775,7,Capannoni tipici,NORMALE,P,800,1100,L,2022-2
NORD-OVEST,LOMBARDIA,MI,3015146,C1AA, ,F205,MILANO,C,C19,MI00004775,10,Laboratori,NORMALE,P,900,1450,L,2022-2
NORD-OVEST,LOMBARDIA,MI,3015146,C1AA, ,F205,MILANO,C,C20,MI00004776,20,Abitazioni civili,OTTIMO, ,5400,8300,L,2022-2
NORD-OVEST,LOMBARDIA,MI,3015146,C1AA, ,F205,MILANO,C,C20,MI00004776,20,Abitazioni civili,NORMALE,P,3500,5300,L,2022-2
NORD-OVEST,LOMBARDIA,MI,3015146,C1AA, ,F205,MILANO,C,C20,MI00004776,21,Abitazioni di tipo economico,OTTIMO, ,3600,4600,L,2022-2
NORD-OVEST,LOMBARDIA,MI,3015146,C1AA, ,F205,MILANO,C,C20,MI00004776,21,Abitazioni di tipo economico,NORMALE,P,2700,3500,L,2022-2
NORD-OVEST,LOMBARDIA,MI,3015146,C1AA, ,F205,MILANO,C,C20,MI00004776,13,Box,NORMALE,P,1900,3100,L,2022-2
NORD-OVEST,LOMBARDIA,MI,3015146,C1AA, ,F205,MILANO,C,C20,MI00004776,9,Magazzini,NORMALE,P,650,950,L,2022-2
NORD-OVEST,LOMBARDIA,MI,3015146,C1AA, ,F205,MILANO,C,C20,MI00004776,5,Negozi,OTTIMO, ,3100,5500,L,2022-2
NORD-OVEST,LOMBARDIA,MI,3015146,C1AA, ,F205,MILANO,C,C20,MI00004776,5,Negozi,NORMALE,P,2300,2900,L,2022-2
NORD-OVEST,LOMBARDIA,MI,3015146,C1AA, ,F205,MILANO,C,C20,MI00004776,6,Uffici,OTTIMO,P,2800,4500,L,2022-2
NORD-OVEST,LOMBARDIA,MI,3015146,C1AA, ,F205,MILANO,C,C20,MI00004776,18,Uffici strutturati,OTTIMO,P,3400,5200,L,2022-2
NORD-OVEST,LOMBARDIA,MI,3015146,C1AA, ,F205,MILANO,C,C20,MI00004776,8,Capannoni industriali,NORMALE,P,850,1050,L,2022-2
NORD-OVEST,LOMBARDIA,MI,3015146,C1AA, ,F205,MILANO,C,C20,MI00004776,7,Capannoni tipici,NORMALE,P,950,1200,L,2022-2
NORD-OVEST,LOMBARDIA,MI,3015146,C1AA, ,F205,MILANO,C,C20,MI00004776,10,Laboratori,NORMALE,P,1000,1400,L,2022-2
NORD-OVEST,LOMBARDIA,MI,3015146,C1AA, ,F205,MILANO,D,D10,MI00000317,20,Abitazioni civili,OTTIMO, ,3200,4300,L,2022-2
NORD-OVEST,LOMBARDIA,MI,3015146,C1AA, ,F205,MILANO,D,D10,MI00000317,20,Abitazioni civili,NORMALE,P,2100,3200,L,2022-2
NORD-OVEST,LOMBARDIA,MI,3015146,C1AA, ,F205,MILANO,D,D10,MI00000317,21,Abitazioni di tipo economico,OTTIMO, ,2150,2650,L,2022-2
NORD-OVEST,LOMBARDIA,MI,3015146,C1AA, ,F205,MILANO,D,D10,MI00000317,21,Abitazioni di tipo economico,NORMALE,P,1700,2100,L,2022-2
NORD-OVEST,LOMBARDIA,MI,3015146,C1AA, ,F205,MILANO,D,D10,MI00000317,13,Box,NORMALE,P,1300,2100,L,2022-2
NORD-OVEST,LOMBARDIA,MI,3015146,C1AA, ,F205,MILANO,D,D10,MI00000317,9,Magazzini,NORMALE,P,400,700,L,2022-2
NORD-OVEST,LOMBARDIA,MI,3015146,C1AA, ,F205,MILANO,D,D10,MI00000317,5,Negozi,NORMALE,P,1400,2350,L,2022-2
NORD-OVEST,LOMBARDIA,MI,3015146,C1AA, ,F205,MILANO,D,D10,MI00000317,6,Uffici,OTTIMO,P,1500,2450,L,2022-2
NORD-OVEST,LOMBARDIA,MI,3015146,C1AA, ,F205,MILANO,D,D10,MI00000317,18,Uffici strutturati,OTTIMO,P,1850,2800,L,2022-2
NORD-OVEST,LOMBARDIA,MI,3015146,C1AA, ,F205,MILANO,D,D10,MI00000317,8,Capannoni industriali,OTTIMO,P,700,1100,L,2022-2
NORD-OVEST,LOMBARDIA,MI,3015146,C1AA, ,F205,MILANO,D,D10,MI00000317,7,Capannoni tipici,OTTIMO,P,750,1200,L,2022-2
NORD-OVEST,LOMBARDIA,MI,3015146,C1AA, ,F205,MILANO,D,D10,MI00000317,10,Laboratori,NORMALE,P,600,1100,L,2022-2
NORD-OVEST,LOMBARDIA,MI,3015146,C1AA, ,F205,MILANO,D,D12,MI00000319,20,Abitazioni civili,OTTIMO, ,5100,7500,L,2022-2
NORD-OVEST,LOMBARDIA,MI,3015146,C1AA, ,F205,MILANO,D,D12,MI00000319,20,Abitazioni civili,NORMALE,P,2950,5000,L,2022-2
NORD-OVEST,LOMBARDIA,MI,3015146,C1AA, ,F205,MILANO,D,D12,MI00000319,21,Abitazioni di tipo economico,OTTIMO, ,2800,3700,L,2022-2
NORD-OVEST,LOMBARDIA,MI,3015146,C1AA, ,F205,MILANO,D,D12,MI00000319,21,Abitazioni di tipo economico,NORMALE,P,2200,2750,L,2022-2
NORD-OVEST,LOMBARDIA,MI,3015146,C1AA, ,F205,MILANO,D,D12,MI00000319,13,Box,NORMALE,P,1800,3000,L,2022-2
NORD-OVEST,LOMBARDIA,MI,3015146,C1AA, ,F205,MILANO,D,D12,MI00000319,1,Ville e Villini,NORMALE,P,2800,4500,L,2022-2
NORD-OVEST,LOMBARDIA,MI,3015146,C1AA, ,F205,MILANO,D,D12,MI00000319,1,Ville e Villini,OTTIMO, ,4600,6500,L,2022-2
NORD-OVEST,LOMBARDIA,MI,3015146,C1AA, ,F205,MILANO,D,D12,MI00000319,9,Magazzini,NORMALE,P,700,900,L,2022-2
NORD-OVEST,LOMBARDIA,MI,3015146,C1AA, ,F205,MILANO,D,D12,MI00000319,5,Negozi,OTTIMO, ,2700,4600,L,2022-2
NORD-OVEST,LOMBARDIA,MI,3015146,C1AA, ,F205,MILANO,D,D12,MI00000319,5,Negozi,NORMALE,P,2000,2650,L,2022-2
NORD-OVEST,LOMBARDIA,MI,3015146,C1AA, ,F205,MILANO,D,D12,MI00000319,6,Uffici,OTTIMO,P,2200,3500,L,2022-2
NORD-OVEST,LOMBARDIA,MI,3015146,C1AA, ,F205,MILANO,D,D12,MI00000319,18,Uffici strutturati,OTTIMO,P,2400,3900,L,2022-2
NORD-OVEST,LOMBARDIA,MI,3015146,C1AA, ,F205,MILANO,D,D12,MI00000319,8,Capannoni industriali,OTTIMO,P,800,1000,L,2022-2
NORD-OVEST,LOMBARDIA,MI,3015146,C1AA, ,F205,MILANO,D,D12,MI00000319,7,Capannoni tipici,OTTIMO,P,800,1100,L,2022-2
NORD-OVEST,LOMBARDIA,MI,3015146,C1AA, ,F205,MILANO,D,D12,MI00000319,10,Laboratori,NORMALE,P,700,1600,L,2022-2
NORD-OVEST,LOMBARDIA,MI,3015146,C1AA, ,F205,MILANO,D,D13,MI00000320,20,Abitazioni civili,OTTIMO, ,3200,4200,L,2022-2
NORD-OVEST,LOMBARDIA,MI,3015146,C1AA, ,F205,MILANO,D,D13,MI00000320,20,Abitazioni civili,NORMALE,P,2300,3100,L,2022-2
NORD-OVEST,LOMBARDIA,MI,3015146,C1AA, ,F205,MILANO,D,D13,MI00000320,21,Abitazioni di tipo economico,OTTIMO, ,2550,3000,L,2022-2
NORD-OVEST,LOMBARDIA,MI,3015146,C1AA, ,F205,MILANO,D,D13,MI00000320,21,Abitazioni di tipo economico,NORMALE,P,1850,2500,L,2022-2
NORD-OVEST,LOMBARDIA,MI,3015146,C1AA, ,F205,MILANO,D,D13,MI00000320,13,Box,NORMALE,P,1350,1800,L,2022-2
NORD-OVEST,LOMBARDIA,MI,3015146,C1AA, ,F205,MILANO,D,D13,MI00000320,9,Magazzini,NORMALE,P,400,650,L,2022-2
NORD-OVEST,LOMBARDIA,MI,3015146,C1AA, ,F205,MILANO,D,D13,MI00000320,5,Negozi,NORMALE,P,1300,2150,L,2022-2
NORD-OVEST,LOMBARDIA,MI,3015146,C1AA, ,F205,MILANO,D,D13,MI00000320,6,Uffici,OTTIMO,P,1600,2200,L,2022-2
NORD-OVEST,LOMBARDIA,MI,3015146,C1AA, ,F205,MILANO,D,D13,MI00000320,18,Uffici strutturati,OTTIMO,P,1800,2600,L,2022-2
NORD-OVEST,LOMBARDIA,MI,3015146,C1AA, ,F205,MILANO,D,D13,MI00000320,8,Capannoni industriali,OTTIMO,P,750,1050,L,2022-2
NORD-OVEST,LOMBARDIA,MI,3015146,C1AA, ,F205,MILANO,D,D13,MI00000320,7,Capannoni tipici,OTTIMO,P,800,1150,L,2022-2
NORD-OVEST,LOMBARDIA,MI,3015146,C1AA, ,F205,MILANO,D,D13,MI00000320,10,Laboratori,NORMALE,P,700,1000,L,2022-2
NORD-OVEST,LOMBARDIA,MI,3015146,C1AA, ,F205,MILANO,D,D15,MI00000322,20,Abitazioni civili,OTTIMO, ,3300,4300,L,2022-2
NORD-OVEST,LOMBARDIA,MI,3015146,C1AA, ,F205,MILANO,D,D15,MI00000322,20,Abitazioni civili,NORMALE,P,2100,3200,L,2022-2
NORD-OVEST,LOMBARDIA,MI,3015146,C1AA, ,F205,MILANO,D,D15,MI00000322,21,Abitazioni di tipo economico,OTTIMO, ,2100,2500,L,2022-2
NORD-OVEST,LOMBARDIA,MI,3015146,C1AA, ,F205,MILANO,D,D15,MI00000322,21,Abitazioni di tipo economico,NORMALE,P,1550,2000,L,2022-2
NORD-OVEST,LOMBARDIA,MI,3015146,C1AA, ,F205,MILANO,D,D15,MI00000322,13,Box,NORMALE,P,1350,1900,L,2022-2
NORD-OVEST,LOMBARDIA,MI,3015146,C1AA, ,F205,MILANO,D,D15,MI00000322,9,Magazzini,NORMALE,P,450,700,L,2022-2
NORD-OVEST,LOMBARDIA,MI,3015146,C1AA, ,F205,MILANO,D,D15,MI00000322,5,Negozi,NORMALE,P,1200,2250,L,2022-2
NORD-OVEST,LOMBARDIA,MI,3015146,C1AA, ,F205,MILANO,D,D15,MI00000322,6,Uffici,OTTIMO,P,1600,2300,L,2022-2
NORD-OVEST,LOMBARDIA,MI,3015146,C1AA, ,F205,MILANO,D,D15,MI00000322,18,Uffici strutturati,OTTIMO,P,1850,2750,L,2022-2
NORD-OVEST,LOMBARDIA,MI,3015146,C1AA, ,F205,MILANO,D,D15,MI00000322,8,Capannoni industriali,OTTIMO,P,750,1100,L,2022-2
NORD-OVEST,LOMBARDIA,MI,3015146,C1AA, ,F205,MILANO,D,D15,MI00000322,7,Capannoni tipici,OTTIMO,P,800,1150,L,2022-2
NORD-OVEST,LOMBARDIA,MI,3015146,C1AA, ,F205,MILANO,D,D15,MI00000322,10,Laboratori,NORMALE,P,700,1200,L,2022-2
NORD-OVEST,LOMBARDIA,MI,3015146,C1AA, ,F205,MILANO,D,D16,MI00000323,20,Abitazioni civili,OTTIMO, ,3900,5800,L,2022-2
NORD-OVEST,LOMBARDIA,MI,3015146,C1AA, ,F205,MILANO,D,D16,MI00000323,20,Abitazioni civili,NORMALE,P,2800,3800,L,2022-2
NORD-OVEST,LOMBARDIA,MI,3015146,C1AA, ,F205,MILANO,D,D16,MI00000323,21,Abitazioni di tipo economico,OTTIMO, ,3000,3500,L,2022-2
NORD-OVEST,LOMBARDIA,MI,3015146,C1AA, ,F205,MILANO,D,D16,MI00000323,21,Abitazioni di tipo economico,NORMALE,P,2300,2900,L,2022-2
NORD-OVEST,LOMBARDIA,MI,3015146,C1AA, ,F205,MILANO,D,D16,MI00000323,13,Box,NORMALE,P,1650,2600,L,2022-2
NORD-OVEST,LOMBARDIA,MI,3015146,C1AA, ,F205,MILANO,D,D16,MI00000323,9,Magazzini,NORMALE,P,500,900,L,2022-2
NORD-OVEST,LOMBARDIA,MI,3015146,C1AA, ,F205,MILANO,D,D16,MI00000323,5,Negozi,NORMALE,P,1800,3600,L,2022-2
NORD-OVEST,LOMBARDIA,MI,3015146,C1AA, ,F205,MILANO,D,D16,MI00000323,6,Uffici,OTTIMO,P,1600,2500,L,2022-2
NORD-OVEST,LOMBARDIA,MI,3015146,C1AA, ,F205,MILANO,D,D16,MI00000323,18,Uffici strutturati,OTTIMO,P,2000,3400,L,2022-2
NORD-OVEST,LOMBARDIA,MI,3015146,C1AA, ,F205,MILANO,D,D16,MI00000323,8,Capannoni industriali,OTTIMO,P,750,1100,L,2022-2
NORD-OVEST,LOMBARDIA,MI,3015146,C1AA, ,F205,MILANO,D,D16,MI00000323,7,Capannoni tipici,OTTIMO,P,750,1150,L,2022-2
NORD-OVEST,LOMBARDIA,MI,3015146,C1AA, ,F205,MILANO,D,D16,MI00000323,10,Laboratori,NORMALE,P,700,1200,L,2022-2
NORD-OVEST,LOMBARDIA,MI,3015146,C1AA, ,F205,MILANO,D,D18,MI00000325,20,Abitazioni civili,OTTIMO, ,3100,4500,L,2022-2
NORD-OVEST,LOMBARDIA,MI,3015146,C1AA, ,F205,MILANO,D,D18,MI00000325,20,Abitazioni civili,NORMALE,P,2100,3000,L,2022-2
NORD-OVEST,LOMBARDIA,MI,3015146,C1AA, ,F205,MILANO,D,D18,MI00000325,21,Abitazioni di tipo economico,OTTIMO, ,2350,2700,L,2022-2
NORD-OVEST,LOMBARDIA,MI,3015146,C1AA, ,F205,MILANO,D,D18,MI00000325,21,Abitazioni di tipo economico,NORMALE,P,1800,2300,L,2022-2
NORD-OVEST,LOMBARDIA,MI,3015146,C1AA, ,F205,MILANO,D,D18,MI00000325,13,Box,NORMALE,P,1200,2100,L,2022-2
NORD-OVEST,LOMBARDIA,MI,3015146,C1AA, ,F205,MILANO,D,D18,MI00000325,9,Magazzini,NORMALE,P,400,700,L,2022-2
NORD-OVEST,LOMBARDIA,MI,3015146,C1AA, ,F205,MILANO,D,D18,MI00000325,5,Negozi,NORMALE,P,1100,2300,L,2022-2
NORD-OVEST,LOMBARDIA,MI,3015146,C1AA, ,F205,MILANO,D,D18,MI00000325,6,Uffici,OTTIMO,P,1500,2200,L,2022-2
NORD-OVEST,LOMBARDIA,MI,3015146,C1AA, ,F205,MILANO,D,D18,MI00000325,18,Uffici strutturati,OTTIMO,P,1850,2700,L,2022-2
NORD-OVEST,LOMBARDIA,MI,3015146,C1AA, ,F205,MILANO,D,D18,MI00000325,8,Capannoni industriali,OTTIMO,P,750,1050,L,2022-2
NORD-OVEST,LOMBARDIA,MI,3015146,C1AA, ,F205,MILANO,D,D18,MI00000325,7,Capannoni tipici,OTTIMO,P,850,1150,L,2022-2
NORD-OVEST,LOMBARDIA,MI,3015146,C1AA, ,F205,MILANO,D,D18,MI00000325,10,Laboratori,NORMALE,P,800,1300,L,2022-2
NORD-OVEST,LOMBARDIA,MI,3015146,C1AA, ,F205,MILANO,D,D20,MI00000327,20,Abitazioni civili,OTTIMO, ,3800,5600,L,2022-2
NORD-OVEST,LOMBARDIA,MI,3015146,C1AA, ,F205,MILANO,D,D20,MI00000327,20,Abitazioni civili,NORMALE,P,2700,3700,L,2022-2
NORD-OVEST,LOMBARDIA,MI,3015146,C1AA, ,F205,MILANO,D,D20,MI00000327,21,Abitazioni di tipo economico,OTTIMO, ,2450,3000,L,2022-2
NORD-OVEST,LOMBARDIA,MI,3015146,C1AA, ,F205,MILANO,D,D20,MI00000327,21,Abitazioni di tipo economico,NORMALE,P,2000,2400,L,2022-2
NORD-OVEST,LOMBARDIA,MI,3015146,C1AA, ,F205,MILANO,D,D20,MI00000327,13,Box,NORMALE,P,1300,2000,L,2022-2
NORD-OVEST,LOMBARDIA,MI,3015146,C1AA, ,F205,MILANO,D,D20,MI00000327,9,Magazzini,NORMALE,P,600,800,L,2022-2
NORD-OVEST,LOMBARDIA,MI,3015146,C1AA, ,F205,MILANO,D,D20,MI00000327,5,Negozi,OTTIMO, ,1650,2600,L,2022-2
NORD-OVEST,LOMBARDIA,MI,3015146,C1AA, ,F205,MILANO,D,D20,MI00000327,5,Negozi,NORMALE,P,1200,1600,L,2022-2
NORD-OVEST,LOMBARDIA,MI,3015146,C1AA, ,F205,MILANO,D,D20,MI00000327,6,Uffici,OTTIMO,P,1600,2400,L,2022-2
NORD-OVEST,LOMBARDIA,MI,3015146,C1AA, ,F205,MILANO,D,D20,MI00000327,18,Uffici strutturati,OTTIMO,P,2000,3000,L,2022-2
NORD-OVEST,LOMBARDIA,MI,3015146,C1AA, ,F205,MILANO,D,D20,MI00000327,8,Capannoni industriali,OTTIMO,P,800,1050,L,2022-2
NORD-OVEST,LOMBARDIA,MI,3015146,C1AA, ,F205,MILANO,D,D20,MI00000327,7,Capannoni tipici,OTTIMO,P,800,1100,L,2022-2
NORD-OVEST,LOMBARDIA,MI,3015146,C1AA, ,F205,MILANO,D,D20,MI00000327,10,Laboratori,NORMALE,P,750,1150,L,2022-2
NORD-OVEST,LOMBARDIA,MI,3015146,C1AA, ,F205,MILANO,D,D21,MI00000328,20,Abitazioni civili,OTTIMO, ,3400,4700,L,2022-2
NORD-OVEST,LOMBARDIA,MI,3015146,C1AA, ,F205,MILANO,D,D21,MI00000328,20,Abitazioni civili,NORMALE,P,2150,3300,L,2022-2
NORD-OVEST,LOMBARDIA,MI,3015146,C1AA, ,F205,MILANO,D,D21,MI00000328,21,Abitazioni di tipo economico,OTTIMO, ,2350,2800,L,2022-2
NORD-OVEST,LOMBARDIA,MI,3015146,C1AA, ,F205,MILANO,D,D21,MI00000328,21,Abitazioni di tipo economico,NORMALE,P,1700,2300,L,2022-2
NORD-OVEST,LOMBARDIA,MI,3015146,C1AA, ,F205,MILANO,D,D21,MI00000328,13,Box,NORMALE,P,1200,1850,L,2022-2
NORD-OVEST,LOMBARDIA,MI,3015146,C1AA, ,F205,MILANO,D,D21,MI00000328,9,Magazzini,NORMALE,P,500,750,L,2022-2
NORD-OVEST,LOMBARDIA,MI,3015146,C1AA, ,F205,MILANO,D,D21,MI00000328,5,Negozi,OTTIMO, ,2050,3000,L,2022-2
NORD-OVEST,LOMBARDIA,MI,3015146,C1AA, ,F205,MILANO,D,D21,MI00000328,5,Negozi,NORMALE,P,1250,2000,L,2022-2
NORD-OVEST,LOMBARDIA,MI,3015146,C1AA, ,F205,MILANO,D,D21,MI00000328,6,Uffici,OTTIMO,P,1750,2800,L,2022-2
NORD-OVEST,LOMBARDIA,MI,3015146,C1AA, ,F205,MILANO,D,D21,MI00000328,18,Uffici strutturati,OTTIMO,P,2200,3100,L,2022-2
NORD-OVEST,LOMBARDIA,MI,3015146,C1AA, ,F205,MILANO,D,D21,MI00000328,8,Capannoni industriali,OTTIMO,P,800,1000,L,2022-2
NORD-OVEST,LOMBARDIA,MI,3015146,C1AA, ,F205,MILANO,D,D21,MI00000328,7,Capannoni tipici,OTTIMO,P,800,1000,L,2022-2
NORD-OVEST,LOMBARDIA,MI,3015146,C1AA, ,F205,MILANO,D,D21,MI00000328,10,Laboratori,NORMALE,P,700,1200,L,2022-2
NORD-OVEST,LOMBARDIA,MI,3015146,C1AA, ,F205,MILANO,D,D24,MI00000331,20,Abitazioni civili,OTTIMO, ,4000,5900,L,2022-2
NORD-OVEST,LOMBARDIA,MI,3015146,C1AA, ,F205,MILANO,D,D24,MI00000331,20,Abitazioni civili,NORMALE,P,2300,3600,L,2022-2
NORD-OVEST,LOMBARDIA,MI,3015146,C1AA, ,F205,MILANO,D,D24,MI00000331,21,Abitazioni di tipo economico,OTTIMO,P,2500,3100,L,2022-2
NORD-OVEST,LOMBARDIA,MI,3015146,C1AA, ,F205,MILANO,D,D24,MI00000331,21,Abitazioni di tipo economico,NORMALE, ,1900,2450,L,2022-2
NORD-OVEST,LOMBARDIA,MI,3015146,C1AA, ,F205,MILANO,D,D24,MI00000331,13,Box,NORMALE,P,1600,2500,L,2022-2
NORD-OVEST,LOMBARDIA,MI,3015146,C1AA, ,F205,MILANO,D,D24,MI00000331,9,Magazzini,NORMALE,P,550,750,L,2022-2
NORD-OVEST,LOMBARDIA,MI,3015146,C1AA, ,F205,MILANO,D,D24,MI00000331,5,Negozi,OTTIMO, ,2000,3000,L,2022-2
NORD-OVEST,LOMBARDIA,MI,3015146,C1AA, ,F205,MILANO,D,D24,MI00000331,5,Negozi,NORMALE,P,1300,1950,L,2022-2
NORD-OVEST,LOMBARDIA,MI,3015146,C1AA, ,F205,MILANO,D,D24,MI00000331,6,Uffici,OTTIMO,P,1600,2700,L,2022-2
NORD-OVEST,LOMBARDIA,MI,3015146,C1AA, ,F205,MILANO,D,D24,MI00000331,18,Uffici strutturati,OTTIMO,P,1950,3200,L,2022-2
NORD-OVEST,LOMBARDIA,MI,3015146,C1AA, ,F205,MILANO,D,D24,MI00000331,8,Capannoni industriali,OTTIMO,P,650,850,L,2022-2
NORD-OVEST,LOMBARDIA,MI,3015146,C1AA, ,F205,MILANO,D,D24,MI00000331,7,Capannoni tipici,OTTIMO,P,650,900,L,2022-2
NORD-OVEST,LOMBARDIA,MI,3015146,C1AA, ,F205,MILANO,D,D24,MI00000331,10,Laboratori,NORMALE,P,700,1250,L,2022-2
NORD-OVEST,LOMBARDIA,MI,3015146,C1AA, ,F205,MILANO,D,D25,MI00000332,20,Abitazioni civili,OTTIMO, ,3400,4200,L,2022-2
NORD-OVEST,LOMBARDIA,MI,3015146,C1AA, ,F205,MILANO,D,D25,MI00000332,20,Abitazioni civili,NORMALE,P,2300,3300,L,2022-2
NORD-OVEST,LOMBARDIA,MI,3015146,C1AA, ,F205,MILANO,D,D25,MI00000332,21,Abitazioni di tipo economico,OTTIMO, ,2550,3000,L,2022-2
NORD-OVEST,LOMBARDIA,MI,3015146,C1AA, ,F205,MILANO,D,D25,MI00000332,21,Abitazioni di tipo economico,NORMALE,P,1600,2500,L,2022-2
NORD-OVEST,LOMBARDIA,MI,3015146,C1AA, ,F205,MILANO,D,D25,MI00000332,13,Box,NORMALE,P,1300,2000,L,2022-2
NORD-OVEST,LOMBARDIA,MI,3015146,C1AA, ,F205,MILANO,D,D25,MI00000332,9,Magazzini,NORMALE,P,350,500,L,2022-2
NORD-OVEST,LOMBARDIA,MI,3015146,C1AA, ,F205,MILANO,D,D25,MI00000332,5,Negozi,OTTIMO, ,1900,2400,L,2022-2
NORD-OVEST,LOMBARDIA,MI,3015146,C1AA, ,F205,MILANO,D,D25,MI00000332,5,Negozi,NORMALE,P,1100,1800,L,2022-2
NORD-OVEST,LOMBARDIA,MI,3015146,C1AA, ,F205,MILANO,D,D25,MI00000332,6,Uffici,OTTIMO,P,1500,2000,L,2022-2
NORD-OVEST,LOMBARDIA,MI,3015146,C1AA, ,F205,MILANO,D,D25,MI00000332,18,Uffici strutturati,OTTIMO,P,2000,2800,L,2022-2
NORD-OVEST,LOMBARDIA,MI,3015146,C1AA, ,F205,MILANO,D,D25,MI00000332,8,Capannoni industriali,OTTIMO,P,750,900,L,2022-2
NORD-OVEST,LOMBARDIA,MI,3015146,C1AA, ,F205,MILANO,D,D25,MI00000332,7,Capannoni tipici,OTTIMO,P,850,950,L,2022-2
NORD-OVEST,LOMBARDIA,MI,3015146,C1AA, ,F205,MILANO,D,D25,MI00000332,10,Laboratori,NORMALE,P,550,800,L,2022-2
NORD-OVEST,LOMBARDIA,MI,3015146,C1AA, ,F205,MILANO,D,D28,MI00000335,20,Abitazioni civili,OTTIMO, ,3800,4700,L,2022-2
NORD-OVEST,LOMBARDIA,MI,3015146,C1AA, ,F205,MILANO,D,D28,MI00000335,20,Abitazioni civili,NORMALE,P,2600,3700,L,2022-2
NORD-OVEST,LOMBARDIA,MI,3015146,C1AA, ,F205,MILANO,D,D28,MI00000335,21,Abitazioni di tipo economico,NORMALE,P,2400,2650,L,2022-2
NORD-OVEST,LOMBARDIA,MI,3015146,C1AA, ,F205,MILANO,D,D28,MI00000335,21,Abitazioni di tipo economico,OTTIMO, ,2700,3500,L,2022-2
NORD-OVEST,LOMBARDIA,MI,3015146,C1AA, ,F205,MILANO,D,D28,MI00000335,13,Box,NORMALE,P,1300,2100,L,2022-2
NORD-OVEST,LOMBARDIA,MI,3015146,C1AA, ,F205,MILANO,D,D28,MI00000335,1,Ville e Villini,NORMALE,P,2600,3500,L,2022-2
NORD-OVEST,LOMBARDIA,MI,3015146,C1AA, ,F205,MILANO,D,D28,MI00000335,1,Ville e Villini,OTTIMO, ,3600,4600,L,2022-2
NORD-OVEST,LOMBARDIA,MI,3015146,C1AA, ,F205,MILANO,D,D28,MI00000335,9,Magazzini,NORMALE,P,400,500,L,2022-2
NORD-OVEST,LOMBARDIA,MI,3015146,C1AA, ,F205,MILANO,D,D28,MI00000335,5,Negozi,NORMALE,P,1050,1450,L,2022-2
NORD-OVEST,LOMBARDIA,MI,3015146,C1AA, ,F205,MILANO,D,D28,MI00000335,6,Uffici,OTTIMO,P,1450,2300,L,2022-2
NORD-OVEST,LOMBARDIA,MI,3015146,C1AA, ,F205,MILANO,D,D28,MI00000335,18,Uffici strutturati,OTTIMO,P,2200,3000,L,2022-2
NORD-OVEST,LOMBARDIA,MI,3015146,C1AA, ,F205,MILANO,D,D28,MI00000335,8,Capannoni industriali,OTTIMO,P,650,850,L,2022-2
NORD-OVEST,LOMBARDIA,MI,3015146,C1AA, ,F205,MILANO,D,D28,MI00000335,7,Capannoni tipici,OTTIMO,P,700,900,L,2022-2
NORD-OVEST,LOMBARDIA,MI,3015146,C1AA, ,F205,MILANO,D,D28,MI00000335,10,Laboratori,NORMALE,P,600,900,L,2022-2
NORD-OVEST,LOMBARDIA,MI,3015146,C1AA, ,F205,MILANO,D,D30,MI00004777,20,Abitazioni civili,OTTIMO, ,2900,4100,L,2022-2
NORD-OVEST,LOMBARDIA,MI,3015146,C1AA, ,F205,MILANO,D,D30,MI00004777,20,Abitazioni civili,NORMALE,P,1950,2800,L,2022-2
NORD-OVEST,LOMBARDIA,MI,3015146,C1AA, ,F205,MILANO,D,D30,MI00004777,21,Abitazioni di tipo economico,OTTIMO, ,1850,2700,L,2022-2
NORD-OVEST,LOMBARDIA,MI,3015146,C1AA, ,F205,MILANO,D,D30,MI00004777,21,Abitazioni di tipo economico,NORMALE,P,1400,1800,L,2022-2
NORD-OVEST,LOMBARDIA,MI,3015146,C1AA, ,F205,MILANO,D,D30,MI00004777,13,Box,NORMALE,P,1300,2100,L,2022-2
NORD-OVEST,LOMBARDIA,MI,3015146,C1AA, ,F205,MILANO,D,D30,MI00004777,9,Magazzini,NORMALE,P,500,700,L,2022-2
NORD-OVEST,LOMBARDIA,MI,3015146,C1AA, ,F205,MILANO,D,D30,MI00004777,5,Negozi,OTTIMO, ,1750,2600,L,2022-2
NORD-OVEST,LOMBARDIA,MI,3015146,C1AA, ,F205,MILANO,D,D30,MI00004777,5,Negozi,NORMALE,P,1250,1700,L,2022-2
NORD-OVEST,LOMBARDIA,MI,3015146,C1AA, ,F205,MILANO,D,D30,MI00004777,6,Uffici,OTTIMO,P,1450,2300,L,2022-2
NORD-OVEST,LOMBARDIA,MI,3015146,C1AA, ,F205,MILANO,D,D30,MI00004777,18,Uffici strutturati,OTTIMO,P,2300,3300,L,2022-2
NORD-OVEST,LOMBARDIA,MI,3015146,C1AA, ,F205,MILANO,D,D30,MI00004777,8,Capannoni industriali,OTTIMO,P,850,1200,L,2022-2
NORD-OVEST,LOMBARDIA,MI,3015146,C1AA, ,F205,MILANO,D,D30,MI00004777,7,Capannoni tipici,OTTIMO,P,950,1200,L,2022-2
NORD-OVEST,LOMBARDIA,MI,3015146,C1AA, ,F205,MILANO,D,D30,MI00004777,10,Laboratori,NORMALE,P,800,1300,L,2022-2
NORD-OVEST,LOMBARDIA,MI,3015146,C1AA, ,F205,MILANO,D,D31,MI00004778,20,Abitazioni civili,OTTIMO, ,2850,4400,L,2022-2
NORD-OVEST,LOMBARDIA,MI,3015146,C1AA, ,F205,MILANO,D,D31,MI00004778,20,Abitazioni civili,NORMALE,P,1900,2800,L,2022-2
NORD-OVEST,LOMBARDIA,MI,3015146,C1AA, ,F205,MILANO,D,D31,MI00004778,21,Abitazioni di tipo economico,OTTIMO, ,1800,2600,L,2022-2
NORD-OVEST,LOMBARDIA,MI,3015146,C1AA, ,F205,MILANO,D,D31,MI00004778,21,Abitazioni di tipo economico,NORMALE,P,1400,1750,L,2022-2
NORD-OVEST,LOMBARDIA,MI,3015146,C1AA, ,F205,MILANO,D,D31,MI00004778,13,Box,NORMALE,P,1200,1700,L,2022-2
NORD-OVEST,LOMBARDIA,MI,3015146,C1AA, ,F205,MILANO,D,D31,MI00004778,9,Magazzini,NORMALE,P,450,750,L,2022-2
NORD-OVEST,LOMBARDIA,MI,3015146,C1AA, ,F205,MILANO,D,D31,MI00004778,5,Negozi,NORMALE,P,1300,2300,L,2022-2
NORD-OVEST,LOMBARDIA,MI,3015146,C1AA, ,F205,MILANO,D,D31,MI00004778,6,Uffici,OTTIMO,P,1500,2200,L,2022-2
NORD-OVEST,LOMBARDIA,MI,3015146,C1AA, ,F205,MILANO,D,D31,MI00004778,18,Uffici strutturati,OTTIMO,P,1900,2700,L,2022-2
NORD-OVEST,LOMBARDIA,MI,3015146,C1AA, ,F205,MILANO,D,D31,MI00004778,8,Capannoni industriali,OTTIMO,P,800,1000,L,2022-2
NORD-OVEST,LOMBARDIA,MI,3015146,C1AA, ,F205,MILANO,D,D31,MI00004778,7,Capannoni tipici,OTTIMO,P,850,1100,L,2022-2
NORD-OVEST,LOMBARDIA,MI,3015146,C1AA, ,F205,MILANO,D,D31,MI00004778,10,Laboratori,NORMALE,P,750,1500,L,2022-2
NORD-OVEST,LOMBARDIA,MI,3015146,C1AA, ,F205,MILANO,D,D32,MI00004779,20,Abitazioni civili,OTTIMO, ,2600,3700,L,2022-2
NORD-OVEST,LOMBARDIA,MI,3015146,C1AA, ,F205,MILANO,D,D32,MI00004779,20,Abitazioni civili,NORMALE,P,2000,2500,L,2022-2
NORD-OVEST,LOMBARDIA,MI,3015146,C1AA, ,F205,MILANO,D,D32,MI00004779,21,Abitazioni di tipo economico,NORMALE,P,1450,1900,L,2022-2
NORD-OVEST,LOMBARDIA,MI,3015146,C1AA, ,F205,MILANO,D,D32,MI00004779,21,Abitazioni di tipo economico,OTTIMO, ,1950,2500,L,2022-2
NORD-OVEST,LOMBARDIA,MI,3015146,C1AA, ,F205,MILANO,D,D32,MI00004779,13,Box,NORMALE,P,1000,1800,L,2022-2
NORD-OVEST,LOMBARDIA,MI,3015146,C1AA, ,F205,MILANO,D,D32,MI00004779,1,Ville e Villini,NORMALE,P,1850,2500,L,2022-2
NORD-OVEST,LOMBARDIA,MI,3015146,C1AA, ,F205,MILANO,D,D32,MI00004779,1,Ville e Villini,OTTIMO, ,2550,3700,L,2022-2
NORD-OVEST,LOMBARDIA,MI,3015146,C1AA, ,F205,MILANO,D,D32,MI00004779,9,Magazzini,NORMALE,P,500,850,L,2022-2
NORD-OVEST,LOMBARDIA,MI,3015146,C1AA, ,F205,MILANO,D,D32,MI00004779,5,Negozi,NORMALE,P,1200,2100,L,2022-2
NORD-OVEST,LOMBARDIA,MI,3015146,C1AA, ,F205,MILANO,D,D32,MI00004779,6,Uffici,OTTIMO,P,1500,2000,L,2022-2
NORD-OVEST,LOMBARDIA,MI,3015146,C1AA, ,F205,MILANO,D,D32,MI00004779,18,Uffici strutturati,OTTIMO,P,1800,2600,L,2022-2
NORD-OVEST,LOMBARDIA,MI,3015146,C1AA, ,F205,MILANO,D,D32,MI00004779,8,Capannoni industriali,OTTIMO,P,850,1100,L,2022-2
NORD-OVEST,LOMBARDIA,MI,3015146,C1AA, ,F205,MILANO,D,D32,MI00004779,7,Capannoni tipici,OTTIMO,P,850,1100,L,2022-2
NORD-OVEST,LOMBARDIA,MI,3015146,C1AA, ,F205,MILANO,D,D32,MI00004779,10,Laboratori,NORMALE,P,550,1050,L,2022-2
NORD-OVEST,LOMBARDIA,MI,3015146,C1AA, ,F205,MILANO,D,D33,MI00004780,20,Abitazioni civili,OTTIMO, ,3400,4000,L,2022-2
NORD-OVEST,LOMBARDIA,MI,3015146,C1AA, ,F205,MILANO,D,D33,MI00004780,20,Abitazioni civili,NORMALE,P,2350,3300,L,2022-2
NORD-OVEST,LOMBARDIA,MI,3015146,C1AA, ,F205,MILANO,D,D33,MI00004780,21,Abitazioni di tipo economico,OTTIMO, ,2400,2950,L,2022-2
NORD-OVEST,LOMBARDIA,MI,3015146,C1AA, ,F205,MILANO,D,D33,MI00004780,21,Abitazioni di tipo economico,NORMALE,P,1700,2300,L,2022-2
NORD-OVEST,LOMBARDIA,MI,3015146,C1AA, ,F205,MILANO,D,D33,MI00004780,13,Box,NORMALE,P,1000,1600,L,2022-2
NORD-OVEST,LOMBARDIA,MI,3015146,C1AA, ,F205,MILANO,D,D33,MI00004780,9,Magazzini,NORMALE,P,450,600,L,2022-2
NORD-OVEST,LOMBARDIA,MI,3015146,C1AA, ,F205,MILANO,D,D33,MI00004780,5,Negozi,NORMALE,P,1150,1700,L,2022-2
NORD-OVEST,LOMBARDIA,MI,3015146,C1AA, ,F205,MILANO,D,D33,MI00004780,6,Uffici,OTTIMO,P,1600,2000,L,2022-2
NORD-OVEST,LOMBARDIA,MI,3015146,C1AA, ,F205,MILANO,D,D33,MI00004780,18,Uffici strutturati,OTTIMO,P,2000,2650,L,2022-2
NORD-OVEST,LOMBARDIA,MI,3015146,C1AA, ,F205,MILANO,D,D33,MI00004780,8,Capannoni industriali,OTTIMO,P,800,1000,L,2022-2
NORD-OVEST,LOMBARDIA,MI,3015146,C1AA, ,F205,MILANO,D,D33,MI00004780,7,Capannoni tipici,OTTIMO,P,850,1150,L,2022-2
NORD-OVEST,LOMBARDIA,MI,3015146,C1AA, ,F205,MILANO,D,D33,MI00004780,10,Laboratori,NORMALE,P,750,1200,L,2022-2
NORD-OVEST,LOMBARDIA,MI,3015146,C1AA, ,F205,MILANO,D,D34,MI00004781,20,Abitazioni civili,OTTIMO, ,3600,4400,L,2022-2
NORD-OVEST,LOMBARDIA,MI,3015146,C1AA, ,F205,MILANO,D,D34,MI00004781,20,Abitazioni civili,NORMALE,P,2500,3500,L,2022-2
NORD-OVEST,LOMBARDIA,MI,3015146,C1AA, ,F205,MILANO,D,D34,MI00004781,21,Abitazioni di tipo economico,OTTIMO, ,2600,3200,L,2022-2
NORD-OVEST,LOMBARDIA,MI,3015146,C1AA, ,F205,MILANO,D,D34,MI00004781,21,Abitazioni di tipo economico,NORMALE,P,1900,2550,L,2022-2
NORD-OVEST,LOMBARDIA,MI,3015146,C1AA, ,F205,MILANO,D,D34,MI00004781,13,Box,NORMALE,P,1000,1450,L,2022-2
NORD-OVEST,LOMBARDIA,MI,3015146,C1AA, ,F205,MILANO,D,D34,MI00004781,9,Magazzini,NORMALE,P,550,800,L,2022-2
NORD-OVEST,LOMBARDIA,MI,3015146,C1AA, ,F205,MILANO,D,D34,MI00004781,5,Negozi,NORMALE,P,1150,1800,L,2022-2
NORD-OVEST,LOMBARDIA,MI,3015146,C1AA, ,F205,MILANO,D,D34,MI00004781,6,Uffici,OTTIMO,P,1500,2000,L,2022-2
NORD-OVEST,LOMBARDIA,MI,3015146,C1AA, ,F205,MILANO,D,D34,MI00004781,18,Uffici strutturati,OTTIMO,P,2100,3000,L,2022-2
NORD-OVEST,LOMBARDIA,MI,3015146,C1AA, ,F205,MILANO,D,D34,MI00004781,8,Capannoni industriali,OTTIMO,P,750,1000,L,2022-2
NORD-OVEST,LOMBARDIA,MI,3015146,C1AA, ,F205,MILANO,D,D34,MI00004781,7,Capannoni tipici,OTTIMO,P,800,1050,L,2022-2
NORD-OVEST,LOMBARDIA,MI,3015146,C1AA, ,F205,MILANO,D,D34,MI00004781,10,Laboratori,NORMALE,P,650,950,L,2022-2
NORD-OVEST,LOMBARDIA,MI,3015146,C1AA, ,F205,MILANO,D,D35,MI00004782,20,Abitazioni civili,OTTIMO, ,3600,4300,L,2022-2
NORD-OVEST,LOMBARDIA,MI,3015146,C1AA, ,F205,MILANO,D,D35,MI00004782,20,Abitazioni civili,NORMALE,P,2100,3500,L,2022-2
NORD-OVEST,LOMBARDIA,MI,3015146,C1AA, ,F205,MILANO,D,D35,MI00004782,21,Abitazioni di tipo economico,OTTIMO, ,2300,2850,L,2022-2
NORD-OVEST,LOMBARDIA,MI,3015146,C1AA, ,F205,MILANO,D,D35,MI00004782,21,Abitazioni di tipo economico,NORMALE,P,1700,2200,L,2022-2
NORD-OVEST,LOMBARDIA,MI,3015146,C1AA, ,F205,MILANO,D,D35,MI00004782,13,Box,NORMALE,P,1200,1800,L,2022-2
NORD-OVEST,LOMBARDIA,MI,3015146,C1AA, ,F205,MILANO,D,D35,MI00004782,9,Magazzini,NORMALE,P,650,850,L,2022-2
NORD-OVEST,LOMBARDIA,MI,3015146,C1AA, ,F205,MILANO,D,D35,MI00004782,5,Negozi,NORMALE,P,1300,2200,L,2022-2
NORD-OVEST,LOMBARDIA,MI,3015146,C1AA, ,F205,MILANO,D,D35,MI00004782,6,Uffici,OTTIMO,P,1650,2400,L,2022-2
NORD-OVEST,LOMBARDIA,MI,3015146,C1AA, ,F205,MILANO,D,D35,MI00004782,18,Uffici strutturati,OTTIMO,P,2250,3000,L,2022-2
NORD-OVEST,LOMBARDIA,MI,3015146,C1AA, ,F205,MILANO,D,D35,MI00004782,8,Capannoni industriali,OTTIMO,P,800,1150,L,2022-2
NORD-OVEST,LOMBARDIA,MI,3015146,C1AA, ,F205,MILANO,D,D35,MI00004782,7,Capannoni tipici,OTTIMO,P,850,1200,L,2022-2
NORD-OVEST,LOMBARDIA,MI,3015146,C1AA, ,F205,MILANO,D,D35,MI00004782,10,Laboratori,NORMALE,P,750,1450,L,2022-2
NORD-OVEST,LOMBARDIA,MI,3015146,C1AA, ,F205,MILANO,D,D36,MI00004783,20,Abitazioni civili,OTTIMO, ,3500,5000,L,2022-2
NORD-OVEST,LOMBARDIA,MI,3015146,C1AA, ,F205,MILANO,D,D36,MI00004783,20,Abitazioni civili,NORMALE,P,2500,3400,L,2022-2
NORD-OVEST,LOMBARDIA,MI,3015146,C1AA, ,F205,MILANO,D,D36,MI00004783,21,Abitazioni di tipo economico,OTTIMO, ,2500,3300,L,2022-2
NORD-OVEST,LOMBARDIA,MI,3015146,C1AA, ,F205,MILANO,D,D36,MI00004783,21,Abitazioni di tipo economico,NORMALE,P,1850,2450,L,2022-2
NORD-OVEST,LOMBARDIA,MI,3015146,C1AA, ,F205,MILANO,D,D36,MI00004783,13,Box,NORMALE,P,1300,2100,L,2022-2
NORD-OVEST,LOMBARDIA,MI,3015146,C1AA, ,F205,MILANO,D,D36,MI00004783,9,Magazzini,NORMALE,P,500,800,L,2022-2
NORD-OVEST,LOMBARDIA,MI,3015146,C1AA, ,F205,MILANO,D,D36,MI00004783,5,Negozi,NORMALE,P,1550,2750,L,2022-2
NORD-OVEST,LOMBARDIA,MI,3015146,C1AA, ,F205,MILANO,D,D36,MI00004783,6,Uffici,OTTIMO,P,1650,2650,L,2022-2
NORD-OVEST,LOMBARDIA,MI,3015146,C1AA, ,F205,MILANO,D,D36,MI00004783,18,Uffici strutturati,OTTIMO,P,1900,3000,L,2022-2
NORD-OVEST,LOMBARDIA,MI,3015146,C1AA, ,F205,MILANO,D,D36,MI00004783,8,Capannoni industriali,OTTIMO,P,850,1000,L,2022-2
NORD-OVEST,LOMBARDIA,MI,3015146,C1AA, ,F205,MILANO,D,D36,MI00004783,7,Capannoni tipici,OTTIMO,P,800,1050,L,2022-2
NORD-OVEST,LOMBARDIA,MI,3015146,C1AA, ,F205,MILANO,D,D36,MI00004783,10,Laboratori,NORMALE,P,750,1250,L,2022-2
NORD-OVEST,LOMBARDIA,MI,3015146,C1AA, ,F205,MILANO,E,E5,MI00004784,20,Abitazioni civili,OTTIMO, ,2700,3200,L,2022-2
NORD-OVEST,LOMBARDIA,MI,3015146,C1AA, ,F205,MILANO,E,E5,MI00004784,20,Abitazioni civili,NORMALE,P,2150,2650,L,2022-2
NORD-OVEST,LOMBARDIA,MI,3015146,C1AA, ,F205,MILANO,E,E5,MI00004784,21,Abitazioni di tipo economico,NORMALE,P,1450,2050,L,2022-2
NORD-OVEST,LOMBARDIA,MI,3015146,C1AA, ,F205,MILANO,E,E5,MI00004784,21,Abitazioni di tipo economico,OTTIMO, ,2100,2600,L,2022-2
NORD-OVEST,LOMBARDIA,MI,3015146,C1AA, ,F205,MILANO,E,E5,MI00004784,13,Box,NORMALE,P,1000,1700,L,2022-2
NORD-OVEST,LOMBARDIA,MI,3015146,C1AA, ,F205,MILANO,E,E5,MI00004784,1,Ville e Villini,NORMALE,P,1650,2400,L,2022-2
NORD-OVEST,LOMBARDIA,MI,3015146,C1AA, ,F205,MILANO,E,E5,MI00004784,1,Ville e Villini,OTTIMO, ,2450,2800,L,2022-2
NORD-OVEST,LOMBARDIA,MI,3015146,C1AA, ,F205,MILANO,E,E5,MI00004784,9,Magazzini,NORMALE,P,450,600,L,2022-2
NORD-OVEST,LOMBARDIA,MI,3015146,C1AA, ,F205,MILANO,E,E5,MI00004784,5,Negozi,NORMALE,P,800,1400,L,2022-2
NORD-OVEST,LOMBARDIA,MI,3015146,C1AA, ,F205,MILANO,E,E5,MI00004784,6,Uffici,OTTIMO,P,900,1500,L,2022-2
NORD-OVEST,LOMBARDIA,MI,3015146,C1AA, ,F205,MILANO,E,E5,MI00004784,18,Uffici strutturati,OTTIMO,P,1700,2250,L,2022-2
NORD-OVEST,LOMBARDIA,MI,3015146,C1AA, ,F205,MILANO,E,E5,MI00004784,8,Capannoni industriali,OTTIMO,P,600,850,L,2022-2
NORD-OVEST,LOMBARDIA,MI,3015146,C1AA, ,F205,MILANO,E,E5,MI00004784,7,Capannoni tipici,OTTIMO,P,600,900,L,2022-2
NORD-OVEST,LOMBARDIA,MI,3015146,C1AA, ,F205,MILANO,E,E5,MI00004784,10,Laboratori,NORMALE,P,480,650,L,2022-2
NORD-OVEST,LOMBARDIA,MI,3015146,C1AA, ,F205,MILANO,E,E6,MI00004785,20,Abitazioni civili,OTTIMO, ,2850,3400,L,2022-2
NORD-OVEST,LOMBARDIA,MI,3015146,C1AA, ,F205,MILANO,E,E6,MI00004785,20,Abitazioni civili,NORMALE,P,2200,2800,L,2022-2
NORD-OVEST,LOMBARDIA,MI,3015146,C1AA, ,F205,MILANO,E,E6,MI00004785,21,Abitazioni di tipo economico,OTTIMO, ,1850,2400,L,2022-2
NORD-OVEST,LOMBARDIA,MI,3015146,C1AA, ,F205,MILANO,E,E6,MI00004785,21,Abitazioni di tipo economico,NORMALE,P,1400,1800,L,2022-2
NORD-OVEST,LOMBARDIA,MI,3015146,C1AA, ,F205,MILANO,E,E6,MI00004785,13,Box,NORMALE,P,1000,1750,L,2022-2
NORD-OVEST,LOMBARDIA,MI,3015146,C1AA, ,F205,MILANO,E,E6,MI00004785,9,Magazzini,NORMALE,P,300,450,L,2022-2
NORD-OVEST,LOMBARDIA,MI,3015146,C1AA, ,F205,MILANO,E,E6,MI00004785,5,Negozi,NORMALE,P,900,1550,L,2022-2
NORD-OVEST,LOMBARDIA,MI,3015146,C1AA, ,F205,MILANO,E,E6,MI00004785,6,Uffici,OTTIMO,P,1350,1900,L,2022-2
NORD-OVEST,LOMBARDIA,MI,3015146,C1AA, ,F205,MILANO,E,E6,MI00004785,18,Uffici strutturati,OTTIMO,P,1750,2650,L,2022-2
NORD-OVEST,LOMBARDIA,MI,3015146,C1AA, ,F205,MILANO,E,E6,MI00004785,8,Capannoni industriali,OTTIMO,P,700,950,L,2022-2
NORD-OVEST,LOMBARDIA,MI,3015146,C1AA, ,F205,MILANO,E,E6,MI00004785,7,Capannoni tipici,OTTIMO,P,700,950,L,2022-2
NORD-OVEST,LOMBARDIA,MI,3015146,C1AA, ,F205,MILANO,E,E6,MI00004785,10,Laboratori,NORMALE,P,700,950,L,2022-2
NORD-OVEST,LOMBARDIA,MI,3015146,C1AA, ,F205,MILANO,E,E7,MI00004786,20,Abitazioni civili,OTTIMO, ,2200,2750,L,2022-2
NORD-OVEST,LOMBARDIA,MI,3015146,C1AA, ,F205,MILANO,E,E7,MI00004786,20,Abitazioni civili,NORMALE,P,1600,2100,L,2022-2
NORD-OVEST,LOMBARDIA,MI,3015146,C1AA, ,F205,MILANO,E,E7,MI00004786,21,Abitazioni di tipo economico,OTTIMO, ,1800,2200,L,2022-2
NORD-OVEST,LOMBARDIA,MI,3015146,C1AA, ,F205,MILANO,E,E7,MI00004786,21,Abitazioni di tipo economico,NORMALE,P,1400,1750,L,2022-2
NORD-OVEST,LOMBARDIA,MI,3015146,C1AA, ,F205,MILANO,E,E7,MI00004786,13,Box,NORMALE,P,850,1300,L,2022-2
NORD-OVEST,LOMBARDIA,MI,3015146,C1AA, ,F205,MILANO,E,E7,MI00004786,9,Magazzini,NORMALE,P,350,500,L,2022-2
NORD-OVEST,LOMBARDIA,MI,3015146,C1AA, ,F205,MILANO,E,E7,MI00004786,5,Negozi,NORMALE,P,650,1250,L,2022-2
NORD-OVEST,LOMBARDIA,MI,3015146,C1AA, ,F205,MILANO,E,E7,MI00004786,6,Uffici,OTTIMO,P,1400,1850,L,2022-2
NORD-OVEST,LOMBARDIA,MI,3015146,C1AA, ,F205,MILANO,E,E7,MI00004786,18,Uffici strutturati,OTTIMO,P,1600,2500,L,2022-2
NORD-OVEST,LOMBARDIA,MI,3015146,C1AA, ,F205,MILANO,E,E7,MI00004786,8,Capannoni industriali,OTTIMO,P,750,950,L,2022-2
NORD-OVEST,LOMBARDIA,MI,3015146,C1AA, ,F205,MILANO,E,E7,MI00004786,7,Capannoni tipici,OTTIMO,P,700,950,L,2022-2
NORD-OVEST,LOMBARDIA,MI,3015146,C1AA, ,F205,MILANO,E,E7,MI00004786,10,Laboratori,NORMALE,P,600,1000,L,2022-2
NORD-OVEST,LOMBARDIA,MI,3015146,C1AA, ,F205,MILANO,E,E8,MI00004787,20,Abitazioni civili,OTTIMO, ,2000,2850,L,2022-2
NORD-OVEST,LOMBARDIA,MI,3015146,C1AA, ,F205,MILANO,E,E8,MI00004787,20,Abitazioni civili,NORMALE,P,1500,1950,L,2022-2
NORD-OVEST,LOMBARDIA,MI,3015146,C1AA, ,F205,MILANO,E,E8,MI00004787,21,Abitazioni di tipo economico,OTTIMO, ,1750,2200,L,2022-2
NORD-OVEST,LOMBARDIA,MI,3015146,C1AA, ,F205,MILANO,E,E8,MI00004787,21,Abitazioni di tipo economico,NORMALE,P,1300,1700,L,2022-2
NORD-OVEST,LOMBARDIA,MI,3015146,C1AA, ,F205,MILANO,E,E8,MI00004787,13,Box,NORMALE,P,950,1350,L,2022-2
NORD-OVEST,LOMBARDIA,MI,3015146,C1AA, ,F205,MILANO,E,E8,MI00004787,9,Magazzini,NORMALE,P,350,550,L,2022-2
NORD-OVEST,LOMBARDIA,MI,3015146,C1AA, ,F205,MILANO,E,E8,MI00004787,5,Negozi,NORMALE,P,850,1550,L,2022-2
NORD-OVEST,LOMBARDIA,MI,3015146,C1AA, ,F205,MILANO,E,E8,MI00004787,6,Uffici,OTTIMO,P,1100,1600,L,2022-2
NORD-OVEST,LOMBARDIA,MI,3015146,C1AA, ,F205,MILANO,E,E8,MI00004787,18,Uffici strutturati,OTTIMO,P,1550,2000,L,2022-2
NORD-OVEST,LOMBARDIA,MI,3015146,C1AA, ,F205,MILANO,E,E8,MI00004787,8,Capannoni industriali,OTTIMO,P,700,950,L,2022-2
NORD-OVEST,LOMBARDIA,MI,3015146,C1AA, ,F205,MILANO,E,E8,MI00004787,7,Capannoni tipici,OTTIMO,P,750,1000,L,2022-2
NORD-OVEST,LOMBARDIA,MI,3015146,C1AA, ,F205,MILANO,E,E8,MI00004787,10,Laboratori,NORMALE,P,600,900,L,2022-2
NORD-OVEST,LOMBARDIA,MI,3015146,C1AA, ,F205,MILANO,B,B12,MI00003228,20,Abitazioni civili,OTTIMO, ,9300,13200,L,2022-1
NORD-OVEST,LOMBARDIA,MI,3015146,C1AA, ,F205,MILANO,B,B12,MI00003228,20,Abitazioni civili,NORMALE,P,7500,9200,L,2022-1
NORD-OVEST,LOMBARDIA,MI,3015146,C1AA, ,F205,MILANO,B,B12,MI00003228,21,Abitazioni di tipo economico,NORMALE,P,6500,7700,L,2022-1
NORD-OVEST,LOMBARDIA,MI,3015146,C1AA, ,F205,MILANO,B,B12,MI00003228,21,Abitazioni di tipo economico,OTTIMO, ,7800,8800,L,2022-1
NORD-OVEST,LOMBARDIA,MI,3015146,C1AA, ,F205,MILANO,B,B12,MI00003228,19,Abitazioni signorili,OTTIMO,P,11500,15700,L,2022-1
NORD-OVEST,LOMBARDIA,MI,3015146,C1AA, ,F205,MILANO,B,B12,MI00003228,13,Box,NORMALE,P,4500,6800,L,2022-1
NORD-OVEST,LOMBARDIA,MI,3015146,C1AA, ,F205,MILANO,B,B12,MI00003228,9,Magazzini,NORMALE,P,2350,3200,L,2022-1
NORD-OVEST,LOMBARDIA,MI,3015146,C1AA, ,F205,MILANO,B,B12,MI00003228,5,Negozi,OTTIMO, ,14300,23600,L,2022-1
NORD-OVEST,LOMBARDIA,MI,3015146,C1AA, ,F205,MILANO,B,B12,MI00003228,5,Negozi,NORMALE,P,8500,12300,L,2022-1
NORD-OVEST,LOMBARDIA,MI,3015146,C1AA, ,F205,MILANO,B,B12,MI00003228,6,Uffici,OTTIMO,P,7100,10800,L,2022-1
NORD-OVEST,LOMBARDIA,MI,3015146,C1AA, ,F205,MILANO,B,B12,MI00003228,18,Uffici strutturati,OTTIMO,P,7700,13000,L,2022-1
NORD-OVEST,LOMBARDIA,MI,3015146,C1AA, ,F205,MILANO,B,B12,MI00003228,10,Laboratori,NORMALE,P,2800,3300,L,2022-1
NORD-OVEST,LOMBARDIA,MI,3015146,C1AA, ,F205,MILANO,B,B13,MI00003232,20,Abitazioni civili,NORMALE,P,5600,7000,L,2022-1
NORD-OVEST,LOMBARDIA,MI,3015146,C1AA, ,F205,MILANO,B,B13,MI00003232,20,Abitazioni civili,OTTIMO, ,7100,8800,L,2022-1
NORD-OVEST,LOMBARDIA,MI,3015146,C1AA, ,F205,MILANO,B,B13,MI00003232,21,Abitazioni di tipo economico,NORMALE,P,4300,5200,L,2022-1
NORD-OVEST,LOMBARDIA,MI,3015146,C1AA, ,F205,MILANO,B,B13,MI00003232,21,Abitazioni di tipo economico,OTTIMO, ,5300,6700,L,2022-1
NORD-OVEST,LOMBARDIA,MI,3015146,C1AA, ,F205,MILANO,B,B13,MI00003232,19,Abitazioni signorili,OTTIMO,P,7700,9900,L,2022-1
NORD-OVEST,LOMBARDIA,MI,3015146,C1AA, ,F205,MILANO,B,B13,MI00003232,13,Box,NORMALE,P,3100,4400,L,2022-1
NORD-OVEST,LOMBARDIA,MI,3015146,C1AA, ,F205,MILANO,B,B13,MI00003232,9,Magazzini,NORMALE,P,1500,2200,L,2022-1
NORD-OVEST,LOMBARDIA,MI,3015146,C1AA, ,F205,MILANO,B,B13,MI00003232,5,Negozi,NORMALE,P,3900,5500,L,2022-1
NORD-OVEST,LOMBARDIA,MI,3015146,C1AA, ,F205,MILANO,B,B13,MI00003232,5,Negozi,OTTIMO, ,5600,7300,L,2022-1
NORD-OVEST,LOMBARDIA,MI,3015146,C1AA, ,F205,MILANO,B,B13,MI00003232,6,Uffici,OTTIMO,P,4200,6500,L,2022-1
NORD-OVEST,LOMBARDIA,MI,3015146,C1AA, ,F205,MILANO,B,B13,MI00003232,18,Uffici strutturati,OTTIMO,P,4600,7000,L,2022-1
NORD-OVEST,LOMBARDIA,MI,3015146,C1AA, ,F205,MILANO,B,B13,MI00003232,10,Laboratori,NORMALE,P,2100,2700,L,2022-1
NORD-OVEST,LOMBARDIA,MI,3015146,C1AA, ,F205,MILANO,B,B15,MI00003544,20,Abitazioni civili,OTTIMO, ,8800,12600,L,2022-1
NORD-OVEST,LOMBARDIA,MI,3015146,C1AA, ,F205,MILANO,B,B15,MI00003544,20,Abitazioni civili,NORMALE,P,7500,8700,L,2022-1
NORD-OVEST,LOMBARDIA,MI,3015146,C1AA, ,F205,MILANO,B,B15,MI00003544,21,Abitazioni di tipo economico,OTTIMO, ,7200,8500,L,2022-1
NORD-OVEST,LOMBARDIA,MI,3015146,C1AA, ,F205,MILANO,B,B15,MI00003544,21,Abitazioni di tipo economico,NORMALE,P,6500,7100,L,2022-1
NORD-OVEST,LOMBARDIA,MI,3015146,C1AA, ,F205,MILANO,B,B15,MI00003544,19,Abitazioni signorili,OTTIMO,P,12000,15200,L,2022-1
NORD-OVEST,LOMBARDIA,MI,3015146,C1AA, ,F205,MILANO,B,B15,MI00003544,13,Box,NORMALE,P,3800,5200,L,2022-1
NORD-OVEST,LOMBARDIA,MI,3015146,C1AA, ,F205,MILANO,B,B15,MI00003544,9,Magazzini,NORMALE,P,1300,2000,L,2022-1
NORD-OVEST,LOMBARDIA,MI,3015146,C1AA, ,F205,MILANO,B,B15,MI00003544,5,Negozi,OTTIMO, ,6900,12000,L,2022-1
NORD-OVEST,LOMBARDIA,MI,3015146,C1AA, ,F205,MILANO,B,B15,MI00003544,5,Negozi,NORMALE,P,4500,6800,L,2022-1
NORD-OVEST,LOMBARDIA,MI,3015146,C1AA, ,F205,MILANO,B,B15,MI00003544,6,Uffici,OTTIMO,P,4500,6600,L,2022-1
NORD-OVEST,LOMBARDIA,MI,3015146,C1AA, ,F205,MILANO,B,B15,MI00003544,18,Uffici strutturati,OTTIMO,P,5000,7200,L,2022-1
NORD-OVEST,LOMBARDIA,MI,3015146,C1AA, ,F205,MILANO,B,B15,MI00003544,10,Laboratori,NORMALE,P,2400,3000,L,2022-1
NORD-OVEST,LOMBARDIA,MI,3015146,C1AA, ,F205,MILANO,B,B16,MI00003545,20,Abitazioni civili,OTTIMO, ,7900,9800,L,2022-1
NORD-OVEST,LOMBARDIA,MI,3015146,C1AA, ,F205,MILANO,B,B16,MI00003545,20,Abitazioni civili,NORMALE,P,6500,7800,L,2022-1
NORD-OVEST,LOMBARDIA,MI,3015146,C1AA, ,F205,MILANO,B,B16,MI00003545,21,Abitazioni di tipo economico,OTTIMO, ,6300,7700,L,2022-1
NORD-OVEST,LOMBARDIA,MI,3015146,C1AA, ,F205,MILANO,B,B16,MI00003545,21,Abitazioni di tipo economico,NORMALE,P,5800,6200,L,2022-1
NORD-OVEST,LOMBARDIA,MI,3015146,C1AA, ,F205,MILANO,B,B16,MI00003545,19,Abitazioni signorili,OTTIMO,P,8600,11000,L,2022-1
NORD-OVEST,LOMBARDIA,MI,3015146,C1AA, ,F205,MILANO,B,B16,MI00003545,13,Box,NORMALE,P,3700,5300,L,2022-1
NORD-OVEST,LOMBARDIA,MI,3015146,C1AA, ,F205,MILANO,B,B16,MI00003545,9,Magazzini,NORMALE,P,1300,1900,L,2022-1
NORD-OVEST,LOMBARDIA,MI,3015146,C1AA, ,F205,MILANO,B,B16,MI00003545,5,Negozi,OTTIMO, ,5500,8000,L,2022-1
NORD-OVEST,LOMBARDIA,MI,3015146,C1AA, ,F205,MILANO,B,B16,MI00003545,5,Negozi,NORMALE,P,3900,5700,L,2022-1
NORD-OVEST,LOMBARDIA,MI,3015146,C1AA, ,F205,MILANO,B,B16,MI00003545,6,Uffici,OTTIMO,P,4200,6100,L,2022-1
NORD-OVEST,LOMBARDIA,MI,3015146,C1AA, ,F205,MILANO,B,B16,MI00003545,18,Uffici strutturati,OTTIMO,P,4800,6600,L,2022-1
NORD-OVEST,LOMBARDIA,MI,3015146,C1AA, ,F205,MILANO,B,B16,MI00003545,10,Laboratori,NORMALE,P,2300,2900,L,2022-1
NORD-OVEST,LOMBARDIA,MI,3015146,C1AA, ,F205,MILANO,B,B17,MI00004767,20,Abitazioni civili,OTTIMO, ,6000,9100,L,2022-1
NORD-OVEST,LOMBARDIA,MI,3015146,C1AA, ,F205,MILANO,B,B17,MI00004767,20,Abitazioni civili,NORMALE,P,4200,5900,L,2022-1
NORD-OVEST,LOMBARDIA,MI,3015146,C1AA, ,F205,MILANO,B,B17,MI00004767,21,Abitazioni di tipo economico,NORMALE,P,3700,4500,L,2022-1
NORD-OVEST,LOMBARDIA,MI,3015146,C1AA, ,F205,MILANO,B,B17,MI00004767,21,Abitazioni di tipo economico,OTTIMO, ,4600,6100,L,2022-1
NORD-OVEST,LOMBARDIA,MI,3015146,C1AA, ,F205,MILANO,B,B17,MI00004767,19,Abitazioni signorili,OTTIMO,P,7400,11100,L,2022-1
NORD-OVEST,LOMBARDIA,MI,3015146,C1AA, ,F205,MILANO,B,B17,MI00004767,13,Box,NORMALE,P,2400,3700,L,2022-1
NORD-OVEST,LOMBARDIA,MI,3015146,C1AA, ,F205,MILANO,B,B17,MI00004767,9,Magazzini,NORMALE,P,1100,1400,L,2022-1
NORD-OVEST,LOMBARDIA,MI,3015146,C1AA, ,F205,MILANO,B,B17,MI00004767,5,Negozi,OTTIMO, ,5400,7500,L,2022-1
NORD-OVEST,LOMBARDIA,MI,3015146,C1AA, ,F205,MILANO,B,B17,MI00004767,5,Negozi,NORMALE,P,3700,5300,L,2022-1
NORD-OVEST,LOMBARDIA,MI,3015146,C1AA, ,F205,MILANO,B,B17,MI00004767,6,Uffici,OTTIMO,P,3800,6000,L,2022-1
NORD-OVEST,LOMBARDIA,MI,3015146,C1AA, ,F205,MILANO,B,B17,MI00004767,18,Uffici strutturati,OTTIMO,P,4600,7000,L,2022-1
NORD-OVEST,LOMBARDIA,MI,3015146,C1AA, ,F205,MILANO,B,B17,MI00004767,10,Laboratori,NORMALE,P,1700,2200,L,2022-1
NORD-OVEST,LOMBARDIA,MI,3015146,C1AA, ,F205,MILANO,B,B18,MI00004768,20,Abitazioni civili,OTTIMO, ,7100,10500,L,2022-1
NORD-OVEST,LOMBARDIA,MI,3015146,C1AA, ,F205,MILANO,B,B18,MI00004768,20,Abitazioni civili,NORMALE,P,5300,7000,L,2022-1
NORD-OVEST,LOMBARDIA,MI,3015146,C1AA, ,F205,MILANO,B,B18,MI00004768,21,Abitazioni di tipo economico,OTTIMO,P,5100,6300,L,2022-1
NORD-OVEST,LOMBARDIA,MI,3015146,C1AA, ,F205,MILANO,B,B18,MI00004768,21,Abitazioni di tipo economico,NORMALE, ,3900,5000,L,2022-1
NORD-OVEST,LOMBARDIA,MI,3015146,C1AA, ,F205,MILANO,B,B18,MI00004768,13,Box,NORMALE,P,2900,4300,L,2022-1
NORD-OVEST,LOMBARDIA,MI,3015146,C1AA, ,F205,MILANO,B,B18,MI00004768,9,Magazzini,NORMALE,P,1100,1600,L,2022-1
NORD-OVEST,LOMBARDIA,MI,3015146,C1AA, ,F205,MILANO,B,B18,MI00004768,5,Negozi,OTTIMO, ,6100,9500,L,2022-1
NORD-OVEST,LOMBARDIA,MI,3015146,C1AA, ,F205,MILANO,B,B18,MI00004768,5,Negozi,NORMALE,P,4300,6000,L,2022-1
NORD-OVEST,LOMBARDIA,MI,3015146,C1AA, ,F205,MILANO,B,B18,MI00004768,6,Uffici,OTTIMO,P,4300,6500,L,2022-1
NORD-OVEST,LOMBARDIA,MI,3015146,C1AA, ,F205,MILANO,B,B18,MI00004768,18,Uffici strutturati,OTTIMO,P,4800,7000,L,2022-1
NORD-OVEST,LOMBARDIA,MI,3015146,C1AA, ,F205,MILANO,B,B18,MI00004768,10,Laboratori,NORMALE,P,1950,2650,L,2022-1
NORD-OVEST,LOMBARDIA,MI,3015146,C1AA, ,F205,MILANO,B,B19,MI00004769,20,Abitazioni civili,OTTIMO, ,7400,9500,L,2022-1
NORD-OVEST,LOMBARDIA,MI,3015146,C1AA, ,F205,MILANO,B,B19,MI00004769,20,Abitazioni civili,NORMALE,P,5600,7300,L,2022-1
NORD-OVEST,LOMBARDIA,MI,3015146,C1AA, ,F205,MILANO,B,B19,MI00004769,21,Abitazioni di tipo economico,NORMALE,P,4200,4800,L,2022-1
NORD-OVEST,LOMBARDIA,MI,3015146,C1AA, ,F205,MILANO,B,B19,MI00004769,21,Abitazioni di tipo economico,OTTIMO, ,4900,6600,L,2022-1
NORD-OVEST,LOMBARDIA,MI,3015146,C1AA, ,F205,MILANO,B,B19,MI00004769,19,Abitazioni signorili,OTTIMO,P,8400,11300,L,2022-1
NORD-OVEST,LOMBARDIA,MI,3015146,C1AA, ,F205,MILANO,B,B19,MI00004769,13,Box,NORMALE,P,2800,4500,L,2022-1
NORD-OVEST,LOMBARDIA,MI,3015146,C1AA, ,F205,MILANO,B,B19,MI00004769,9,Magazzini,NORMALE,P,1150,1450,L,2022-1
NORD-OVEST,LOMBARDIA,MI,3015146,C1AA, ,F205,MILANO,B,B19,MI00004769,5,Negozi,OTTIMO,P,5400,7100,L,2022-1
NORD-OVEST,LOMBARDIA,MI,3015146,C1AA, ,F205,MILANO,B,B19,MI00004769,5,Negozi,NORMALE, ,3500,5300,L,2022-1
NORD-OVEST,LOMBARDIA,MI,3015146,C1AA, ,F205,MILANO,B,B19,MI00004769,6,Uffici,OTTIMO,P,4600,7000,L,2022-1
NORD-OVEST,LOMBARDIA,MI,3015146,C1AA, ,F205,MILANO,B,B19,MI00004769,18,Uffici strutturati,OTTIMO,P,5300,7200,L,2022-1
NORD-OVEST,LOMBARDIA,MI,3015146,C1AA, ,F205,MILANO,B,B19,MI00004769,10,Laboratori,NORMALE,P,1500,2200,L,2022-1
NORD-OVEST,LOMBARDIA,MI,3015146,C1AA, ,F205,MILANO,B,B20,MI00004770,20,Abitazioni civili,OTTIMO, ,5900,7900,L,2022-1
NORD-OVEST,LOMBARDIA,MI,3015146,C1AA, ,F205,MILANO,B,B20,MI00004770,20,Abitazioni civili,NORMALE,P,4500,5800,L,2022-1
NORD-OVEST,LOMBARDIA,MI,3015146,C1AA, ,F205,MILANO,B,B20,MI00004770,21,Abitazioni di tipo economico,OTTIMO, ,4800,5800,L,2022-1
NORD-OVEST,LOMBARDIA,MI,3015146,C1AA, ,F205,MILANO,B,B20,MI00004770,21,Abitazioni di tipo economico,NORMALE,P,4000,4800,L,2022-1
NORD-OVEST,LOMBARDIA,MI,3015146,C1AA, ,F205,MILANO,B,B20,MI00004770,13,Box,NORMALE,P,2650,3600,L,2022-1
NORD-OVEST,LOMBARDIA,MI,3015146,C1AA, ,F205,MILANO,B,B20,MI00004770,9,Magazzini,NORMALE,P,900,1200,L,2022-1
NORD-OVEST,LOMBARDIA,MI,3015146,C1AA, ,F205,MILANO,B,B20,MI00004770,5,Negozi,OTTIMO, ,3600,6000,L,2022-1
NORD-OVEST,LOMBARDIA,MI,3015146,C1AA, ,F205,MILANO,B,B20,MI00004770,5,Negozi,NORMALE,P,2600,3600,L,2022-1
NORD-OVEST,LOMBARDIA,MI,3015146,C1AA, ,F205,MILANO,B,B20,MI00004770,6,Uffici,OTTIMO,P,3000,4600,L,2022-1
NORD-OVEST,LOMBARDIA,MI,3015146,C1AA, ,F205,MILANO,B,B20,MI00004770,18,Uffici strutturati,OTTIMO,P,3100,4900,L,2022-1
NORD-OVEST,LOMBARDIA,MI,3015146,C1AA, ,F205,MILANO,B,B20,MI00004770,10,Laboratori,NORMALE,P,1200,1900,L,2022-1
NORD-OVEST,LOMBARDIA,MI,3015146,C1AA, ,F205,MILANO,B,B21,MI00004771,20,Abitazioni civili,OTTIMO, ,6000,7800,L,2022-1
NORD-OVEST,LOMBARDIA,MI,3015146,C1AA, ,F205,MILANO,B,B21,MI00004771,20,Abitazioni civili,NORMALE,P,4400,5900,L,2022-1
NORD-OVEST,LOMBARDIA,MI,3015146,C1AA, ,F205,MILANO,B,B21,MI00004771,21,Abitazioni di tipo economico,OTTIMO, ,4400,5400,L,2022-1
NORD-OVEST,LOMBARDIA,MI,3015146,C1AA, ,F205,MILANO,B,B21,MI00004771,21,Abitazioni di tipo economico,NORMALE,P,3500,4300,L,2022-1
NORD-OVEST,LOMBARDIA,MI,3015146,C1AA, ,F205,MILANO,B,B21,MI00004771,13,Box,NORMALE,P,2150,3400,L,2022-1
NORD-OVEST,LOMBARDIA,MI,3015146,C1AA, ,F205,MILANO,B,B21,MI00004771,9,Magazzini,NORMALE,P,750,1000,L,2022-1
NORD-OVEST,LOMBARDIA,MI,3015146,C1AA, ,F205,MILANO,B,B21,MI00004771,5,Negozi,OTTIMO, ,3700,5900,L,2022-1
NORD-OVEST,LOMBARDIA,MI,3015146,C1AA, ,F205,MILANO,B,B21,MI00004771,5,Negozi,NORMALE,P,2500,3600,L,2022-1
NORD-OVEST,LOMBARDIA,MI,3015146,C1AA, ,F205,MILANO,B,B21,MI00004771,6,Uffici,OTTIMO,P,2900,4300,L,2022-1
NORD-OVEST,LOMBARDIA,MI,3015146,C1AA, ,F205,MILANO,B,B21,MI00004771,18,Uffici strutturati,OTTIMO,P,3400,5000,L,2022-1
NORD-OVEST,LOMBARDIA,MI,3015146,C1AA, ,F205,MILANO,B,B21,MI00004771,10,Laboratori,NORMALE,P,1250,1700,L,2022-1
NORD-OVEST,LOMBARDIA,MI,3015146,C1AA, ,F205,MILANO,C,C12,MI00000307,20,Abitazioni civili,OTTIMO, ,5900,7600,L,2022-1
NORD-OVEST,LOMBARDIA,MI,3015146,C1AA, ,F205,MILANO,C,C12,MI00000307,20,Abitazioni civili,NORMALE,P,4500,5800,L,2022-1
NORD-OVEST,LOMBARDIA,MI,3015146,C1AA, ,F205,MILANO,C,C12,MI00000307,21,Abitazioni di tipo economico,NORMALE,P,3000,4100,L,2022-1
NORD-OVEST,LOMBARDIA,MI,3015146,C1AA, ,F205,MILANO,C,C12,MI00000307,21,Abitazioni di tipo economico,OTTIMO, ,4200,5500,L,2022-1
NORD-OVEST,LOMBARDIA,MI,3015146,C1AA, ,F205,MILANO,C,C12,MI00000307,13,Box,NORMALE,P,2300,3400,L,2022-1
NORD-OVEST,LOMBARDIA,MI,3015146,C1AA, ,F205,MILANO,C,C12,MI00000307,9,Magazzini,NORMALE,P,700,1150,L,2022-1
NORD-OVEST,LOMBARDIA,MI,3015146,C1AA, ,F205,MILANO,C,C12,MI00000307,5,Negozi,OTTIMO,P,5100,8100,L,2022-1
NORD-OVEST,LOMBARDIA,MI,3015146,C1AA, ,F205,MILANO,C,C12,MI00000307,5,Negozi,NORMALE, ,2900,4500,L,2022-1
NORD-OVEST,LOMBARDIA,MI,3015146,C1AA, ,F205,MILANO,C,C12,MI00000307,6,Uffici,OTTIMO,P,3500,4700,L,2022-1
NORD-OVEST,LOMBARDIA,MI,3015146,C1AA, ,F205,MILANO,C,C12,MI00000307,18,Uffici strutturati,OTTIMO,P,4000,5400,L,2022-1
NORD-OVEST,LOMBARDIA,MI,3015146,C1AA, ,F205,MILANO,C,C12,MI00000307,8,Capannoni industriali,NORMALE,P,1000,1300,L,2022-1
NORD-OVEST,LOMBARDIA,MI,3015146,C1AA, ,F205,MILANO,C,C12,MI00000307,7,Capannoni tipici,NORMALE,P,1050,1300,L,2022-1
NORD-OVEST,LOMBARDIA,MI,3015146,C1AA, ,F205,MILANO,C,C12,MI00000307,10,Laboratori,NORMALE,P,1400,2000,L,2022-1
NORD-OVEST,LOMBARDIA,MI,3015146,C1AA, ,F205,MILANO,C,C13,MI00003667,20,Abitazioni civili,OTTIMO,P,7500,10000,L,2022-1
NORD-OVEST,LOMBARDIA,MI,3015146,C1AA, ,F205,MILANO,C,C13,MI00003667,19,Abitazioni signorili,OTTIMO,P,9200,11200,L,2022-1
NORD-OVEST,LOMBARDIA,MI,3015146,C1AA, ,F205,MILANO,C,C13,MI00003667,13,Box,NORMALE,P,2300,3200,L,2022-1
NORD-OVEST,LOMBARDIA,MI,3015146,C1AA, ,F205,MILANO,C,C14,MI00003668,20,Abitazioni civili,OTTIMO,P,8500,12700,L,2022-1
NORD-OVEST,LOMBARDIA,MI,3015146,C1AA, ,F205,MILANO,C,C14,MI00003668,20,Abitazioni civili,NORMALE, ,3500,5500,L,2022-1
NORD-OVEST,LOMBARDIA,MI,3015146,C1AA, ,F205,MILANO,C,C14,MI00003668,19,Abitazioni signorili,OTTIMO,P,11500,15000,L,2022-1
NORD-OVEST,LOMBARDIA,MI,3015146,C1AA, ,F205,MILANO,C,C14,MI00003668,13,Box,NORMALE,P,2300,3200,L,2022-1
NORD-OVEST,LOMBARDIA,MI,3015146,C1AA, ,F205,MILANO,C,C14,MI00003668,18,Uffici strutturati,OTTIMO,P,6400,8000,L,2022-1
NORD-OVEST,LOMBARDIA,MI,3015146,C1AA, ,F205,MILANO,C,C15,MI00003669,20,Abitazioni civili,NORMALE,P,3200,4700,L,2022-1
NORD-OVEST,LOMBARDIA,MI,3015146,C1AA, ,F205,MILANO,C,C15,MI00003669,20,Abitazioni civili,OTTIMO, ,4800,5900,L,2022-1
NORD-OVEST,LOMBARDIA,MI,3015146,C1AA, ,F205,MILANO,C,C15,MI00003669,21,Abitazioni di tipo economico,NORMALE,P,2000,2600,L,2022-1
NORD-OVEST,LOMBARDIA,MI,3015146,C1AA, ,F205,MILANO,C,C15,MI00003669,21,Abitazioni di tipo economico,OTTIMO, ,2650,3700,L,2022-1
NORD-OVEST,LOMBARDIA,MI,3015146,C1AA, ,F205,MILANO,C,C15,MI00003669,13,Box,NORMALE,P,1400,2200,L,2022-1
NORD-OVEST,LOMBARDIA,MI,3015146,C1AA, ,F205,MILANO,C,C15,MI00003669,1,Ville e Villini,NORMALE,P,3200,4600,L,2022-1
NORD-OVEST,LOMBARDIA,MI,3015146,C1AA, ,F205,MILANO,C,C15,MI00003669,1,Ville e Villini,OTTIMO, ,4700,5700,L,2022-1
NORD-OVEST,LOMBARDIA,MI,3015146,C1AA, ,F205,MILANO,C,C15,MI00003669,9,Magazzini,NORMALE,P,850,1000,L,2022-1
NORD-OVEST,LOMBARDIA,MI,3015146,C1AA, ,F205,MILANO,C,C15,MI00003669,5,Negozi,OTTIMO, ,2500,4100,L,2022-1
NORD-OVEST,LOMBARDIA,MI,3015146,C1AA, ,F205,MILANO,C,C15,MI00003669,5,Negozi,NORMALE,P,1700,2450,L,2022-1
NORD-OVEST,LOMBARDIA,MI,3015146,C1AA, ,F205,MILANO,C,C15,MI00003669,6,Uffici,OTTIMO,P,2200,3300,L,2022-1
NORD-OVEST,LOMBARDIA,MI,3015146,C1AA, ,F205,MILANO,C,C15,MI00003669,18,Uffici strutturati,OTTIMO,P,2900,4000,L,2022-1
NORD-OVEST,LOMBARDIA,MI,3015146,C1AA, ,F205,MILANO,C,C15,MI00003669,8,Capannoni industriali,NORMALE,P,900,1200,L,2022-1
NORD-OVEST,LOMBARDIA,MI,3015146,C1AA, ,F205,MILANO,C,C15,MI00003669,7,Capannoni tipici,NORMALE,P,900,1300,L,2022-1
NORD-OVEST,LOMBARDIA,MI,3015146,C1AA, ,F205,MILANO,C,C15,MI00003669,10,Laboratori,NORMALE,P,1100,1450,L,2022-1
NORD-OVEST,LOMBARDIA,MI,3015146,C1AA, ,F205,MILANO,C,C16,MI00004772,20,Abitazioni civili,NORMALE,P,3200,4600,L,2022-1
NORD-OVEST,LOMBARDIA,MI,3015146,C1AA, ,F205,MILANO,C,C16,MI00004772,20,Abitazioni civili,OTTIMO, ,4700,6700,L,2022-1
NORD-OVEST,LOMBARDIA,MI,3015146,C1AA, ,F205,MILANO,C,C16,MI00004772,21,Abitazioni di tipo economico,OTTIMO, ,2900,3700,L,2022-1
NORD-OVEST,LOMBARDIA,MI,3015146,C1AA, ,F205,MILANO,C,C16,MI00004772,21,Abitazioni di tipo economico,NORMALE,P,2200,2800,L,2022-1
NORD-OVEST,LOMBARDIA,MI,3015146,C1AA, ,F205,MILANO,C,C16,MI00004772,13,Box,NORMALE,P,1750,3000,L,2022-1
NORD-OVEST,LOMBARDIA,MI,3015146,C1AA, ,F205,MILANO,C,C16,MI00004772,9,Magazzini,NORMALE,P,700,1050,L,2022-1
NORD-OVEST,LOMBARDIA,MI,3015146,C1AA, ,F205,MILANO,C,C16,MI00004772,5,Negozi,OTTIMO, ,3500,5600,L,2022-1
NORD-OVEST,LOMBARDIA,MI,3015146,C1AA, ,F205,MILANO,C,C16,MI00004772,5,Negozi,NORMALE,P,1900,3500,L,2022-1
NORD-OVEST,LOMBARDIA,MI,3015146,C1AA, ,F205,MILANO,C,C16,MI00004772,6,Uffici,OTTIMO,P,2200,3700,L,2022-1
NORD-OVEST,LOMBARDIA,MI,3015146,C1AA, ,F205,MILANO,C,C16,MI00004772,18,Uffici strutturati,OTTIMO,P,2600,4300,L,2022-1
NORD-OVEST,LOMBARDIA,MI,3015146,C1AA, ,F205,MILANO,C,C16,MI00004772,8,Capannoni industriali,NORMALE,P,800,1100,L,2022-1
NORD-OVEST,LOMBARDIA,MI,3015146,C1AA, ,F205,MILANO,C,C16,MI00004772,7,Capannoni tipici,NORMALE,P,900,1150,L,2022-1
NORD-OVEST,LOMBARDIA,MI,3015146,C1AA, ,F205,MILANO,C,C16,MI00004772,10,Laboratori,NORMALE,P,1200,1700,L,2022-1
NORD-OVEST,LOMBARDIA,MI,3015146,C1AA, ,F205,MILANO,C,C17,MI00004773,20,Abitazioni civili,OTTIMO, ,5100,7600,L,2022-1
NORD-OVEST,LOMBARDIA,MI,3015146,C1AA, ,F205,MILANO,C,C17,MI00004773,20,Abitazioni civili,NORMALE,P,4000,5000,L,2022-1
NORD-OVEST,LOMBARDIA,MI,3015146,C1AA, ,F205,MILANO,C,C17,MI00004773,21,Abitazioni di tipo economico,OTTIMO, ,4100,4600,L,2022-1
NORD-OVEST,LOMBARDIA,MI,3015146,C1AA, ,F205,MILANO,C,C17,MI00004773,21,Abitazioni di tipo economico,NORMALE,P,3000,4000,L,2022-1
NORD-OVEST,LOMBARDIA,MI,3015146,C1AA, ,F205,MILANO,C,C17,MI00004773,19,Abitazioni signorili,OTTIMO,P,5600,8200,L,2022-1
NORD-OVEST,LOMBARDIA,MI,3015146,C1AA, ,F205,MILANO,C,C17,MI00004773,13,Box,NORMALE,P,2000,3200,L,2022-1
NORD-OVEST,LOMBARDIA,MI,3015146,C1AA, ,F205,MILANO,C,C17,MI00004773,1,Ville e Villini,OTTIMO,P,6000,7500,L,2022-1
NORD-OVEST,LOMBARDIA,MI,3015146,C1AA, ,F205,MILANO,C,C17,MI00004773,9,Magazzini,NORMALE,P,650,950,L,2022-1
NORD-OVEST,LOMBARDIA,MI,3015146,C1AA, ,F205,MILANO,C,C17,MI00004773,5,Negozi,OTTIMO, ,3300,5400,L,2022-1
NORD-OVEST,LOMBARDIA,MI,3015146,C1AA, ,F205,MILANO,C,C17,MI00004773,5,Negozi,NORMALE,P,2200,3300,L,2022-1
NORD-OVEST,LOMBARDIA,MI,3015146,C1AA, ,F205,MILANO,C,C17,MI00004773,6,Uffici,OTTIMO,P,2500,4000,L,2022-1
NORD-OVEST,LOMBARDIA,MI,3015146,C1AA, ,F205,MILANO,C,C17,MI00004773,18,Uffici strutturati,OTTIMO,P,3100,4600,L,2022-1
NORD-OVEST,LOMBARDIA,MI,3015146,C1AA, ,F205,MILANO,C,C17,MI00004773,8,Capannoni industriali,NORMALE,P,900,1050,L,2022-1
NORD-OVEST,LOMBARDIA,MI,3015146,C1AA, ,F205,MILANO,C,C17,MI00004773,7,Capannoni tipici,NORMALE,P,1000,1200,L,2022-1
NORD-OVEST,LOMBARDIA,MI,3015146,C1AA, ,F205,MILANO,C,C17,MI00004773,10,Laboratori,NORMALE,P,1050,1500,L,2022-1
NORD-OVEST,LOMBARDIA,MI,3015146,C1AA, ,F205,MILANO,C,C18,MI00004774,20,Abitazioni civili,NORMALE,P,3100,4500,L,2022-1
NORD-OVEST,LOMBARDIA,MI,3015146,C1AA, ,F205,MILANO,C,C18,MI00004774,20,Abitazioni civili,OTTIMO, ,4600,6800,L,2022-1
NORD-OVEST,LOMBARDIA,MI,3015146,C1AA, ,F205,MILANO,C,C18,MI00004774,21,Abitazioni di tipo economico,OTTIMO, ,3300,3800,L,2022-1
NORD-OVEST,LOMBARDIA,MI,3015146,C1AA, ,F205,MILANO,C,C18,MI00004774,21,Abitazioni di tipo economico,NORMALE,P,2500,3200,L,2022-1
NORD-OVEST,LOMBARDIA,MI,3015146,C1AA, ,F205,MILANO,C,C18,MI00004774,13,Box,NORMALE,P,1900,3000,L,2022-1
NORD-OVEST,LOMBARDIA,MI,3015146,C1AA, ,F205,MILANO,C,C18,MI00004774,9,Magazzini,NORMALE,P,650,850,L,2022-1
NORD-OVEST,LOMBARDIA,MI,3015146,C1AA, ,F205,MILANO,C,C18,MI00004774,5,Negozi,OTTIMO,P,3900,5500,L,2022-1
NORD-OVEST,LOMBARDIA,MI,3015146,C1AA, ,F205,MILANO,C,C18,MI00004774,5,Negozi,NORMALE, ,2400,3600,L,2022-1
NORD-OVEST,LOMBARDIA,MI,3015146,C1AA, ,F205,MILANO,C,C18,MI00004774,6,Uffici,OTTIMO,P,2100,3200,L,2022-1
NORD-OVEST,LOMBARDIA,MI,3015146,C1AA, ,F205,MILANO,C,C18,MI00004774,18,Uffici strutturati,OTTIMO,P,2300,3500,L,2022-1
NORD-OVEST,LOMBARDIA,MI,3015146,C1AA, ,F205,MILANO,C,C18,MI00004774,8,Capannoni industriali,NORMALE,P,700,900,L,2022-1
NORD-OVEST,LOMBARDIA,MI,3015146,C1AA, ,F205,MILANO,C,C18,MI00004774,7,Capannoni tipici,NORMALE,P,800,1000,L,2022-1
NORD-OVEST,LOMBARDIA,MI,3015146,C1AA, ,F205,MILANO,C,C18,MI00004774,10,Laboratori,NORMALE,P,850,1400,L,2022-1
NORD-OVEST,LOMBARDIA,MI,3015146,C1AA, ,F205,MILANO,C,C19,MI00004775,20,Abitazioni civili,OTTIMO, ,4700,6700,L,2022-1
NORD-OVEST,LOMBARDIA,MI,3015146,C1AA, ,F205,MILANO,C,C19,MI00004775,20,Abitazioni civili,NORMALE,P,3600,4600,L,2022-1
NORD-OVEST,LOMBARDIA,MI,3015146,C1AA, ,F205,MILANO,C,C19,MI00004775,21,Abitazioni di tipo economico,OTTIMO, ,3100,4000,L,2022-1
NORD-OVEST,LOMBARDIA,MI,3015146,C1AA, ,F205,MILANO,C,C19,MI00004775,21,Abitazioni di tipo economico,NORMALE,P,2500,3000,L,2022-1
NORD-OVEST,LOMBARDIA,MI,3015146,C1AA, ,F205,MILANO,C,C19,MI00004775,13,Box,NORMALE,P,1600,2600,L,2022-1
NORD-OVEST,LOMBARDIA,MI,3015146,C1AA, ,F205,MILANO,C,C19,MI00004775,9,Magazzini,NORMALE,P,700,1000,L,2022-1
NORD-OVEST,LOMBARDIA,MI,3015146,C1AA, ,F205,MILANO,C,C19,MI00004775,5,Negozi,OTTIMO, ,2900,4000,L,2022-1
NORD-OVEST,LOMBARDIA,MI,3015146,C1AA, ,F205,MILANO,C,C19,MI00004775,5,Negozi,NORMALE,P,2100,2800,L,2022-1
NORD-OVEST,LOMBARDIA,MI,3015146,C1AA, ,F205,MILANO,C,C19,MI00004775,6,Uffici,OTTIMO,P,2300,3000,L,2022-1
NORD-OVEST,LOMBARDIA,MI,3015146,C1AA, ,F205,MILANO,C,C19,MI00004775,18,Uffici strutturati,OTTIMO,P,2500,3300,L,2022-1
NORD-OVEST,LOMBARDIA,MI,3015146,C1AA, ,F205,MILANO,C,C19,MI00004775,8,Capannoni industriali,NORMALE,P,800,1000,L,2022-1
NORD-OVEST,LOMBARDIA,MI,3015146,C1AA, ,F205,MILANO,C,C19,MI00004775,7,Capannoni tipici,NORMALE,P,800,1100,L,2022-1
NORD-OVEST,LOMBARDIA,MI,3015146,C1AA, ,F205,MILANO,C,C19,MI00004775,10,Laboratori,NORMALE,P,950,1500,L,2022-1
NORD-OVEST,LOMBARDIA,MI,3015146,C1AA, ,F205,MILANO,C,C20,MI00004776,20,Abitazioni civili,OTTIMO, ,5100,8000,L,2022-1
NORD-OVEST,LOMBARDIA,MI,3015146,C1AA, ,F205,MILANO,C,C20,MI00004776,20,Abitazioni civili,NORMALE,P,3700,5000,L,2022-1
NORD-OVEST,LOMBARDIA,MI,3015146,C1AA, ,F205,MILANO,C,C20,MI00004776,21,Abitazioni di tipo economico,OTTIMO, ,3400,4500,L,2022-1
NORD-OVEST,LOMBARDIA,MI,3015146,C1AA, ,F205,MILANO,C,C20,MI00004776,21,Abitazioni di tipo economico,NORMALE,P,2700,3400,L,2022-1
NORD-OVEST,LOMBARDIA,MI,3015146,C1AA, ,F205,MILANO,C,C20,MI00004776,13,Box,NORMALE,P,2000,3200,L,2022-1
NORD-OVEST,LOMBARDIA,MI,3015146,C1AA, ,F205,MILANO,C,C20,MI00004776,9,Magazzini,NORMALE,P,650,950,L,2022-1
NORD-OVEST,LOMBARDIA,MI,3015146,C1AA, ,F205,MILANO,C,C20,MI00004776,5,Negozi,OTTIMO, ,3100,5500,L,2022-1
NORD-OVEST,LOMBARDIA,MI,3015146,C1AA, ,F205,MILANO,C,C20,MI00004776,5,Negozi,NORMALE,P,2200,2900,L,2022-1
NORD-OVEST,LOMBARDIA,MI,3015146,C1AA, ,F205,MILANO,C,C20,MI00004776,6,Uffici,OTTIMO,P,2800,4200,L,2022-1
NORD-OVEST,LOMBARDIA,MI,3015146,C1AA, ,F205,MILANO,C,C20,MI00004776,18,Uffici strutturati,OTTIMO,P,3200,5000,L,2022-1
NORD-OVEST,LOMBARDIA,MI,3015146,C1AA, ,F205,MILANO,C,C20,MI00004776,8,Capannoni industriali,NORMALE,P,850,1050,L,2022-1
NORD-OVEST,LOMBARDIA,MI,3015146,C1AA, ,F205,MILANO,C,C20,MI00004776,7,Capannoni tipici,NORMALE,P,950,1200,L,2022-1
NORD-OVEST,LOMBARDIA,MI,3015146,C1AA, ,F205,MILANO,C,C20,MI00004776,10,Laboratori,NORMALE,P,1100,1500,L,2022-1
NORD-OVEST,LOMBARDIA,MI,3015146,C1AA, ,F205,MILANO,D,D10,MI00000317,20,Abitazioni civili,OTTIMO, ,3100,4200,L,2022-1
NORD-OVEST,LOMBARDIA,MI,3015146,C1AA, ,F205,MILANO,D,D10,MI00000317,20,Abitazioni civili,NORMALE,P,2100,3000,L,2022-1
NORD-OVEST,LOMBARDIA,MI,3015146,C1AA, ,F205,MILANO,D,D10,MI00000317,21,Abitazioni di tipo economico,OTTIMO, ,2050,2550,L,2022-1
NORD-OVEST,LOMBARDIA,MI,3015146,C1AA, ,F205,MILANO,D,D10,MI00000317,21,Abitazioni di tipo economico,NORMALE,P,1800,2000,L,2022-1
NORD-OVEST,LOMBARDIA,MI,3015146,C1AA, ,F205,MILANO,D,D10,MI00000317,13,Box,NORMALE,P,1400,2100,L,2022-1
NORD-OVEST,LOMBARDIA,MI,3015146,C1AA, ,F205,MILANO,D,D10,MI00000317,9,Magazzini,NORMALE,P,400,600,L,2022-1
NORD-OVEST,LOMBARDIA,MI,3015146,C1AA, ,F205,MILANO,D,D10,MI00000317,5,Negozi,NORMALE,P,1400,2250,L,2022-1
NORD-OVEST,LOMBARDIA,MI,3015146,C1AA, ,F205,MILANO,D,D10,MI00000317,6,Uffici,OTTIMO,P,1400,2350,L,2022-1
NORD-OVEST,LOMBARDIA,MI,3015146,C1AA, ,F205,MILANO,D,D10,MI00000317,18,Uffici strutturati,OTTIMO,P,1750,2700,L,2022-1
NORD-OVEST,LOMBARDIA,MI,3015146,C1AA, ,F205,MILANO,D,D10,MI00000317,8,Capannoni industriali,OTTIMO,P,700,1000,L,2022-1
NORD-OVEST,LOMBARDIA,MI,3015146,C1AA, ,F205,MILANO,D,D10,MI00000317,7,Capannoni tipici,OTTIMO,P,750,1100,L,2022-1
NORD-OVEST,LOMBARDIA,MI,3015146,C1AA, ,F205,MILANO,D,D10,MI00000317,10,Laboratori,NORMALE,P,600,1100,L,2022-1
NORD-OVEST,LOMBARDIA,MI,3015146,C1AA, ,F205,MILANO,D,D12,MI00000319,20,Abitazioni civili,OTTIMO, ,4100,6500,L,2022-1
NORD-OVEST,LOMBARDIA,MI,3015146,C1AA, ,F205,MILANO,D,D12,MI00000319,20,Abitazioni civili,NORMALE,P,2850,4000,L,2022-1
NORD-OVEST,LOMBARDIA,MI,3015146,C1AA, ,F205,MILANO,D,D12,MI00000319,21,Abitazioni di tipo economico,OTTIMO, ,2600,3400,L,2022-1
NORD-OVEST,LOMBARDIA,MI,3015146,C1AA, ,F205,MILANO,D,D12,MI00000319,21,Abitazioni di tipo economico,NORMALE,P,2000,2550,L,2022-1
NORD-OVEST,LOMBARDIA,MI,3015146,C1AA, ,F205,MILANO,D,D12,MI00000319,13,Box,NORMALE,P,1700,2900,L,2022-1
NORD-OVEST,LOMBARDIA,MI,3015146,C1AA, ,F205,MILANO,D,D12,MI00000319,1,Ville e Villini,NORMALE,P,2800,4100,L,2022-1
NORD-OVEST,LOMBARDIA,MI,3015146,C1AA, ,F205,MILANO,D,D12,MI00000319,1,Ville e Villini,OTTIMO, ,4200,6200,L,2022-1
NORD-OVEST,LOMBARDIA,MI,3015146,C1AA, ,F205,MILANO,D,D12,MI00000319,9,Magazzini,NORMALE,P,550,700,L,2022-1
NORD-OVEST,LOMBARDIA,MI,3015146,C1AA, ,F205,MILANO,D,D12,MI00000319,5,Negozi,OTTIMO, ,2700,4500,L,2022-1
NORD-OVEST,LOMBARDIA,MI,3015146,C1AA, ,F205,MILANO,D,D12,MI00000319,5,Negozi,NORMALE,P,1700,2650,L,2022-1
NORD-OVEST,LOMBARDIA,MI,3015146,C1AA, ,F205,MILANO,D,D12,MI00000319,6,Uffici,OTTIMO,P,2200,3500,L,2022-1
NORD-OVEST,LOMBARDIA,MI,3015146,C1AA, ,F205,MILANO,D,D12,MI00000319,18,Uffici strutturati,OTTIMO,P,2400,3800,L,2022-1
NORD-OVEST,LOMBARDIA,MI,3015146,C1AA, ,F205,MILANO,D,D12,MI00000319,8,Capannoni industriali,OTTIMO,P,800,1000,L,2022-1
NORD-OVEST,LOMBARDIA,MI,3015146,C1AA, ,F205,MILANO,D,D12,MI00000319,7,Capannoni tipici,OTTIMO,P,800,1100,L,2022-1
NORD-OVEST,LOMBARDIA,MI,3015146,C1AA, ,F205,MILANO,D,D12,MI00000319,10,Laboratori,NORMALE,P,800,1500,L,2022-1
NORD-OVEST,LOMBARDIA,MI,3015146,C1AA, ,F205,MILANO,D,D13,MI00000320,20,Abitazioni civili,NORMALE,P,2100,2850,L,2022-1
NORD-OVEST,LOMBARDIA,MI,3015146,C1AA, ,F205,MILANO,D,D13,MI00000320,20,Abitazioni civili,OTTIMO, ,2900,4100,L,2022-1
NORD-OVEST,LOMBARDIA,MI,3015146,C1AA, ,F205,MILANO,D,D13,MI00000320,21,Abitazioni di tipo economico,NORMALE,P,1750,2000,L,2022-1
NORD-OVEST,LOMBARDIA,MI,3015146,C1AA, ,F205,MILANO,D,D13,MI00000320,21,Abitazioni di tipo economico,OTTIMO, ,2050,2500,L,2022-1
NORD-OVEST,LOMBARDIA,MI,3015146,C1AA, ,F205,MILANO,D,D13,MI00000320,13,Box,NORMALE,P,1350,1800,L,2022-1
NORD-OVEST,LOMBARDIA,MI,3015146,C1AA, ,F205,MILANO,D,D13,MI00000320,9,Magazzini,NORMALE,P,400,650,L,2022-1
NORD-OVEST,LOMBARDIA,MI,3015146,C1AA, ,F205,MILANO,D,D13,MI00000320,5,Negozi,NORMALE,P,1200,2050,L,2022-1
NORD-OVEST,LOMBARDIA,MI,3015146,C1AA, ,F205,MILANO,D,D13,MI00000320,6,Uffici,OTTIMO,P,1600,2200,L,2022-1
NORD-OVEST,LOMBARDIA,MI,3015146,C1AA, ,F205,MILANO,D,D13,MI00000320,18,Uffici strutturati,OTTIMO,P,1800,2550,L,2022-1
NORD-OVEST,LOMBARDIA,MI,3015146,C1AA, ,F205,MILANO,D,D13,MI00000320,8,Capannoni industriali,OTTIMO,P,750,1000,L,2022-1
NORD-OVEST,LOMBARDIA,MI,3015146,C1AA, ,F205,MILANO,D,D13,MI00000320,7,Capannoni tipici,OTTIMO,P,800,1100,L,2022-1
NORD-OVEST,LOMBARDIA,MI,3015146,C1AA, ,F205,MILANO,D,D13,MI00000320,10,Laboratori,NORMALE,P,700,900,L,2022-1
NORD-OVEST,LOMBARDIA,MI,3015146,C1AA, ,F205,MILANO,D,D15,MI00000322,20,Abitazioni civili,NORMALE,P,2000,3000,L,2022-1
NORD-OVEST,LOMBARDIA,MI,3015146,C1AA, ,F205,MILANO,D,D15,MI00000322,20,Abitazioni civili,OTTIMO, ,3100,4200,L,2022-1
NORD-OVEST,LOMBARDIA,MI,3015146,C1AA, ,F205,MILANO,D,D15,MI00000322,21,Abitazioni di tipo economico,OTTIMO, ,2100,2500,L,2022-1
NORD-OVEST,LOMBARDIA,MI,3015146,C1AA, ,F205,MILANO,D,D15,MI00000322,21,Abitazioni di tipo economico,NORMALE,P,1450,2000,L,2022-1
NORD-OVEST,LOMBARDIA,MI,3015146,C1AA, ,F205,MILANO,D,D15,MI00000322,13,Box,NORMALE,P,1450,1900,L,2022-1
NORD-OVEST,LOMBARDIA,MI,3015146,C1AA, ,F205,MILANO,D,D15,MI00000322,9,Magazzini,NORMALE,P,450,600,L,2022-1
NORD-OVEST,LOMBARDIA,MI,3015146,C1AA, ,F205,MILANO,D,D15,MI00000322,5,Negozi,NORMALE,P,1200,2200,L,2022-1
NORD-OVEST,LOMBARDIA,MI,3015146,C1AA, ,F205,MILANO,D,D15,MI00000322,6,Uffici,OTTIMO,P,1400,2000,L,2022-1
NORD-OVEST,LOMBARDIA,MI,3015146,C1AA, ,F205,MILANO,D,D15,MI00000322,18,Uffici strutturati,OTTIMO,P,1650,2650,L,2022-1
NORD-OVEST,LOMBARDIA,MI,3015146,C1AA, ,F205,MILANO,D,D15,MI00000322,8,Capannoni industriali,OTTIMO,P,750,1000,L,2022-1
NORD-OVEST,LOMBARDIA,MI,3015146,C1AA, ,F205,MILANO,D,D15,MI00000322,7,Capannoni tipici,OTTIMO,P,800,1050,L,2022-1
NORD-OVEST,LOMBARDIA,MI,3015146,C1AA, ,F205,MILANO,D,D15,MI00000322,10,Laboratori,NORMALE,P,700,1200,L,2022-1
NORD-OVEST,LOMBARDIA,MI,3015146,C1AA, ,F205,MILANO,D,D16,MI00000323,20,Abitazioni civili,NORMALE,P,2500,3400,L,2022-1
NORD-OVEST,LOMBARDIA,MI,3015146,C1AA, ,F205,MILANO,D,D16,MI00000323,20,Abitazioni civili,OTTIMO, ,3500,5800,L,2022-1
NORD-OVEST,LOMBARDIA,MI,3015146,C1AA, ,F205,MILANO,D,D16,MI00000323,21,Abitazioni di tipo economico,OTTIMO, ,2700,3100,L,2022-1
NORD-OVEST,LOMBARDIA,MI,3015146,C1AA, ,F205,MILANO,D,D16,MI00000323,21,Abitazioni di tipo economico,NORMALE,P,2000,2600,L,2022-1
NORD-OVEST,LOMBARDIA,MI,3015146,C1AA, ,F205,MILANO,D,D16,MI00000323,13,Box,NORMALE,P,1500,2350,L,2022-1
NORD-OVEST,LOMBARDIA,MI,3015146,C1AA, ,F205,MILANO,D,D16,MI00000323,9,Magazzini,NORMALE,P,400,800,L,2022-1
NORD-OVEST,LOMBARDIA,MI,3015146,C1AA, ,F205,MILANO,D,D16,MI00000323,5,Negozi,NORMALE,P,1600,3100,L,2022-1
NORD-OVEST,LOMBARDIA,MI,3015146,C1AA, ,F205,MILANO,D,D16,MI00000323,6,Uffici,OTTIMO,P,1600,2500,L,2022-1
NORD-OVEST,LOMBARDIA,MI,3015146,C1AA, ,F205,MILANO,D,D16,MI00000323,18,Uffici strutturati,OTTIMO,P,1850,3100,L,2022-1
NORD-OVEST,LOMBARDIA,MI,3015146,C1AA, ,F205,MILANO,D,D16,MI00000323,8,Capannoni industriali,OTTIMO,P,750,1050,L,2022-1
NORD-OVEST,LOMBARDIA,MI,3015146,C1AA, ,F205,MILANO,D,D16,MI00000323,7,Capannoni tipici,OTTIMO,P,750,1100,L,2022-1
NORD-OVEST,LOMBARDIA,MI,3015146,C1AA, ,F205,MILANO,D,D16,MI00000323,10,Laboratori,NORMALE,P,700,1100,L,2022-1
NORD-OVEST,LOMBARDIA,MI,3015146,C1AA, ,F205,MILANO,D,D18,MI00000325,20,Abitazioni civili,OTTIMO, ,2700,4100,L,2022-1
NORD-OVEST,LOMBARDIA,MI,3015146,C1AA, ,F205,MILANO,D,D18,MI00000325,20,Abitazioni civili,NORMALE,P,1900,2650,L,2022-1
NORD-OVEST,LOMBARDIA,MI,3015146,C1AA, ,F205,MILANO,D,D18,MI00000325,21,Abitazioni di tipo economico,NORMALE,P,1600,2000,L,2022-1
NORD-OVEST,LOMBARDIA,MI,3015146,C1AA, ,F205,MILANO,D,D18,MI00000325,21,Abitazioni di tipo economico,OTTIMO, ,2050,2500,L,2022-1
NORD-OVEST,LOMBARDIA,MI,3015146,C1AA, ,F205,MILANO,D,D18,MI00000325,13,Box,NORMALE,P,1100,2000,L,2022-1
NORD-OVEST,LOMBARDIA,MI,3015146,C1AA, ,F205,MILANO,D,D18,MI00000325,9,Magazzini,NORMALE,P,400,600,L,2022-1
NORD-OVEST,LOMBARDIA,MI,3015146,C1AA, ,F205,MILANO,D,D18,MI00000325,5,Negozi,NORMALE,P,1000,2000,L,2022-1
NORD-OVEST,LOMBARDIA,MI,3015146,C1AA, ,F205,MILANO,D,D18,MI00000325,6,Uffici,OTTIMO,P,1300,2000,L,2022-1
NORD-OVEST,LOMBARDIA,MI,3015146,C1AA, ,F205,MILANO,D,D18,MI00000325,18,Uffici strutturati,OTTIMO,P,1650,2500,L,2022-1
NORD-OVEST,LOMBARDIA,MI,3015146,C1AA, ,F205,MILANO,D,D18,MI00000325,8,Capannoni industriali,OTTIMO,P,750,1050,L,2022-1
NORD-OVEST,LOMBARDIA,MI,3015146,C1AA, ,F205,MILANO,D,D18,MI00000325,7,Capannoni tipici,OTTIMO,P,850,1150,L,2022-1
NORD-OVEST,LOMBARDIA,MI,3015146,C1AA, ,F205,MILANO,D,D18,MI00000325,10,Laboratori,NORMALE,P,800,1300,L,2022-1
NORD-OVEST,LOMBARDIA,MI,3015146,C1AA, ,F205,MILANO,D,D20,MI00000327,20,Abitazioni civili,NORMALE,P,2500,3500,L,2022-1
NORD-OVEST,LOMBARDIA,MI,3015146,C1AA, ,F205,MILANO,D,D20,MI00000327,20,Abitazioni civili,OTTIMO, ,3600,5500,L,2022-1
NORD-OVEST,LOMBARDIA,MI,3015146,C1AA, ,F205,MILANO,D,D20,MI00000327,21,Abitazioni di tipo economico,OTTIMO, ,2300,2900,L,2022-1
NORD-OVEST,LOMBARDIA,MI,3015146,C1AA, ,F205,MILANO,D,D20,MI00000327,21,Abitazioni di tipo economico,NORMALE,P,1900,2200,L,2022-1
NORD-OVEST,LOMBARDIA,MI,3015146,C1AA, ,F205,MILANO,D,D20,MI00000327,13,Box,NORMALE,P,1300,2000,L,2022-1
NORD-OVEST,LOMBARDIA,MI,3015146,C1AA, ,F205,MILANO,D,D20,MI00000327,9,Magazzini,NORMALE,P,500,700,L,2022-1
NORD-OVEST,LOMBARDIA,MI,3015146,C1AA, ,F205,MILANO,D,D20,MI00000327,5,Negozi,OTTIMO, ,1500,2600,L,2022-1
NORD-OVEST,LOMBARDIA,MI,3015146,C1AA, ,F205,MILANO,D,D20,MI00000327,5,Negozi,NORMALE,P,1100,1500,L,2022-1
NORD-OVEST,LOMBARDIA,MI,3015146,C1AA, ,F205,MILANO,D,D20,MI00000327,6,Uffici,OTTIMO,P,1500,2200,L,2022-1
NORD-OVEST,LOMBARDIA,MI,3015146,C1AA, ,F205,MILANO,D,D20,MI00000327,18,Uffici strutturati,OTTIMO,P,1800,2800,L,2022-1
NORD-OVEST,LOMBARDIA,MI,3015146,C1AA, ,F205,MILANO,D,D20,MI00000327,8,Capannoni industriali,OTTIMO,P,850,1050,L,2022-1
NORD-OVEST,LOMBARDIA,MI,3015146,C1AA, ,F205,MILANO,D,D20,MI00000327,7,Capannoni tipici,OTTIMO,P,850,1100,L,2022-1
NORD-OVEST,LOMBARDIA,MI,3015146,C1AA, ,F205,MILANO,D,D20,MI00000327,10,Laboratori,NORMALE,P,800,1200,L,2022-1
NORD-OVEST,LOMBARDIA,MI,3015146,C1AA, ,F205,MILANO,D,D21,MI00000328,20,Abitazioni civili,NORMALE,P,2150,3300,L,2022-1
NORD-OVEST,LOMBARDIA,MI,3015146,C1AA, ,F205,MILANO,D,D21,MI00000328,20,Abitazioni civili,OTTIMO, ,3400,4600,L,2022-1
NORD-OVEST,LOMBARDIA,MI,3015146,C1AA, ,F205,MILANO,D,D21,MI00000328,21,Abitazioni di tipo economico,OTTIMO, ,2200,2650,L,2022-1
NORD-OVEST,LOMBARDIA,MI,3015146,C1AA, ,F205,MILANO,D,D21,MI00000328,21,Abitazioni di tipo economico,NORMALE,P,1550,2100,L,2022-1
NORD-OVEST,LOMBARDIA,MI,3015146,C1AA, ,F205,MILANO,D,D21,MI00000328,13,Box,NORMALE,P,1200,1850,L,2022-1
NORD-OVEST,LOMBARDIA,MI,3015146,C1AA, ,F205,MILANO,D,D21,MI00000328,9,Magazzini,NORMALE,P,500,700,L,2022-1
NORD-OVEST,LOMBARDIA,MI,3015146,C1AA, ,F205,MILANO,D,D21,MI00000328,5,Negozi,OTTIMO, ,2150,3000,L,2022-1
NORD-OVEST,LOMBARDIA,MI,3015146,C1AA, ,F205,MILANO,D,D21,MI00000328,5,Negozi,NORMALE,P,1250,2100,L,2022-1
NORD-OVEST,LOMBARDIA,MI,3015146,C1AA, ,F205,MILANO,D,D21,MI00000328,6,Uffici,OTTIMO,P,1600,2500,L,2022-1
NORD-OVEST,LOMBARDIA,MI,3015146,C1AA, ,F205,MILANO,D,D21,MI00000328,18,Uffici strutturati,OTTIMO,P,2000,2800,L,2022-1
NORD-OVEST,LOMBARDIA,MI,3015146,C1AA, ,F205,MILANO,D,D21,MI00000328,8,Capannoni industriali,OTTIMO,P,800,950,L,2022-1
NORD-OVEST,LOMBARDIA,MI,3015146,C1AA, ,F205,MILANO,D,D21,MI00000328,7,Capannoni tipici,OTTIMO,P,800,950,L,2022-1
NORD-OVEST,LOMBARDIA,MI,3015146,C1AA, ,F205,MILANO,D,D21,MI00000328,10,Laboratori,NORMALE,P,800,1250,L,2022-1
NORD-OVEST,LOMBARDIA,MI,3015146,C1AA, ,F205,MILANO,D,D24,MI00000331,20,Abitazioni civili,OTTIMO, ,3200,5500,L,2022-1
NORD-OVEST,LOMBARDIA,MI,3015146,C1AA, ,F205,MILANO,D,D24,MI00000331,20,Abitazioni civili,NORMALE,P,2000,3100,L,2022-1
NORD-OVEST,LOMBARDIA,MI,3015146,C1AA, ,F205,MILANO,D,D24,MI00000331,21,Abitazioni di tipo economico,OTTIMO,P,2400,3100,L,2022-1
NORD-OVEST,LOMBARDIA,MI,3015146,C1AA, ,F205,MILANO,D,D24,MI00000331,21,Abitazioni di tipo economico,NORMALE, ,1900,2300,L,2022-1
NORD-OVEST,LOMBARDIA,MI,3015146,C1AA, ,F205,MILANO,D,D24,MI00000331,13,Box,NORMALE,P,1600,2500,L,2022-1
NORD-OVEST,LOMBARDIA,MI,3015146,C1AA, ,F205,MILANO,D,D24,MI00000331,9,Magazzini,NORMALE,P,550,750,L,2022-1
NORD-OVEST,LOMBARDIA,MI,3015146,C1AA, ,F205,MILANO,D,D24,MI00000331,5,Negozi,OTTIMO, ,2100,3300,L,2022-1
NORD-OVEST,LOMBARDIA,MI,3015146,C1AA, ,F205,MILANO,D,D24,MI00000331,5,Negozi,NORMALE,P,1300,2100,L,2022-1
NORD-OVEST,LOMBARDIA,MI,3015146,C1AA, ,F205,MILANO,D,D24,MI00000331,6,Uffici,OTTIMO,P,1700,2900,L,2022-1
NORD-OVEST,LOMBARDIA,MI,3015146,C1AA, ,F205,MILANO,D,D24,MI00000331,18,Uffici strutturati,OTTIMO,P,1950,3200,L,2022-1
NORD-OVEST,LOMBARDIA,MI,3015146,C1AA, ,F205,MILANO,D,D24,MI00000331,8,Capannoni industriali,OTTIMO,P,650,850,L,2022-1
NORD-OVEST,LOMBARDIA,MI,3015146,C1AA, ,F205,MILANO,D,D24,MI00000331,7,Capannoni tipici,OTTIMO,P,650,900,L,2022-1
NORD-OVEST,LOMBARDIA,MI,3015146,C1AA, ,F205,MILANO,D,D24,MI00000331,10,Laboratori,NORMALE,P,750,1250,L,2022-1
NORD-OVEST,LOMBARDIA,MI,3015146,C1AA, ,F205,MILANO,D,D25,MI00000332,20,Abitazioni civili,OTTIMO, ,3300,4200,L,2022-1
NORD-OVEST,LOMBARDIA,MI,3015146,C1AA, ,F205,MILANO,D,D25,MI00000332,20,Abitazioni civili,NORMALE,P,2000,3200,L,2022-1
NORD-OVEST,LOMBARDIA,MI,3015146,C1AA, ,F205,MILANO,D,D25,MI00000332,21,Abitazioni di tipo economico,OTTIMO, ,2550,3000,L,2022-1
NORD-OVEST,LOMBARDIA,MI,3015146,C1AA, ,F205,MILANO,D,D25,MI00000332,21,Abitazioni di tipo economico,NORMALE,P,1600,2500,L,2022-1
NORD-OVEST,LOMBARDIA,MI,3015146,C1AA, ,F205,MILANO,D,D25,MI00000332,13,Box,NORMALE,P,1200,1800,L,2022-1
NORD-OVEST,LOMBARDIA,MI,3015146,C1AA, ,F205,MILANO,D,D25,MI00000332,9,Magazzini,NORMALE,P,350,500,L,2022-1
NORD-OVEST,LOMBARDIA,MI,3015146,C1AA, ,F205,MILANO,D,D25,MI00000332,5,Negozi,OTTIMO, ,1900,2400,L,2022-1
NORD-OVEST,LOMBARDIA,MI,3015146,C1AA, ,F205,MILANO,D,D25,MI00000332,5,Negozi,NORMALE,P,1100,1800,L,2022-1
NORD-OVEST,LOMBARDIA,MI,3015146,C1AA, ,F205,MILANO,D,D25,MI00000332,6,Uffici,OTTIMO,P,1500,2000,L,2022-1
NORD-OVEST,LOMBARDIA,MI,3015146,C1AA, ,F205,MILANO,D,D25,MI00000332,18,Uffici strutturati,OTTIMO,P,2000,2800,L,2022-1
NORD-OVEST,LOMBARDIA,MI,3015146,C1AA, ,F205,MILANO,D,D25,MI00000332,8,Capannoni industriali,OTTIMO,P,750,900,L,2022-1
NORD-OVEST,LOMBARDIA,MI,3015146,C1AA, ,F205,MILANO,D,D25,MI00000332,7,Capannoni tipici,OTTIMO,P,850,950,L,2022-1
NORD-OVEST,LOMBARDIA,MI,3015146,C1AA, ,F205,MILANO,D,D25,MI00000332,10,Laboratori,NORMALE,P,550,800,L,2022-1
NORD-OVEST,LOMBARDIA,MI,3015146,C1AA, ,F205,MILANO,D,D28,MI00000335,20,Abitazioni civili,OTTIMO, ,3800,4700,L,2022-1
NORD-OVEST,LOMBARDIA,MI,3015146,C1AA, ,F205,MILANO,D,D28,MI00000335,20,Abitazioni civili,NORMALE,P,2600,3700,L,2022-1
NORD-OVEST,LOMBARDIA,MI,3015146,C1AA, ,F205,MILANO,D,D28,MI00000335,21,Abitazioni di tipo economico,NORMALE,P,2400,2700,L,2022-1
NORD-OVEST,LOMBARDIA,MI,3015146,C1AA, ,F205,MILANO,D,D28,MI00000335,21,Abitazioni di tipo economico,OTTIMO, ,2700,3500,L,2022-1
NORD-OVEST,LOMBARDIA,MI,3015146,C1AA, ,F205,MILANO,D,D28,MI00000335,13,Box,NORMALE,P,1300,2100,L,2022-1
NORD-OVEST,LOMBARDIA,MI,3015146,C1AA, ,F205,MILANO,D,D28,MI00000335,1,Ville e Villini,OTTIMO, ,3600,4600,L,2022-1
NORD-OVEST,LOMBARDIA,MI,3015146,C1AA, ,F205,MILANO,D,D28,MI00000335,1,Ville e Villini,NORMALE,P,2600,3500,L,2022-1
NORD-OVEST,LOMBARDIA,MI,3015146,C1AA, ,F205,MILANO,D,D28,MI00000335,9,Magazzini,NORMALE,P,400,500,L,2022-1
NORD-OVEST,LOMBARDIA,MI,3015146,C1AA, ,F205,MILANO,D,D28,MI00000335,5,Negozi,NORMALE,P,1050,1450,L,2022-1
NORD-OVEST,LOMBARDIA,MI,3015146,C1AA, ,F205,MILANO,D,D28,MI00000335,6,Uffici,OTTIMO,P,1450,2300,L,2022-1
NORD-OVEST,LOMBARDIA,MI,3015146,C1AA, ,F205,MILANO,D,D28,MI00000335,18,Uffici strutturati,OTTIMO,P,2200,3000,L,2022-1
NORD-OVEST,LOMBARDIA,MI,3015146,C1AA, ,F205,MILANO,D,D28,MI00000335,8,Capannoni industriali,OTTIMO,P,650,850,L,2022-1
NORD-OVEST,LOMBARDIA,MI,3015146,C1AA, ,F205,MILANO,D,D28,MI00000335,7,Capannoni tipici,OTTIMO,P,700,900,L,2022-1
NORD-OVEST,LOMBARDIA,MI,3015146,C1AA, ,F205,MILANO,D,D28,MI00000335,10,Laboratori,NORMALE,P,600,900,L,2022-1
NORD-OVEST,LOMBARDIA,MI,3015146,C1AA, ,F205,MILANO,D,D30,MI00004777,20,Abitazioni civili,NORMALE,P,1950,2800,L,2022-1
NORD-OVEST,LOMBARDIA,MI,3015146,C1AA, ,F205,MILANO,D,D30,MI00004777,20,Abitazioni civili,OTTIMO, ,2900,4100,L,2022-1
NORD-OVEST,LOMBARDIA,MI,3015146,C1AA, ,F205,MILANO,D,D30,MI00004777,21,Abitazioni di tipo economico,NORMALE,P,1500,1900,L,2022-1
NORD-OVEST,LOMBARDIA,MI,3015146,C1AA, ,F205,MILANO,D,D30,MI00004777,21,Abitazioni di tipo economico,OTTIMO, ,1950,2800,L,2022-1
NORD-OVEST,LOMBARDIA,MI,3015146,C1AA, ,F205,MILANO,D,D30,MI00004777,13,Box,NORMALE,P,1200,2000,L,2022-1
NORD-OVEST,LOMBARDIA,MI,3015146,C1AA, ,F205,MILANO,D,D30,MI00004777,9,Magazzini,NORMALE,P,500,700,L,2022-1
NORD-OVEST,LOMBARDIA,MI,3015146,C1AA, ,F205,MILANO,D,D30,MI00004777,5,Negozi,OTTIMO, ,1750,2600,L,2022-1
NORD-OVEST,LOMBARDIA,MI,3015146,C1AA, ,F205,MILANO,D,D30,MI00004777,5,Negozi,NORMALE,P,1250,1700,L,2022-1
NORD-OVEST,LOMBARDIA,MI,3015146,C1AA, ,F205,MILANO,D,D30,MI00004777,6,Uffici,OTTIMO,P,1550,2300,L,2022-1
NORD-OVEST,LOMBARDIA,MI,3015146,C1AA, ,F205,MILANO,D,D30,MI00004777,18,Uffici strutturati,OTTIMO,P,2300,3300,L,2022-1
NORD-OVEST,LOMBARDIA,MI,3015146,C1AA, ,F205,MILANO,D,D30,MI00004777,8,Capannoni industriali,OTTIMO,P,850,1200,L,2022-1
NORD-OVEST,LOMBARDIA,MI,3015146,C1AA, ,F205,MILANO,D,D30,MI00004777,7,Capannoni tipici,OTTIMO,P,950,1200,L,2022-1
NORD-OVEST,LOMBARDIA,MI,3015146,C1AA, ,F205,MILANO,D,D30,MI00004777,10,Laboratori,NORMALE,P,800,1300,L,2022-1
NORD-OVEST,LOMBARDIA,MI,3015146,C1AA, ,F205,MILANO,D,D31,MI00004778,20,Abitazioni civili,OTTIMO, ,2750,4100,L,2022-1
NORD-OVEST,LOMBARDIA,MI,3015146,C1AA, ,F205,MILANO,D,D31,MI00004778,20,Abitazioni civili,NORMALE,P,1800,2700,L,2022-1
NORD-OVEST,LOMBARDIA,MI,3015146,C1AA, ,F205,MILANO,D,D31,MI00004778,21,Abitazioni di tipo economico,OTTIMO, ,1750,2500,L,2022-1
NORD-OVEST,LOMBARDIA,MI,3015146,C1AA, ,F205,MILANO,D,D31,MI00004778,21,Abitazioni di tipo economico,NORMALE,P,1400,1700,L,2022-1
NORD-OVEST,LOMBARDIA,MI,3015146,C1AA, ,F205,MILANO,D,D31,MI00004778,13,Box,NORMALE,P,1200,1700,L,2022-1
NORD-OVEST,LOMBARDIA,MI,3015146,C1AA, ,F205,MILANO,D,D31,MI00004778,9,Magazzini,NORMALE,P,450,750,L,2022-1
NORD-OVEST,LOMBARDIA,MI,3015146,C1AA, ,F205,MILANO,D,D31,MI00004778,5,Negozi,NORMALE,P,1300,2300,L,2022-1
NORD-OVEST,LOMBARDIA,MI,3015146,C1AA, ,F205,MILANO,D,D31,MI00004778,6,Uffici,OTTIMO,P,1500,2200,L,2022-1
NORD-OVEST,LOMBARDIA,MI,3015146,C1AA, ,F205,MILANO,D,D31,MI00004778,18,Uffici strutturati,OTTIMO,P,1900,2700,L,2022-1
NORD-OVEST,LOMBARDIA,MI,3015146,C1AA, ,F205,MILANO,D,D31,MI00004778,8,Capannoni industriali,OTTIMO,P,800,1000,L,2022-1
NORD-OVEST,LOMBARDIA,MI,3015146,C1AA, ,F205,MILANO,D,D31,MI00004778,7,Capannoni tipici,OTTIMO,P,850,1100,L,2022-1
NORD-OVEST,LOMBARDIA,MI,3015146,C1AA, ,F205,MILANO,D,D31,MI00004778,10,Laboratori,NORMALE,P,750,1500,L,2022-1
NORD-OVEST,LOMBARDIA,MI,3015146,C1AA, ,F205,MILANO,D,D32,MI00004779,20,Abitazioni civili,NORMALE,P,1800,2400,L,2022-1
NORD-OVEST,LOMBARDIA,MI,3015146,C1AA, ,F205,MILANO,D,D32,MI00004779,20,Abitazioni civili,OTTIMO, ,2400,3700,L,2022-1
NORD-OVEST,LOMBARDIA,MI,3015146,C1AA, ,F205,MILANO,D,D32,MI00004779,21,Abitazioni di tipo economico,OTTIMO, ,1850,2400,L,2022-1
NORD-OVEST,LOMBARDIA,MI,3015146,C1AA, ,F205,MILANO,D,D32,MI00004779,21,Abitazioni di tipo economico,NORMALE,P,1450,1800,L,2022-1
NORD-OVEST,LOMBARDIA,MI,3015146,C1AA, ,F205,MILANO,D,D32,MI00004779,13,Box,NORMALE,P,1000,1800,L,2022-1
NORD-OVEST,LOMBARDIA,MI,3015146,C1AA, ,F205,MILANO,D,D32,MI00004779,1,Ville e Villini,OTTIMO, ,2550,3700,L,2022-1
NORD-OVEST,LOMBARDIA,MI,3015146,C1AA, ,F205,MILANO,D,D32,MI00004779,1,Ville e Villini,NORMALE,P,1850,2500,L,2022-1
NORD-OVEST,LOMBARDIA,MI,3015146,C1AA, ,F205,MILANO,D,D32,MI00004779,9,Magazzini,NORMALE,P,550,750,L,2022-1
NORD-OVEST,LOMBARDIA,MI,3015146,C1AA, ,F205,MILANO,D,D32,MI00004779,5,Negozi,NORMALE,P,1200,2000,L,2022-1
NORD-OVEST,LOMBARDIA,MI,3015146,C1AA, ,F205,MILANO,D,D32,MI00004779,6,Uffici,OTTIMO,P,1500,2000,L,2022-1
NORD-OVEST,LOMBARDIA,MI,3015146,C1AA, ,F205,MILANO,D,D32,MI00004779,18,Uffici strutturati,OTTIMO,P,1700,2500,L,2022-1
NORD-OVEST,LOMBARDIA,MI,3015146,C1AA, ,F205,MILANO,D,D32,MI00004779,8,Capannoni industriali,OTTIMO,P,800,950,L,2022-1
NORD-OVEST,LOMBARDIA,MI,3015146,C1AA, ,F205,MILANO,D,D32,MI00004779,7,Capannoni tipici,OTTIMO,P,800,1000,L,2022-1
NORD-OVEST,LOMBARDIA,MI,3015146,C1AA, ,F205,MILANO,D,D32,MI00004779,10,Laboratori,NORMALE,P,550,950,L,2022-1
NORD-OVEST,LOMBARDIA,MI,3015146,C1AA, ,F205,MILANO,D,D33,MI00004780,20,Abitazioni civili,OTTIMO, ,3100,4000,L,2022-1
NORD-OVEST,LOMBARDIA,MI,3015146,C1AA, ,F205,MILANO,D,D33,MI00004780,20,Abitazioni civili,NORMALE,P,2250,3000,L,2022-1
NORD-OVEST,LOMBARDIA,MI,3015146,C1AA, ,F205,MILANO,D,D33,MI00004780,21,Abitazioni di tipo economico,NORMALE,P,1600,2200,L,2022-1
NORD-OVEST,LOMBARDIA,MI,3015146,C1AA, ,F205,MILANO,D,D33,MI00004780,21,Abitazioni di tipo economico,OTTIMO, ,2300,2850,L,2022-1
NORD-OVEST,LOMBARDIA,MI,3015146,C1AA, ,F205,MILANO,D,D33,MI00004780,13,Box,NORMALE,P,1050,1600,L,2022-1
NORD-OVEST,LOMBARDIA,MI,3015146,C1AA, ,F205,MILANO,D,D33,MI00004780,9,Magazzini,NORMALE,P,450,600,L,2022-1
NORD-OVEST,LOMBARDIA,MI,3015146,C1AA, ,F205,MILANO,D,D33,MI00004780,5,Negozi,NORMALE,P,1150,1700,L,2022-1
NORD-OVEST,LOMBARDIA,MI,3015146,C1AA, ,F205,MILANO,D,D33,MI00004780,6,Uffici,OTTIMO,P,1600,2000,L,2022-1
NORD-OVEST,LOMBARDIA,MI,3015146,C1AA, ,F205,MILANO,D,D33,MI00004780,18,Uffici strutturati,OTTIMO,P,1900,2500,L,2022-1
NORD-OVEST,LOMBARDIA,MI,3015146,C1AA, ,F205,MILANO,D,D33,MI00004780,8,Capannoni industriali,OTTIMO,P,800,1000,L,2022-1
NORD-OVEST,LOMBARDIA,MI,3015146,C1AA, ,F205,MILANO,D,D33,MI00004780,7,Capannoni tipici,OTTIMO,P,850,1150,L,2022-1
NORD-OVEST,LOMBARDIA,MI,3015146,C1AA, ,F205,MILANO,D,D33,MI00004780,10,Laboratori,NORMALE,P,750,1200,L,2022-1
NORD-OVEST,LOMBARDIA,MI,3015146,C1AA, ,F205,MILANO,D,D34,MI00004781,20,Abitazioni civili,OTTIMO, ,3000,4400,L,2022-1
NORD-OVEST,LOMBARDIA,MI,3015146,C1AA, ,F205,MILANO,D,D34,MI00004781,20,Abitazioni civili,NORMALE,P,2300,2950,L,2022-1
NORD-OVEST,LOMBARDIA,MI,3015146,C1AA, ,F205,MILANO,D,D34,MI00004781,21,Abitazioni di tipo economico,OTTIMO, ,2400,2900,L,2022-1
NORD-OVEST,LOMBARDIA,MI,3015146,C1AA, ,F205,MILANO,D,D34,MI00004781,21,Abitazioni di tipo economico,NORMALE,P,1700,2350,L,2022-1
NORD-OVEST,LOMBARDIA,MI,3015146,C1AA, ,F205,MILANO,D,D34,MI00004781,13,Box,NORMALE,P,1100,1500,L,2022-1
NORD-OVEST,LOMBARDIA,MI,3015146,C1AA, ,F205,MILANO,D,D34,MI00004781,9,Magazzini,NORMALE,P,550,800,L,2022-1
NORD-OVEST,LOMBARDIA,MI,3015146,C1AA, ,F205,MILANO,D,D34,MI00004781,5,Negozi,NORMALE,P,1150,1800,L,2022-1
NORD-OVEST,LOMBARDIA,MI,3015146,C1AA, ,F205,MILANO,D,D34,MI00004781,6,Uffici,OTTIMO,P,1500,2000,L,2022-1
NORD-OVEST,LOMBARDIA,MI,3015146,C1AA, ,F205,MILANO,D,D34,MI00004781,18,Uffici strutturati,OTTIMO,P,2100,3000,L,2022-1
NORD-OVEST,LOMBARDIA,MI,3015146,C1AA, ,F205,MILANO,D,D34,MI00004781,8,Capannoni industriali,OTTIMO,P,750,1000,L,2022-1
NORD-OVEST,LOMBARDIA,MI,3015146,C1AA, ,F205,MILANO,D,D34,MI00004781,7,Capannoni tipici,OTTIMO,P,800,1050,L,2022-1
NORD-OVEST,LOMBARDIA,MI,3015146,C1AA, ,F205,MILANO,D,D34,MI00004781,10,Laboratori,NORMALE,P,650,950,L,2022-1
NORD-OVEST,LOMBARDIA,MI,3015146,C1AA, ,F205,MILANO,D,D35,MI00004782,20,Abitazioni civili,OTTIMO, ,3200,4500,L,2022-1
NORD-OVEST,LOMBARDIA,MI,3015146,C1AA, ,F205,MILANO,D,D35,MI00004782,20,Abitazioni civili,NORMALE,P,2000,3100,L,2022-1
NORD-OVEST,LOMBARDIA,MI,3015146,C1AA, ,F205,MILANO,D,D35,MI00004782,21,Abitazioni di tipo economico,OTTIMO, ,1950,2850,L,2022-1
NORD-OVEST,LOMBARDIA,MI,3015146,C1AA, ,F205,MILANO,D,D35,MI00004782,21,Abitazioni di tipo economico,NORMALE,P,1500,1900,L,2022-1
NORD-OVEST,LOMBARDIA,MI,3015146,C1AA, ,F205,MILANO,D,D35,MI00004782,13,Box,NORMALE,P,1200,1900,L,2022-1
NORD-OVEST,LOMBARDIA,MI,3015146,C1AA, ,F205,MILANO,D,D35,MI00004782,9,Magazzini,NORMALE,P,650,800,L,2022-1
NORD-OVEST,LOMBARDIA,MI,3015146,C1AA, ,F205,MILANO,D,D35,MI00004782,5,Negozi,NORMALE,P,1200,2100,L,2022-1
NORD-OVEST,LOMBARDIA,MI,3015146,C1AA, ,F205,MILANO,D,D35,MI00004782,6,Uffici,OTTIMO,P,1500,2200,L,2022-1
NORD-OVEST,LOMBARDIA,MI,3015146,C1AA, ,F205,MILANO,D,D35,MI00004782,18,Uffici strutturati,OTTIMO,P,2050,2800,L,2022-1
NORD-OVEST,LOMBARDIA,MI,3015146,C1AA, ,F205,MILANO,D,D35,MI00004782,8,Capannoni industriali,OTTIMO,P,800,1000,L,2022-1
NORD-OVEST,LOMBARDIA,MI,3015146,C1AA, ,F205,MILANO,D,D35,MI00004782,7,Capannoni tipici,OTTIMO,P,850,1100,L,2022-1
NORD-OVEST,LOMBARDIA,MI,3015146,C1AA, ,F205,MILANO,D,D35,MI00004782,10,Laboratori,NORMALE,P,750,1350,L,2022-1
NORD-OVEST,LOMBARDIA,MI,3015146,C1AA, ,F205,MILANO,D,D36,MI00004783,20,Abitazioni civili,OTTIMO, ,3200,5000,L,2022-1
NORD-OVEST,LOMBARDIA,MI,3015146,C1AA, ,F205,MILANO,D,D36,MI00004783,20,Abitazioni civili,NORMALE,P,2000,3100,L,2022-1
NORD-OVEST,LOMBARDIA,MI,3015146,C1AA, ,F205,MILANO,D,D36,MI00004783,21,Abitazioni di tipo economico,OTTIMO, ,2300,3100,L,2022-1
NORD-OVEST,LOMBARDIA,MI,3015146,C1AA, ,F205,MILANO,D,D36,MI00004783,21,Abitazioni di tipo economico,NORMALE,P,1650,2250,L,2022-1
NORD-OVEST,LOMBARDIA,MI,3015146,C1AA, ,F205,MILANO,D,D36,MI00004783,13,Box,NORMALE,P,1400,2200,L,2022-1
NORD-OVEST,LOMBARDIA,MI,3015146,C1AA, ,F205,MILANO,D,D36,MI00004783,9,Magazzini,NORMALE,P,500,750,L,2022-1
NORD-OVEST,LOMBARDIA,MI,3015146,C1AA, ,F205,MILANO,D,D36,MI00004783,5,Negozi,NORMALE,P,1400,2500,L,2022-1
NORD-OVEST,LOMBARDIA,MI,3015146,C1AA, ,F205,MILANO,D,D36,MI00004783,6,Uffici,OTTIMO,P,1550,2350,L,2022-1
NORD-OVEST,LOMBARDIA,MI,3015146,C1AA, ,F205,MILANO,D,D36,MI00004783,18,Uffici strutturati,OTTIMO,P,1900,3000,L,2022-1
NORD-OVEST,LOMBARDIA,MI,3015146,C1AA, ,F205,MILANO,D,D36,MI00004783,8,Capannoni industriali,OTTIMO,P,850,1000,L,2022-1
NORD-OVEST,LOMBARDIA,MI,3015146,C1AA, ,F205,MILANO,D,D36,MI00004783,7,Capannoni tipici,OTTIMO,P,800,1050,L,2022-1
NORD-OVEST,LOMBARDIA,MI,3015146,C1AA, ,F205,MILANO,D,D36,MI00004783,10,Laboratori,NORMALE,P,850,1250,L,2022-1
NORD-OVEST,LOMBARDIA,MI,3015146,C1AA, ,F205,MILANO,E,E5,MI00004784,20,Abitazioni civili,OTTIMO, ,2300,2900,L,2022-1
NORD-OVEST,LOMBARDIA,MI,3015146,C1AA, ,F205,MILANO,E,E5,MI00004784,20,Abitazioni civili,NORMALE,P,1750,2250,L,2022-1
NORD-OVEST,LOMBARDIA,MI,3015146,C1AA, ,F205,MILANO,E,E5,MI00004784,21,Abitazioni di tipo economico,OTTIMO, ,1650,2200,L,2022-1
NORD-OVEST,LOMBARDIA,MI,3015146,C1AA, ,F205,MILANO,E,E5,MI00004784,21,Abitazioni di tipo economico,NORMALE,P,1200,1600,L,2022-1
NORD-OVEST,LOMBARDIA,MI,3015146,C1AA, ,F205,MILANO,E,E5,MI00004784,13,Box,NORMALE,P,950,1550,L,2022-1
NORD-OVEST,LOMBARDIA,MI,3015146,C1AA, ,F205,MILANO,E,E5,MI00004784,1,Ville e Villini,NORMALE,P,1650,2400,L,2022-1
NORD-OVEST,LOMBARDIA,MI,3015146,C1AA, ,F205,MILANO,E,E5,MI00004784,1,Ville e Villini,OTTIMO, ,2450,2800,L,2022-1
NORD-OVEST,LOMBARDIA,MI,3015146,C1AA, ,F205,MILANO,E,E5,MI00004784,9,Magazzini,NORMALE,P,450,550,L,2022-1
NORD-OVEST,LOMBARDIA,MI,3015146,C1AA, ,F205,MILANO,E,E5,MI00004784,5,Negozi,NORMALE,P,800,1400,L,2022-1
NORD-OVEST,LOMBARDIA,MI,3015146,C1AA, ,F205,MILANO,E,E5,MI00004784,6,Uffici,OTTIMO,P,900,1500,L,2022-1
NORD-OVEST,LOMBARDIA,MI,3015146,C1AA, ,F205,MILANO,E,E5,MI00004784,18,Uffici strutturati,OTTIMO,P,1700,2250,L,2022-1
NORD-OVEST,LOMBARDIA,MI,3015146,C1AA, ,F205,MILANO,E,E5,MI00004784,8,Capannoni industriali,OTTIMO,P,600,850,L,2022-1
NORD-OVEST,LOMBARDIA,MI,3015146,C1AA, ,F205,MILANO,E,E5,MI00004784,7,Capannoni tipici,OTTIMO,P,600,900,L,2022-1
NORD-OVEST,LOMBARDIA,MI,3015146,C1AA, ,F205,MILANO,E,E5,MI00004784,10,Laboratori,NORMALE,P,480,650,L,2022-1
NORD-OVEST,LOMBARDIA,MI,3015146,C1AA, ,F205,MILANO,E,E6,MI00004785,20,Abitazioni civili,OTTIMO, ,2300,3400,L,2022-1
NORD-OVEST,LOMBARDIA,MI,3015146,C1AA, ,F205,MILANO,E,E6,MI00004785,20,Abitazioni civili,NORMALE,P,1700,2200,L,2022-1
NORD-OVEST,LOMBARDIA,MI,3015146,C1AA, ,F205,MILANO,E,E6,MI00004785,21,Abitazioni di tipo economico,NORMALE,P,1400,1750,L,2022-1
NORD-OVEST,LOMBARDIA,MI,3015146,C1AA, ,F205,MILANO,E,E6,MI00004785,21,Abitazioni di tipo economico,OTTIMO, ,1750,1900,L,2022-1
NORD-OVEST,LOMBARDIA,MI,3015146,C1AA, ,F205,MILANO,E,E6,MI00004785,13,Box,NORMALE,P,900,1500,L,2022-1
NORD-OVEST,LOMBARDIA,MI,3015146,C1AA, ,F205,MILANO,E,E6,MI00004785,9,Magazzini,NORMALE,P,300,450,L,2022-1
NORD-OVEST,LOMBARDIA,MI,3015146,C1AA, ,F205,MILANO,E,E6,MI00004785,5,Negozi,NORMALE,P,900,1550,L,2022-1
NORD-OVEST,LOMBARDIA,MI,3015146,C1AA, ,F205,MILANO,E,E6,MI00004785,6,Uffici,OTTIMO,P,1350,1900,L,2022-1
NORD-OVEST,LOMBARDIA,MI,3015146,C1AA, ,F205,MILANO,E,E6,MI00004785,18,Uffici strutturati,OTTIMO,P,1750,2650,L,2022-1
NORD-OVEST,LOMBARDIA,MI,3015146,C1AA, ,F205,MILANO,E,E6,MI00004785,8,Capannoni industriali,OTTIMO,P,700,950,L,2022-1
NORD-OVEST,LOMBARDIA,MI,3015146,C1AA, ,F205,MILANO,E,E6,MI00004785,7,Capannoni tipici,OTTIMO,P,700,950,L,2022-1
NORD-OVEST,LOMBARDIA,MI,3015146,C1AA, ,F205,MILANO,E,E6,MI00004785,10,Laboratori,NORMALE,P,700,950,L,2022-1
NORD-OVEST,LOMBARDIA,MI,3015146,C1AA, ,F205,MILANO,E,E7,MI00004786,20,Abitazioni civili,OTTIMO, ,2200,2950,L,2022-1
NORD-OVEST,LOMBARDIA,MI,3015146,C1AA, ,F205,MILANO,E,E7,MI00004786,20,Abitazioni civili,NORMALE,P,1600,2200,L,2022-1
NORD-OVEST,LOMBARDIA,MI,3015146,C1AA, ,F205,MILANO,E,E7,MI00004786,21,Abitazioni di tipo economico,OTTIMO, ,1700,2000,L,2022-1
NORD-OVEST,LOMBARDIA,MI,3015146,C1AA, ,F205,MILANO,E,E7,MI00004786,21,Abitazioni di tipo economico,NORMALE,P,1300,1650,L,2022-1
NORD-OVEST,LOMBARDIA,MI,3015146,C1AA, ,F205,MILANO,E,E7,MI00004786,13,Box,NORMALE,P,900,1400,L,2022-1
NORD-OVEST,LOMBARDIA,MI,3015146,C1AA, ,F205,MILANO,E,E7,MI00004786,9,Magazzini,NORMALE,P,350,500,L,2022-1
NORD-OVEST,LOMBARDIA,MI,3015146,C1AA, ,F205,MILANO,E,E7,MI00004786,5,Negozi,NORMALE,P,700,1300,L,2022-1
NORD-OVEST,LOMBARDIA,MI,3015146,C1AA, ,F205,MILANO,E,E7,MI00004786,6,Uffici,OTTIMO,P,1250,1650,L,2022-1
NORD-OVEST,LOMBARDIA,MI,3015146,C1AA, ,F205,MILANO,E,E7,MI00004786,18,Uffici strutturati,OTTIMO,P,1400,2300,L,2022-1
NORD-OVEST,LOMBARDIA,MI,3015146,C1AA, ,F205,MILANO,E,E7,MI00004786,8,Capannoni industriali,OTTIMO,P,750,900,L,2022-1
NORD-OVEST,LOMBARDIA,MI,3015146,C1AA, ,F205,MILANO,E,E7,MI00004786,7,Capannoni tipici,OTTIMO,P,700,900,L,2022-1
NORD-OVEST,LOMBARDIA,MI,3015146,C1AA, ,F205,MILANO,E,E7,MI00004786,10,Laboratori,NORMALE,P,600,1000,L,2022-1
NORD-OVEST,LOMBARDIA,MI,3015146,C1AA, ,F205,MILANO,E,E8,MI00004787,20,Abitazioni civili,NORMALE,P,1600,2000,L,2022-1
NORD-OVEST,LOMBARDIA,MI,3015146,C1AA, ,F205,MILANO,E,E8,MI00004787,20,Abitazioni civili,OTTIMO, ,2000,2850,L,2022-1
NORD-OVEST,LOMBARDIA,MI,3015146,C1AA, ,F205,MILANO,E,E8,MI00004787,21,Abitazioni di tipo economico,OTTIMO, ,1600,2100,L,2022-1
NORD-OVEST,LOMBARDIA,MI,3015146,C1AA, ,F205,MILANO,E,E8,MI00004787,21,Abitazioni di tipo economico,NORMALE,P,1300,1600,L,2022-1
NORD-OVEST,LOMBARDIA,MI,3015146,C1AA, ,F205,MILANO,E,E8,MI00004787,13,Box,NORMALE,P,900,1300,L,2022-1
NORD-OVEST,LOMBARDIA,MI,3015146,C1AA, ,F205,MILANO,E,E8,MI00004787,9,Magazzini,NORMALE,P,380,550,L,2022-1
NORD-OVEST,LOMBARDIA,MI,3015146,C1AA, ,F205,MILANO,E,E8,MI00004787,5,Negozi,NORMALE,P,900,1550,L,2022-1
NORD-OVEST,LOMBARDIA,MI,3015146,C1AA, ,F205,MILANO,E,E8,MI00004787,6,Uffici,OTTIMO,P,1100,1600,L,2022-1
NORD-OVEST,LOMBARDIA,MI,3015146,C1AA, ,F205,MILANO,E,E8,MI00004787,18,Uffici strutturati,OTTIMO,P,1550,2000,L,2022-1
NORD-OVEST,LOMBARDIA,MI,3015146,C1AA, ,F205,MILANO,E,E8,MI00004787,8,Capannoni industriali,OTTIMO,P,700,950,L,2022-1
NORD-OVEST,LOMBARDIA,MI,3015146,C1AA, ,F205,MILANO,E,E8,MI00004787,7,Capannoni tipici,OTTIMO,P,750,1000,L,2022-1
NORD-OVEST,LOMBARDIA,MI,3015146,C1AA, ,F205,MILANO,E,E8,MI00004787,10,Laboratori,NORMALE,P,600,900,L,2022-1
NORD-OVEST,LOMBARDIA,MI,3015146,C1AA, ,F205,MILANO,B,B12,MI00003228,20,Abitazioni civili,OTTIMO, ,8900,12700,L,2021-2
NORD-OVEST,LOMBARDIA,MI,3015146,C1AA, ,F205,MILANO,B,B12,MI00003228,20,Abitazioni civili,NORMALE,P,7200,8800,L,2021-2
NORD-OVEST,LOMBARDIA,MI,3015146,C1AA, ,F205,MILANO,B,B12,MI00003228,21,Abitazioni di tipo economico,OTTIMO, ,7800,9000,L,2021-2
NORD-OVEST,LOMBARDIA,MI,3015146,C1AA, ,F205,MILANO,B,B12,MI00003228,21,Abitazioni di tipo economico,NORMALE,P,6700,7700,L,2021-2
NORD-OVEST,LOMBARDIA,MI,3015146,C1AA, ,F205,MILANO,B,B12,MI00003228,19,Abitazioni signorili,OTTIMO,P,11000,15000,L,2021-2
NORD-OVEST,LOMBARDIA,MI,3015146,C1AA, ,F205,MILANO,B,B12,MI00003228,13,Box,NORMALE,P,4700,6600,L,2021-2
NORD-OVEST,LOMBARDIA,MI,3015146,C1AA, ,F205,MILANO,B,B12,MI00003228,9,Magazzini,NORMALE,P,2350,3200,L,2021-2
NORD-OVEST,LOMBARDIA,MI,3015146,C1AA, ,F205,MILANO,B,B12,MI00003228,5,Negozi,OTTIMO, ,14000,21600,L,2021-2
NORD-OVEST,LOMBARDIA,MI,3015146,C1AA, ,F205,MILANO,B,B12,MI00003228,5,Negozi,NORMALE,P,8000,12000,L,2021-2
NORD-OVEST,LOMBARDIA,MI,3015146,C1AA, ,F205,MILANO,B,B12,MI00003228,6,Uffici,OTTIMO,P,6600,10000,L,2021-2
NORD-OVEST,LOMBARDIA,MI,3015146,C1AA, ,F205,MILANO,B,B12,MI00003228,18,Uffici strutturati,OTTIMO,P,7100,12000,L,2021-2
NORD-OVEST,LOMBARDIA,MI,3015146,C1AA, ,F205,MILANO,B,B12,MI00003228,10,Laboratori,NORMALE,P,2800,3300,L,2021-2
NORD-OVEST,LOMBARDIA,MI,3015146,C1AA, ,F205,MILANO,B,B13,MI00003232,20,Abitazioni civili,OTTIMO, ,6800,8400,L,2021-2
NORD-OVEST,LOMBARDIA,MI,3015146,C1AA, ,F205,MILANO,B,B13,MI00003232,20,Abitazioni civili,NORMALE,P,5400,6700,L,2021-2
NORD-OVEST,LOMBARDIA,MI,3015146,C1AA, ,F205,MILANO,B,B13,MI00003232,21,Abitazioni di tipo economico,OTTIMO, ,5100,6400,L,2021-2
NORD-OVEST,LOMBARDIA,MI,3015146,C1AA, ,F205,MILANO,B,B13,MI00003232,21,Abitazioni di tipo economico,NORMALE,P,4100,5000,L,2021-2
NORD-OVEST,LOMBARDIA,MI,3015146,C1AA, ,F205,MILANO,B,B13,MI00003232,19,Abitazioni signorili,OTTIMO,P,7700,9500,L,2021-2
NORD-OVEST,LOMBARDIA,MI,3015146,C1AA, ,F205,MILANO,B,B13,MI00003232,13,Box,NORMALE,P,3200,4400,L,2021-2
NORD-OVEST,LOMBARDIA,MI,3015146,C1AA, ,F205,MILANO,B,B13,MI00003232,9,Magazzini,NORMALE,P,1500,2200,L,2021-2
NORD-OVEST,LOMBARDIA,MI,3015146,C1AA, ,F205,MILANO,B,B13,MI00003232,5,Negozi,OTTIMO, ,5400,7500,L,2021-2
NORD-OVEST,LOMBARDIA,MI,3015146,C1AA, ,F205,MILANO,B,B13,MI00003232,5,Negozi,NORMALE,P,4200,5300,L,2021-2
NORD-OVEST,LOMBARDIA,MI,3015146,C1AA, ,F205,MILANO,B,B13,MI00003232,6,Uffici,OTTIMO,P,4000,6000,L,2021-2
NORD-OVEST,LOMBARDIA,MI,3015146,C1AA, ,F205,MILANO,B,B13,MI00003232,18,Uffici strutturati,OTTIMO,P,4400,6400,L,2021-2
NORD-OVEST,LOMBARDIA,MI,3015146,C1AA, ,F205,MILANO,B,B13,MI00003232,10,Laboratori,NORMALE,P,2100,2500,L,2021-2
NORD-OVEST,LOMBARDIA,MI,3015146,C1AA, ,F205,MILANO,B,B15,MI00003544,20,Abitazioni civili,OTTIMO, ,9000,12000,L,2021-2
NORD-OVEST,LOMBARDIA,MI,3015146,C1AA, ,F205,MILANO,B,B15,MI00003544,20,Abitazioni civili,NORMALE,P,7500,8900,L,2021-2
NORD-OVEST,LOMBARDIA,MI,3015146,C1AA, ,F205,MILANO,B,B15,MI00003544,21,Abitazioni di tipo economico,NORMALE,P,6500,7100,L,2021-2
NORD-OVEST,LOMBARDIA,MI,3015146,C1AA, ,F205,MILANO,B,B15,MI00003544,21,Abitazioni di tipo economico,OTTIMO, ,7200,8500,L,2021-2
NORD-OVEST,LOMBARDIA,MI,3015146,C1AA, ,F205,MILANO,B,B15,MI00003544,19,Abitazioni signorili,OTTIMO,P,11500,14400,L,2021-2
NORD-OVEST,LOMBARDIA,MI,3015146,C1AA, ,F205,MILANO,B,B15,MI00003544,13,Box,NORMALE,P,3500,5200,L,2021-2
NORD-OVEST,LOMBARDIA,MI,3015146,C1AA, ,F205,MILANO,B,B15,MI00003544,9,Magazzini,NORMALE,P,1300,2000,L,2021-2
NORD-OVEST,LOMBARDIA,MI,3015146,C1AA, ,F205,MILANO,B,B15,MI00003544,5,Negozi,OTTIMO, ,6700,8800,L,2021-2
NORD-OVEST,LOMBARDIA,MI,3015146,C1AA, ,F205,MILANO,B,B15,MI00003544,5,Negozi,NORMALE,P,4500,6600,L,2021-2
NORD-OVEST,LOMBARDIA,MI,3015146,C1AA, ,F205,MILANO,B,B15,MI00003544,6,Uffici,OTTIMO,P,4100,6000,L,2021-2
NORD-OVEST,LOMBARDIA,MI,3015146,C1AA, ,F205,MILANO,B,B15,MI00003544,18,Uffici strutturati,OTTIMO,P,4700,6700,L,2021-2
NORD-OVEST,LOMBARDIA,MI,3015146,C1AA, ,F205,MILANO,B,B15,MI00003544,10,Laboratori,NORMALE,P,2400,3000,L,2021-2
NORD-OVEST,LOMBARDIA,MI,3015146,C1AA, ,F205,MILANO,B,B16,MI00003545,20,Abitazioni civili,OTTIMO, ,7800,9700,L,2021-2
NORD-OVEST,LOMBARDIA,MI,3015146,C1AA, ,F205,MILANO,B,B16,MI00003545,20,Abitazioni civili,NORMALE,P,6400,7800,L,2021-2
NORD-OVEST,LOMBARDIA,MI,3015146,C1AA, ,F205,MILANO,B,B16,MI00003545,21,Abitazioni di tipo economico,OTTIMO, ,6300,7700,L,2021-2
NORD-OVEST,LOMBARDIA,MI,3015146,C1AA, ,F205,MILANO,B,B16,MI00003545,21,Abitazioni di tipo economico,NORMALE,P,5800,6200,L,2021-2
NORD-OVEST,LOMBARDIA,MI,3015146,C1AA, ,F205,MILANO,B,B16,MI00003545,19,Abitazioni signorili,OTTIMO,P,8500,11200,L,2021-2
NORD-OVEST,LOMBARDIA,MI,3015146,C1AA, ,F205,MILANO,B,B16,MI00003545,13,Box,NORMALE,P,3600,5100,L,2021-2
NORD-OVEST,LOMBARDIA,MI,3015146,C1AA, ,F205,MILANO,B,B16,MI00003545,9,Magazzini,NORMALE,P,1300,1900,L,2021-2
NORD-OVEST,LOMBARDIA,MI,3015146,C1AA, ,F205,MILANO,B,B16,MI00003545,5,Negozi,OTTIMO, ,5500,8000,L,2021-2
NORD-OVEST,LOMBARDIA,MI,3015146,C1AA, ,F205,MILANO,B,B16,MI00003545,5,Negozi,NORMALE,P,4000,5500,L,2021-2
NORD-OVEST,LOMBARDIA,MI,3015146,C1AA, ,F205,MILANO,B,B16,MI00003545,6,Uffici,OTTIMO,P,4300,6200,L,2021-2
NORD-OVEST,LOMBARDIA,MI,3015146,C1AA, ,F205,MILANO,B,B16,MI00003545,18,Uffici strutturati,OTTIMO,P,4800,6600,L,2021-2
NORD-OVEST,LOMBARDIA,MI,3015146,C1AA, ,F205,MILANO,B,B16,MI00003545,10,Laboratori,NORMALE,P,2300,2900,L,2021-2
NORD-OVEST,LOMBARDIA,MI,3015146,C1AA, ,F205,MILANO,B,B17,MI00004767,20,Abitazioni civili,OTTIMO, ,5900,8400,L,2021-2
NORD-OVEST,LOMBARDIA,MI,3015146,C1AA, ,F205,MILANO,B,B17,MI00004767,20,Abitazioni civili,NORMALE,P,4000,5800,L,2021-2
NORD-OVEST,LOMBARDIA,MI,3015146,C1AA, ,F205,MILANO,B,B17,MI00004767,21,Abitazioni di tipo economico,NORMALE,P,3400,4200,L,2021-2
NORD-OVEST,LOMBARDIA,MI,3015146,C1AA, ,F205,MILANO,B,B17,MI00004767,21,Abitazioni di tipo economico,OTTIMO, ,4300,5900,L,2021-2
NORD-OVEST,LOMBARDIA,MI,3015146,C1AA, ,F205,MILANO,B,B17,MI00004767,19,Abitazioni signorili,OTTIMO,P,7600,10500,L,2021-2
NORD-OVEST,LOMBARDIA,MI,3015146,C1AA, ,F205,MILANO,B,B17,MI00004767,13,Box,NORMALE,P,2400,3400,L,2021-2
NORD-OVEST,LOMBARDIA,MI,3015146,C1AA, ,F205,MILANO,B,B17,MI00004767,9,Magazzini,NORMALE,P,900,1200,L,2021-2
NORD-OVEST,LOMBARDIA,MI,3015146,C1AA, ,F205,MILANO,B,B17,MI00004767,5,Negozi,OTTIMO, ,4900,7500,L,2021-2
NORD-OVEST,LOMBARDIA,MI,3015146,C1AA, ,F205,MILANO,B,B17,MI00004767,5,Negozi,NORMALE,P,3300,4800,L,2021-2
NORD-OVEST,LOMBARDIA,MI,3015146,C1AA, ,F205,MILANO,B,B17,MI00004767,6,Uffici,OTTIMO,P,3700,5800,L,2021-2
NORD-OVEST,LOMBARDIA,MI,3015146,C1AA, ,F205,MILANO,B,B17,MI00004767,18,Uffici strutturati,OTTIMO,P,4400,6400,L,2021-2
NORD-OVEST,LOMBARDIA,MI,3015146,C1AA, ,F205,MILANO,B,B17,MI00004767,10,Laboratori,NORMALE,P,1500,2000,L,2021-2
NORD-OVEST,LOMBARDIA,MI,3015146,C1AA, ,F205,MILANO,B,B18,MI00004768,20,Abitazioni civili,OTTIMO, ,6800,10000,L,2021-2
NORD-OVEST,LOMBARDIA,MI,3015146,C1AA, ,F205,MILANO,B,B18,MI00004768,20,Abitazioni civili,NORMALE,P,5000,6700,L,2021-2
NORD-OVEST,LOMBARDIA,MI,3015146,C1AA, ,F205,MILANO,B,B18,MI00004768,21,Abitazioni di tipo economico,NORMALE, ,3700,4800,L,2021-2
NORD-OVEST,LOMBARDIA,MI,3015146,C1AA, ,F205,MILANO,B,B18,MI00004768,21,Abitazioni di tipo economico,OTTIMO,P,4800,6000,L,2021-2
NORD-OVEST,LOMBARDIA,MI,3015146,C1AA, ,F205,MILANO,B,B18,MI00004768,13,Box,NORMALE,P,2900,4300,L,2021-2
NORD-OVEST,LOMBARDIA,MI,3015146,C1AA, ,F205,MILANO,B,B18,MI00004768,9,Magazzini,NORMALE,P,1100,1500,L,2021-2
NORD-OVEST,LOMBARDIA,MI,3015146,C1AA, ,F205,MILANO,B,B18,MI00004768,5,Negozi,OTTIMO, ,5900,9000,L,2021-2
NORD-OVEST,LOMBARDIA,MI,3015146,C1AA, ,F205,MILANO,B,B18,MI00004768,5,Negozi,NORMALE,P,4200,5800,L,2021-2
NORD-OVEST,LOMBARDIA,MI,3015146,C1AA, ,F205,MILANO,B,B18,MI00004768,6,Uffici,OTTIMO,P,4400,6500,L,2021-2
NORD-OVEST,LOMBARDIA,MI,3015146,C1AA, ,F205,MILANO,B,B18,MI00004768,18,Uffici strutturati,OTTIMO,P,4800,6700,L,2021-2
NORD-OVEST,LOMBARDIA,MI,3015146,C1AA, ,F205,MILANO,B,B18,MI00004768,10,Laboratori,NORMALE,P,1950,2550,L,2021-2
NORD-OVEST,LOMBARDIA,MI,3015146,C1AA, ,F205,MILANO,B,B19,MI00004769,20,Abitazioni civili,OTTIMO, ,7100,9300,L,2021-2
NORD-OVEST,LOMBARDIA,MI,3015146,C1AA, ,F205,MILANO,B,B19,MI00004769,20,Abitazioni civili,NORMALE,P,5300,7000,L,2021-2
NORD-OVEST,LOMBARDIA,MI,3015146,C1AA, ,F205,MILANO,B,B19,MI00004769,21,Abitazioni di tipo economico,NORMALE,P,4000,4600,L,2021-2
NORD-OVEST,LOMBARDIA,MI,3015146,C1AA, ,F205,MILANO,B,B19,MI00004769,21,Abitazioni di tipo economico,OTTIMO, ,4700,6400,L,2021-2
NORD-OVEST,LOMBARDIA,MI,3015146,C1AA, ,F205,MILANO,B,B19,MI00004769,19,Abitazioni signorili,OTTIMO,P,8000,10500,L,2021-2
NORD-OVEST,LOMBARDIA,MI,3015146,C1AA, ,F205,MILANO,B,B19,MI00004769,13,Box,NORMALE,P,2900,4600,L,2021-2
NORD-OVEST,LOMBARDIA,MI,3015146,C1AA, ,F205,MILANO,B,B19,MI00004769,9,Magazzini,NORMALE,P,1050,1350,L,2021-2
NORD-OVEST,LOMBARDIA,MI,3015146,C1AA, ,F205,MILANO,B,B19,MI00004769,5,Negozi,OTTIMO,P,5100,6800,L,2021-2
NORD-OVEST,LOMBARDIA,MI,3015146,C1AA, ,F205,MILANO,B,B19,MI00004769,5,Negozi,NORMALE, ,3300,5000,L,2021-2
NORD-OVEST,LOMBARDIA,MI,3015146,C1AA, ,F205,MILANO,B,B19,MI00004769,6,Uffici,OTTIMO,P,4400,6300,L,2021-2
NORD-OVEST,LOMBARDIA,MI,3015146,C1AA, ,F205,MILANO,B,B19,MI00004769,18,Uffici strutturati,OTTIMO,P,4900,6700,L,2021-2
NORD-OVEST,LOMBARDIA,MI,3015146,C1AA, ,F205,MILANO,B,B19,MI00004769,10,Laboratori,NORMALE,P,1400,2100,L,2021-2
NORD-OVEST,LOMBARDIA,MI,3015146,C1AA, ,F205,MILANO,B,B20,MI00004770,20,Abitazioni civili,OTTIMO, ,5700,7500,L,2021-2
NORD-OVEST,LOMBARDIA,MI,3015146,C1AA, ,F205,MILANO,B,B20,MI00004770,20,Abitazioni civili,NORMALE,P,4500,5600,L,2021-2
NORD-OVEST,LOMBARDIA,MI,3015146,C1AA, ,F205,MILANO,B,B20,MI00004770,21,Abitazioni di tipo economico,NORMALE,P,3800,4500,L,2021-2
NORD-OVEST,LOMBARDIA,MI,3015146,C1AA, ,F205,MILANO,B,B20,MI00004770,21,Abitazioni di tipo economico,OTTIMO, ,4600,5600,L,2021-2
NORD-OVEST,LOMBARDIA,MI,3015146,C1AA, ,F205,MILANO,B,B20,MI00004770,13,Box,NORMALE,P,2550,3500,L,2021-2
NORD-OVEST,LOMBARDIA,MI,3015146,C1AA, ,F205,MILANO,B,B20,MI00004770,9,Magazzini,NORMALE,P,800,1000,L,2021-2
NORD-OVEST,LOMBARDIA,MI,3015146,C1AA, ,F205,MILANO,B,B20,MI00004770,5,Negozi,OTTIMO, ,3800,5800,L,2021-2
NORD-OVEST,LOMBARDIA,MI,3015146,C1AA, ,F205,MILANO,B,B20,MI00004770,5,Negozi,NORMALE,P,2600,3700,L,2021-2
NORD-OVEST,LOMBARDIA,MI,3015146,C1AA, ,F205,MILANO,B,B20,MI00004770,6,Uffici,OTTIMO,P,2900,4400,L,2021-2
NORD-OVEST,LOMBARDIA,MI,3015146,C1AA, ,F205,MILANO,B,B20,MI00004770,18,Uffici strutturati,OTTIMO,P,3100,4900,L,2021-2
NORD-OVEST,LOMBARDIA,MI,3015146,C1AA, ,F205,MILANO,B,B20,MI00004770,10,Laboratori,NORMALE,P,1100,1800,L,2021-2
NORD-OVEST,LOMBARDIA,MI,3015146,C1AA, ,F205,MILANO,B,B21,MI00004771,20,Abitazioni civili,OTTIMO, ,5600,7600,L,2021-2
NORD-OVEST,LOMBARDIA,MI,3015146,C1AA, ,F205,MILANO,B,B21,MI00004771,20,Abitazioni civili,NORMALE,P,4200,5500,L,2021-2
NORD-OVEST,LOMBARDIA,MI,3015146,C1AA, ,F205,MILANO,B,B21,MI00004771,21,Abitazioni di tipo economico,OTTIMO, ,4300,5200,L,2021-2
NORD-OVEST,LOMBARDIA,MI,3015146,C1AA, ,F205,MILANO,B,B21,MI00004771,21,Abitazioni di tipo economico,NORMALE,P,3200,4100,L,2021-2
NORD-OVEST,LOMBARDIA,MI,3015146,C1AA, ,F205,MILANO,B,B21,MI00004771,13,Box,NORMALE,P,2050,3200,L,2021-2
NORD-OVEST,LOMBARDIA,MI,3015146,C1AA, ,F205,MILANO,B,B21,MI00004771,9,Magazzini,NORMALE,P,650,900,L,2021-2
NORD-OVEST,LOMBARDIA,MI,3015146,C1AA, ,F205,MILANO,B,B21,MI00004771,5,Negozi,OTTIMO, ,3800,5700,L,2021-2
NORD-OVEST,LOMBARDIA,MI,3015146,C1AA, ,F205,MILANO,B,B21,MI00004771,5,Negozi,NORMALE,P,2500,3700,L,2021-2
NORD-OVEST,LOMBARDIA,MI,3015146,C1AA, ,F205,MILANO,B,B21,MI00004771,6,Uffici,OTTIMO,P,2900,4300,L,2021-2
NORD-OVEST,LOMBARDIA,MI,3015146,C1AA, ,F205,MILANO,B,B21,MI00004771,18,Uffici strutturati,OTTIMO,P,3400,5000,L,2021-2
NORD-OVEST,LOMBARDIA,MI,3015146,C1AA, ,F205,MILANO,B,B21,MI00004771,10,Laboratori,NORMALE,P,1250,1700,L,2021-2
NORD-OVEST,LOMBARDIA,MI,3015146,C1AA, ,F205,MILANO,C,C12,MI00000307,20,Abitazioni civili,OTTIMO, ,5600,7100,L,2021-2
NORD-OVEST,LOMBARDIA,MI,3015146,C1AA, ,F205,MILANO,C,C12,MI00000307,20,Abitazioni civili,NORMALE,P,4200,5500,L,2021-2
NORD-OVEST,LOMBARDIA,MI,3015146,C1AA, ,F205,MILANO,C,C12,MI00000307,21,Abitazioni di tipo economico,OTTIMO, ,4000,5400,L,2021-2
NORD-OVEST,LOMBARDIA,MI,3015146,C1AA, ,F205,MILANO,C,C12,MI00000307,21,Abitazioni di tipo economico,NORMALE,P,2900,3900,L,2021-2
NORD-OVEST,LOMBARDIA,MI,3015146,C1AA, ,F205,MILANO,C,C12,MI00000307,13,Box,NORMALE,P,2400,3400,L,2021-2
NORD-OVEST,LOMBARDIA,MI,3015146,C1AA, ,F205,MILANO,C,C12,MI00000307,9,Magazzini,NORMALE,P,700,1150,L,2021-2
NORD-OVEST,LOMBARDIA,MI,3015146,C1AA, ,F205,MILANO,C,C12,MI00000307,5,Negozi,OTTIMO,P,5100,8200,L,2021-2
NORD-OVEST,LOMBARDIA,MI,3015146,C1AA, ,F205,MILANO,C,C12,MI00000307,5,Negozi,NORMALE, ,2800,4300,L,2021-2
NORD-OVEST,LOMBARDIA,MI,3015146,C1AA, ,F205,MILANO,C,C12,MI00000307,6,Uffici,OTTIMO,P,3200,4500,L,2021-2
NORD-OVEST,LOMBARDIA,MI,3015146,C1AA, ,F205,MILANO,C,C12,MI00000307,18,Uffici strutturati,OTTIMO,P,3800,5300,L,2021-2
NORD-OVEST,LOMBARDIA,MI,3015146,C1AA, ,F205,MILANO,C,C12,MI00000307,8,Capannoni industriali,NORMALE,P,900,1100,L,2021-2
NORD-OVEST,LOMBARDIA,MI,3015146,C1AA, ,F205,MILANO,C,C12,MI00000307,7,Capannoni tipici,NORMALE,P,950,1200,L,2021-2
NORD-OVEST,LOMBARDIA,MI,3015146,C1AA, ,F205,MILANO,C,C12,MI00000307,10,Laboratori,NORMALE,P,1350,1850,L,2021-2
NORD-OVEST,LOMBARDIA,MI,3015146,C1AA, ,F205,MILANO,C,C13,MI00003667,20,Abitazioni civili,OTTIMO,P,7600,10000,L,2021-2
NORD-OVEST,LOMBARDIA,MI,3015146,C1AA, ,F205,MILANO,C,C13,MI00003667,19,Abitazioni signorili,OTTIMO,P,9100,11000,L,2021-2
NORD-OVEST,LOMBARDIA,MI,3015146,C1AA, ,F205,MILANO,C,C13,MI00003667,13,Box,NORMALE,P,2200,3000,L,2021-2
NORD-OVEST,LOMBARDIA,MI,3015146,C1AA, ,F205,MILANO,C,C14,MI00003668,20,Abitazioni civili,NORMALE, ,3500,5500,L,2021-2
NORD-OVEST,LOMBARDIA,MI,3015146,C1AA, ,F205,MILANO,C,C14,MI00003668,20,Abitazioni civili,OTTIMO,P,8200,12500,L,2021-2
NORD-OVEST,LOMBARDIA,MI,3015146,C1AA, ,F205,MILANO,C,C14,MI00003668,19,Abitazioni signorili,OTTIMO,P,11700,15000,L,2021-2
NORD-OVEST,LOMBARDIA,MI,3015146,C1AA, ,F205,MILANO,C,C14,MI00003668,13,Box,NORMALE,P,2300,3200,L,2021-2
NORD-OVEST,LOMBARDIA,MI,3015146,C1AA, ,F205,MILANO,C,C14,MI00003668,18,Uffici strutturati,OTTIMO,P,6400,8000,L,2021-2
NORD-OVEST,LOMBARDIA,MI,3015146,C1AA, ,F205,MILANO,C,C15,MI00003669,20,Abitazioni civili,OTTIMO, ,4600,5600,L,2021-2
NORD-OVEST,LOMBARDIA,MI,3015146,C1AA, ,F205,MILANO,C,C15,MI00003669,20,Abitazioni civili,NORMALE,P,3200,4500,L,2021-2
NORD-OVEST,LOMBARDIA,MI,3015146,C1AA, ,F205,MILANO,C,C15,MI00003669,21,Abitazioni di tipo economico,OTTIMO, ,2600,3600,L,2021-2
NORD-OVEST,LOMBARDIA,MI,3015146,C1AA, ,F205,MILANO,C,C15,MI00003669,21,Abitazioni di tipo economico,NORMALE,P,1900,2500,L,2021-2
NORD-OVEST,LOMBARDIA,MI,3015146,C1AA, ,F205,MILANO,C,C15,MI00003669,13,Box,NORMALE,P,1500,2300,L,2021-2
NORD-OVEST,LOMBARDIA,MI,3015146,C1AA, ,F205,MILANO,C,C15,MI00003669,1,Ville e Villini,NORMALE,P,3200,4600,L,2021-2
NORD-OVEST,LOMBARDIA,MI,3015146,C1AA, ,F205,MILANO,C,C15,MI00003669,1,Ville e Villini,OTTIMO, ,4700,5700,L,2021-2
NORD-OVEST,LOMBARDIA,MI,3015146,C1AA, ,F205,MILANO,C,C15,MI00003669,9,Magazzini,NORMALE,P,750,900,L,2021-2
NORD-OVEST,LOMBARDIA,MI,3015146,C1AA, ,F205,MILANO,C,C15,MI00003669,5,Negozi,OTTIMO, ,2500,3900,L,2021-2
NORD-OVEST,LOMBARDIA,MI,3015146,C1AA, ,F205,MILANO,C,C15,MI00003669,5,Negozi,NORMALE,P,1800,2450,L,2021-2
NORD-OVEST,LOMBARDIA,MI,3015146,C1AA, ,F205,MILANO,C,C15,MI00003669,6,Uffici,OTTIMO,P,2000,3100,L,2021-2
NORD-OVEST,LOMBARDIA,MI,3015146,C1AA, ,F205,MILANO,C,C15,MI00003669,18,Uffici strutturati,OTTIMO,P,2700,3800,L,2021-2
NORD-OVEST,LOMBARDIA,MI,3015146,C1AA, ,F205,MILANO,C,C15,MI00003669,8,Capannoni industriali,NORMALE,P,900,1100,L,2021-2
NORD-OVEST,LOMBARDIA,MI,3015146,C1AA, ,F205,MILANO,C,C15,MI00003669,7,Capannoni tipici,NORMALE,P,900,1200,L,2021-2
NORD-OVEST,LOMBARDIA,MI,3015146,C1AA, ,F205,MILANO,C,C15,MI00003669,10,Laboratori,NORMALE,P,1100,1300,L,2021-2
NORD-OVEST,LOMBARDIA,MI,3015146,C1AA, ,F205,MILANO,C,C16,MI00004772,20,Abitazioni civili,OTTIMO, ,4500,6500,L,2021-2
NORD-OVEST,LOMBARDIA,MI,3015146,C1AA, ,F205,MILANO,C,C16,MI00004772,20,Abitazioni civili,NORMALE,P,3200,4300,L,2021-2
NORD-OVEST,LOMBARDIA,MI,3015146,C1AA, ,F205,MILANO,C,C16,MI00004772,21,Abitazioni di tipo economico,OTTIMO, ,2800,3600,L,2021-2
NORD-OVEST,LOMBARDIA,MI,3015146,C1AA, ,F205,MILANO,C,C16,MI00004772,21,Abitazioni di tipo economico,NORMALE,P,2000,2700,L,2021-2
NORD-OVEST,LOMBARDIA,MI,3015146,C1AA, ,F205,MILANO,C,C16,MI00004772,13,Box,NORMALE,P,1850,3000,L,2021-2
NORD-OVEST,LOMBARDIA,MI,3015146,C1AA, ,F205,MILANO,C,C16,MI00004772,9,Magazzini,NORMALE,P,700,950,L,2021-2
NORD-OVEST,LOMBARDIA,MI,3015146,C1AA, ,F205,MILANO,C,C16,MI00004772,5,Negozi,OTTIMO, ,3600,5400,L,2021-2
NORD-OVEST,LOMBARDIA,MI,3015146,C1AA, ,F205,MILANO,C,C16,MI00004772,5,Negozi,NORMALE,P,1900,3500,L,2021-2
NORD-OVEST,LOMBARDIA,MI,3015146,C1AA, ,F205,MILANO,C,C16,MI00004772,6,Uffici,OTTIMO,P,2100,3500,L,2021-2
NORD-OVEST,LOMBARDIA,MI,3015146,C1AA, ,F205,MILANO,C,C16,MI00004772,18,Uffici strutturati,OTTIMO,P,2600,4100,L,2021-2
NORD-OVEST,LOMBARDIA,MI,3015146,C1AA, ,F205,MILANO,C,C16,MI00004772,8,Capannoni industriali,NORMALE,P,800,1000,L,2021-2
NORD-OVEST,LOMBARDIA,MI,3015146,C1AA, ,F205,MILANO,C,C16,MI00004772,7,Capannoni tipici,NORMALE,P,850,1050,L,2021-2
NORD-OVEST,LOMBARDIA,MI,3015146,C1AA, ,F205,MILANO,C,C16,MI00004772,10,Laboratori,NORMALE,P,1100,1600,L,2021-2
NORD-OVEST,LOMBARDIA,MI,3015146,C1AA, ,F205,MILANO,C,C17,MI00004773,20,Abitazioni civili,NORMALE,P,3800,4600,L,2021-2
NORD-OVEST,LOMBARDIA,MI,3015146,C1AA, ,F205,MILANO,C,C17,MI00004773,20,Abitazioni civili,OTTIMO, ,4700,7200,L,2021-2
NORD-OVEST,LOMBARDIA,MI,3015146,C1AA, ,F205,MILANO,C,C17,MI00004773,21,Abitazioni di tipo economico,OTTIMO, ,3800,4500,L,2021-2
NORD-OVEST,LOMBARDIA,MI,3015146,C1AA, ,F205,MILANO,C,C17,MI00004773,21,Abitazioni di tipo economico,NORMALE,P,2700,3700,L,2021-2
NORD-OVEST,LOMBARDIA,MI,3015146,C1AA, ,F205,MILANO,C,C17,MI00004773,19,Abitazioni signorili,OTTIMO,P,5700,7600,L,2021-2
NORD-OVEST,LOMBARDIA,MI,3015146,C1AA, ,F205,MILANO,C,C17,MI00004773,13,Box,NORMALE,P,2200,3200,L,2021-2
NORD-OVEST,LOMBARDIA,MI,3015146,C1AA, ,F205,MILANO,C,C17,MI00004773,1,Ville e Villini,OTTIMO,P,6100,7300,L,2021-2
NORD-OVEST,LOMBARDIA,MI,3015146,C1AA, ,F205,MILANO,C,C17,MI00004773,9,Magazzini,NORMALE,P,700,850,L,2021-2
NORD-OVEST,LOMBARDIA,MI,3015146,C1AA, ,F205,MILANO,C,C17,MI00004773,5,Negozi,OTTIMO, ,3600,5200,L,2021-2
NORD-OVEST,LOMBARDIA,MI,3015146,C1AA, ,F205,MILANO,C,C17,MI00004773,5,Negozi,NORMALE,P,2500,3500,L,2021-2
NORD-OVEST,LOMBARDIA,MI,3015146,C1AA, ,F205,MILANO,C,C17,MI00004773,6,Uffici,OTTIMO,P,2400,3800,L,2021-2
NORD-OVEST,LOMBARDIA,MI,3015146,C1AA, ,F205,MILANO,C,C17,MI00004773,18,Uffici strutturati,OTTIMO,P,2900,4400,L,2021-2
NORD-OVEST,LOMBARDIA,MI,3015146,C1AA, ,F205,MILANO,C,C17,MI00004773,8,Capannoni industriali,NORMALE,P,800,950,L,2021-2
NORD-OVEST,LOMBARDIA,MI,3015146,C1AA, ,F205,MILANO,C,C17,MI00004773,7,Capannoni tipici,NORMALE,P,900,1100,L,2021-2
NORD-OVEST,LOMBARDIA,MI,3015146,C1AA, ,F205,MILANO,C,C17,MI00004773,10,Laboratori,NORMALE,P,950,1400,L,2021-2
NORD-OVEST,LOMBARDIA,MI,3015146,C1AA, ,F205,MILANO,C,C18,MI00004774,20,Abitazioni civili,OTTIMO, ,4400,6500,L,2021-2
NORD-OVEST,LOMBARDIA,MI,3015146,C1AA, ,F205,MILANO,C,C18,MI00004774,20,Abitazioni civili,NORMALE,P,3000,4300,L,2021-2
NORD-OVEST,LOMBARDIA,MI,3015146,C1AA, ,F205,MILANO,C,C18,MI00004774,21,Abitazioni di tipo economico,OTTIMO, ,3300,3600,L,2021-2
NORD-OVEST,LOMBARDIA,MI,3015146,C1AA, ,F205,MILANO,C,C18,MI00004774,21,Abitazioni di tipo economico,NORMALE,P,2500,3200,L,2021-2
NORD-OVEST,LOMBARDIA,MI,3015146,C1AA, ,F205,MILANO,C,C18,MI00004774,13,Box,NORMALE,P,1900,3000,L,2021-2
NORD-OVEST,LOMBARDIA,MI,3015146,C1AA, ,F205,MILANO,C,C18,MI00004774,9,Magazzini,NORMALE,P,650,850,L,2021-2
NORD-OVEST,LOMBARDIA,MI,3015146,C1AA, ,F205,MILANO,C,C18,MI00004774,5,Negozi,OTTIMO,P,3900,5500,L,2021-2
NORD-OVEST,LOMBARDIA,MI,3015146,C1AA, ,F205,MILANO,C,C18,MI00004774,5,Negozi,NORMALE, ,2400,3300,L,2021-2
NORD-OVEST,LOMBARDIA,MI,3015146,C1AA, ,F205,MILANO,C,C18,MI00004774,6,Uffici,OTTIMO,P,1900,2900,L,2021-2
NORD-OVEST,LOMBARDIA,MI,3015146,C1AA, ,F205,MILANO,C,C18,MI00004774,18,Uffici strutturati,OTTIMO,P,2100,3300,L,2021-2
NORD-OVEST,LOMBARDIA,MI,3015146,C1AA, ,F205,MILANO,C,C18,MI00004774,8,Capannoni industriali,NORMALE,P,700,900,L,2021-2
NORD-OVEST,LOMBARDIA,MI,3015146,C1AA, ,F205,MILANO,C,C18,MI00004774,7,Capannoni tipici,NORMALE,P,800,1000,L,2021-2
NORD-OVEST,LOMBARDIA,MI,3015146,C1AA, ,F205,MILANO,C,C18,MI00004774,10,Laboratori,NORMALE,P,850,1400,L,2021-2
NORD-OVEST,LOMBARDIA,MI,3015146,C1AA, ,F205,MILANO,C,C19,MI00004775,20,Abitazioni civili,OTTIMO, ,4500,6400,L,2021-2
NORD-OVEST,LOMBARDIA,MI,3015146,C1AA, ,F205,MILANO,C,C19,MI00004775,20,Abitazioni civili,NORMALE,P,3400,4400,L,2021-2
NORD-OVEST,LOMBARDIA,MI,3015146,C1AA, ,F205,MILANO,C,C19,MI00004775,21,Abitazioni di tipo economico,NORMALE,P,2300,2900,L,2021-2
NORD-OVEST,LOMBARDIA,MI,3015146,C1AA, ,F205,MILANO,C,C19,MI00004775,21,Abitazioni di tipo economico,OTTIMO, ,3000,3800,L,2021-2
NORD-OVEST,LOMBARDIA,MI,3015146,C1AA, ,F205,MILANO,C,C19,MI00004775,13,Box,NORMALE,P,1700,2500,L,2021-2
NORD-OVEST,LOMBARDIA,MI,3015146,C1AA, ,F205,MILANO,C,C19,MI00004775,9,Magazzini,NORMALE,P,600,850,L,2021-2
NORD-OVEST,LOMBARDIA,MI,3015146,C1AA, ,F205,MILANO,C,C19,MI00004775,5,Negozi,OTTIMO, ,2800,3700,L,2021-2
NORD-OVEST,LOMBARDIA,MI,3015146,C1AA, ,F205,MILANO,C,C19,MI00004775,5,Negozi,NORMALE,P,2100,2700,L,2021-2
NORD-OVEST,LOMBARDIA,MI,3015146,C1AA, ,F205,MILANO,C,C19,MI00004775,6,Uffici,OTTIMO,P,2100,2900,L,2021-2
NORD-OVEST,LOMBARDIA,MI,3015146,C1AA, ,F205,MILANO,C,C19,MI00004775,18,Uffici strutturati,OTTIMO,P,2400,3200,L,2021-2
NORD-OVEST,LOMBARDIA,MI,3015146,C1AA, ,F205,MILANO,C,C19,MI00004775,8,Capannoni industriali,NORMALE,P,800,950,L,2021-2
NORD-OVEST,LOMBARDIA,MI,3015146,C1AA, ,F205,MILANO,C,C19,MI00004775,7,Capannoni tipici,NORMALE,P,800,1000,L,2021-2
NORD-OVEST,LOMBARDIA,MI,3015146,C1AA, ,F205,MILANO,C,C19,MI00004775,10,Laboratori,NORMALE,P,1050,1400,L,2021-2
NORD-OVEST,LOMBARDIA,MI,3015146,C1AA, ,F205,MILANO,C,C20,MI00004776,20,Abitazioni civili,OTTIMO, ,4700,7600,L,2021-2
NORD-OVEST,LOMBARDIA,MI,3015146,C1AA, ,F205,MILANO,C,C20,MI00004776,20,Abitazioni civili,NORMALE,P,3400,4600,L,2021-2
NORD-OVEST,LOMBARDIA,MI,3015146,C1AA, ,F205,MILANO,C,C20,MI00004776,21,Abitazioni di tipo economico,OTTIMO, ,3400,4500,L,2021-2
NORD-OVEST,LOMBARDIA,MI,3015146,C1AA, ,F205,MILANO,C,C20,MI00004776,21,Abitazioni di tipo economico,NORMALE,P,2700,3400,L,2021-2
NORD-OVEST,LOMBARDIA,MI,3015146,C1AA, ,F205,MILANO,C,C20,MI00004776,13,Box,NORMALE,P,2100,3200,L,2021-2
NORD-OVEST,LOMBARDIA,MI,3015146,C1AA, ,F205,MILANO,C,C20,MI00004776,9,Magazzini,NORMALE,P,550,750,L,2021-2
NORD-OVEST,LOMBARDIA,MI,3015146,C1AA, ,F205,MILANO,C,C20,MI00004776,5,Negozi,OTTIMO, ,2900,5000,L,2021-2
NORD-OVEST,LOMBARDIA,MI,3015146,C1AA, ,F205,MILANO,C,C20,MI00004776,5,Negozi,NORMALE,P,2200,2800,L,2021-2
NORD-OVEST,LOMBARDIA,MI,3015146,C1AA, ,F205,MILANO,C,C20,MI00004776,6,Uffici,OTTIMO,P,2800,3900,L,2021-2
NORD-OVEST,LOMBARDIA,MI,3015146,C1AA, ,F205,MILANO,C,C20,MI00004776,18,Uffici strutturati,OTTIMO,P,3100,4800,L,2021-2
NORD-OVEST,LOMBARDIA,MI,3015146,C1AA, ,F205,MILANO,C,C20,MI00004776,8,Capannoni industriali,NORMALE,P,850,1050,L,2021-2
NORD-OVEST,LOMBARDIA,MI,3015146,C1AA, ,F205,MILANO,C,C20,MI00004776,7,Capannoni tipici,NORMALE,P,950,1200,L,2021-2
NORD-OVEST,LOMBARDIA,MI,3015146,C1AA, ,F205,MILANO,C,C20,MI00004776,10,Laboratori,NORMALE,P,1050,1600,L,2021-2
NORD-OVEST,LOMBARDIA,MI,3015146,C1AA, ,F205,MILANO,D,D10,MI00000317,20,Abitazioni civili,OTTIMO, ,2850,4000,L,2021-2
NORD-OVEST,LOMBARDIA,MI,3015146,C1AA, ,F205,MILANO,D,D10,MI00000317,20,Abitazioni civili,NORMALE,P,2000,2800,L,2021-2
NORD-OVEST,LOMBARDIA,MI,3015146,C1AA, ,F205,MILANO,D,D10,MI00000317,21,Abitazioni di tipo economico,NORMALE,P,1600,1800,L,2021-2
NORD-OVEST,LOMBARDIA,MI,3015146,C1AA, ,F205,MILANO,D,D10,MI00000317,21,Abitazioni di tipo economico,OTTIMO, ,1800,2350,L,2021-2
NORD-OVEST,LOMBARDIA,MI,3015146,C1AA, ,F205,MILANO,D,D10,MI00000317,13,Box,NORMALE,P,1400,2100,L,2021-2
NORD-OVEST,LOMBARDIA,MI,3015146,C1AA, ,F205,MILANO,D,D10,MI00000317,9,Magazzini,NORMALE,P,400,600,L,2021-2
NORD-OVEST,LOMBARDIA,MI,3015146,C1AA, ,F205,MILANO,D,D10,MI00000317,5,Negozi,NORMALE,P,1400,2250,L,2021-2
NORD-OVEST,LOMBARDIA,MI,3015146,C1AA, ,F205,MILANO,D,D10,MI00000317,6,Uffici,OTTIMO,P,1300,2200,L,2021-2
NORD-OVEST,LOMBARDIA,MI,3015146,C1AA, ,F205,MILANO,D,D10,MI00000317,18,Uffici strutturati,OTTIMO,P,1650,2500,L,2021-2
NORD-OVEST,LOMBARDIA,MI,3015146,C1AA, ,F205,MILANO,D,D10,MI00000317,8,Capannoni industriali,OTTIMO,P,700,1000,L,2021-2
NORD-OVEST,LOMBARDIA,MI,3015146,C1AA, ,F205,MILANO,D,D10,MI00000317,7,Capannoni tipici,OTTIMO,P,750,1000,L,2021-2
NORD-OVEST,LOMBARDIA,MI,3015146,C1AA, ,F205,MILANO,D,D10,MI00000317,10,Laboratori,NORMALE,P,600,1000,L,2021-2
NORD-OVEST,LOMBARDIA,MI,3015146,C1AA, ,F205,MILANO,D,D12,MI00000319,20,Abitazioni civili,NORMALE,P,2650,3900,L,2021-2
NORD-OVEST,LOMBARDIA,MI,3015146,C1AA, ,F205,MILANO,D,D12,MI00000319,20,Abitazioni civili,OTTIMO, ,4000,6000,L,2021-2
NORD-OVEST,LOMBARDIA,MI,3015146,C1AA, ,F205,MILANO,D,D12,MI00000319,21,Abitazioni di tipo economico,OTTIMO, ,2400,3200,L,2021-2
NORD-OVEST,LOMBARDIA,MI,3015146,C1AA, ,F205,MILANO,D,D12,MI00000319,21,Abitazioni di tipo economico,NORMALE,P,1850,2350,L,2021-2
NORD-OVEST,LOMBARDIA,MI,3015146,C1AA, ,F205,MILANO,D,D12,MI00000319,13,Box,NORMALE,P,1800,2800,L,2021-2
NORD-OVEST,LOMBARDIA,MI,3015146,C1AA, ,F205,MILANO,D,D12,MI00000319,1,Ville e Villini,NORMALE,P,2700,4000,L,2021-2
NORD-OVEST,LOMBARDIA,MI,3015146,C1AA, ,F205,MILANO,D,D12,MI00000319,1,Ville e Villini,OTTIMO, ,4100,6100,L,2021-2
NORD-OVEST,LOMBARDIA,MI,3015146,C1AA, ,F205,MILANO,D,D12,MI00000319,9,Magazzini,NORMALE,P,450,600,L,2021-2
NORD-OVEST,LOMBARDIA,MI,3015146,C1AA, ,F205,MILANO,D,D12,MI00000319,5,Negozi,OTTIMO, ,2400,4200,L,2021-2
NORD-OVEST,LOMBARDIA,MI,3015146,C1AA, ,F205,MILANO,D,D12,MI00000319,5,Negozi,NORMALE,P,1600,2350,L,2021-2
NORD-OVEST,LOMBARDIA,MI,3015146,C1AA, ,F205,MILANO,D,D12,MI00000319,6,Uffici,OTTIMO,P,1800,3200,L,2021-2
NORD-OVEST,LOMBARDIA,MI,3015146,C1AA, ,F205,MILANO,D,D12,MI00000319,18,Uffici strutturati,OTTIMO,P,2300,3700,L,2021-2
NORD-OVEST,LOMBARDIA,MI,3015146,C1AA, ,F205,MILANO,D,D12,MI00000319,8,Capannoni industriali,OTTIMO,P,700,900,L,2021-2
NORD-OVEST,LOMBARDIA,MI,3015146,C1AA, ,F205,MILANO,D,D12,MI00000319,7,Capannoni tipici,OTTIMO,P,700,1000,L,2021-2
NORD-OVEST,LOMBARDIA,MI,3015146,C1AA, ,F205,MILANO,D,D12,MI00000319,10,Laboratori,NORMALE,P,750,1400,L,2021-2
NORD-OVEST,LOMBARDIA,MI,3015146,C1AA, ,F205,MILANO,D,D13,MI00000320,20,Abitazioni civili,OTTIMO, ,2700,3800,L,2021-2
NORD-OVEST,LOMBARDIA,MI,3015146,C1AA, ,F205,MILANO,D,D13,MI00000320,20,Abitazioni civili,NORMALE,P,1900,2650,L,2021-2
NORD-OVEST,LOMBARDIA,MI,3015146,C1AA, ,F205,MILANO,D,D13,MI00000320,21,Abitazioni di tipo economico,OTTIMO, ,1950,2400,L,2021-2
NORD-OVEST,LOMBARDIA,MI,3015146,C1AA, ,F205,MILANO,D,D13,MI00000320,21,Abitazioni di tipo economico,NORMALE,P,1650,1900,L,2021-2
NORD-OVEST,LOMBARDIA,MI,3015146,C1AA, ,F205,MILANO,D,D13,MI00000320,13,Box,NORMALE,P,1300,1850,L,2021-2
NORD-OVEST,LOMBARDIA,MI,3015146,C1AA, ,F205,MILANO,D,D13,MI00000320,9,Magazzini,NORMALE,P,400,500,L,2021-2
NORD-OVEST,LOMBARDIA,MI,3015146,C1AA, ,F205,MILANO,D,D13,MI00000320,5,Negozi,NORMALE,P,1200,2050,L,2021-2
NORD-OVEST,LOMBARDIA,MI,3015146,C1AA, ,F205,MILANO,D,D13,MI00000320,6,Uffici,OTTIMO,P,1600,2100,L,2021-2
NORD-OVEST,LOMBARDIA,MI,3015146,C1AA, ,F205,MILANO,D,D13,MI00000320,18,Uffici strutturati,OTTIMO,P,1700,2450,L,2021-2
NORD-OVEST,LOMBARDIA,MI,3015146,C1AA, ,F205,MILANO,D,D13,MI00000320,8,Capannoni industriali,OTTIMO,P,750,900,L,2021-2
NORD-OVEST,LOMBARDIA,MI,3015146,C1AA, ,F205,MILANO,D,D13,MI00000320,7,Capannoni tipici,OTTIMO,P,800,950,L,2021-2
NORD-OVEST,LOMBARDIA,MI,3015146,C1AA, ,F205,MILANO,D,D13,MI00000320,10,Laboratori,NORMALE,P,700,900,L,2021-2
NORD-OVEST,LOMBARDIA,MI,3015146,C1AA, ,F205,MILANO,D,D15,MI00000322,20,Abitazioni civili,OTTIMO, ,2650,3900,L,2021-2
NORD-OVEST,LOMBARDIA,MI,3015146,C1AA, ,F205,MILANO,D,D15,MI00000322,20,Abitazioni civili,NORMALE,P,1800,2550,L,2021-2
NORD-OVEST,LOMBARDIA,MI,3015146,C1AA, ,F205,MILANO,D,D15,MI00000322,21,Abitazioni di tipo economico,OTTIMO, ,1750,2200,L,2021-2
NORD-OVEST,LOMBARDIA,MI,3015146,C1AA, ,F205,MILANO,D,D15,MI00000322,21,Abitazioni di tipo economico,NORMALE,P,1300,1700,L,2021-2
NORD-OVEST,LOMBARDIA,MI,3015146,C1AA, ,F205,MILANO,D,D15,MI00000322,13,Box,NORMALE,P,1350,2000,L,2021-2
NORD-OVEST,LOMBARDIA,MI,3015146,C1AA, ,F205,MILANO,D,D15,MI00000322,9,Magazzini,NORMALE,P,450,600,L,2021-2
NORD-OVEST,LOMBARDIA,MI,3015146,C1AA, ,F205,MILANO,D,D15,MI00000322,5,Negozi,NORMALE,P,1100,1900,L,2021-2
NORD-OVEST,LOMBARDIA,MI,3015146,C1AA, ,F205,MILANO,D,D15,MI00000322,6,Uffici,OTTIMO,P,1300,1950,L,2021-2
NORD-OVEST,LOMBARDIA,MI,3015146,C1AA, ,F205,MILANO,D,D15,MI00000322,18,Uffici strutturati,OTTIMO,P,1650,2650,L,2021-2
NORD-OVEST,LOMBARDIA,MI,3015146,C1AA, ,F205,MILANO,D,D15,MI00000322,8,Capannoni industriali,OTTIMO,P,650,900,L,2021-2
NORD-OVEST,LOMBARDIA,MI,3015146,C1AA, ,F205,MILANO,D,D15,MI00000322,7,Capannoni tipici,OTTIMO,P,700,950,L,2021-2
NORD-OVEST,LOMBARDIA,MI,3015146,C1AA, ,F205,MILANO,D,D15,MI00000322,10,Laboratori,NORMALE,P,600,1100,L,2021-2
NORD-OVEST,LOMBARDIA,MI,3015146,C1AA, ,F205,MILANO,D,D16,MI00000323,20,Abitazioni civili,OTTIMO, ,3100,5400,L,2021-2
NORD-OVEST,LOMBARDIA,MI,3015146,C1AA, ,F205,MILANO,D,D16,MI00000323,20,Abitazioni civili,NORMALE,P,2300,3000,L,2021-2
NORD-OVEST,LOMBARDIA,MI,3015146,C1AA, ,F205,MILANO,D,D16,MI00000323,21,Abitazioni di tipo economico,OTTIMO, ,2200,2600,L,2021-2
NORD-OVEST,LOMBARDIA,MI,3015146,C1AA, ,F205,MILANO,D,D16,MI00000323,21,Abitazioni di tipo economico,NORMALE,P,1500,2100,L,2021-2
NORD-OVEST,LOMBARDIA,MI,3015146,C1AA, ,F205,MILANO,D,D16,MI00000323,13,Box,NORMALE,P,1600,2300,L,2021-2
NORD-OVEST,LOMBARDIA,MI,3015146,C1AA, ,F205,MILANO,D,D16,MI00000323,9,Magazzini,NORMALE,P,400,600,L,2021-2
NORD-OVEST,LOMBARDIA,MI,3015146,C1AA, ,F205,MILANO,D,D16,MI00000323,5,Negozi,NORMALE,P,1450,2550,L,2021-2
NORD-OVEST,LOMBARDIA,MI,3015146,C1AA, ,F205,MILANO,D,D16,MI00000323,6,Uffici,OTTIMO,P,1400,2400,L,2021-2
NORD-OVEST,LOMBARDIA,MI,3015146,C1AA, ,F205,MILANO,D,D16,MI00000323,18,Uffici strutturati,OTTIMO,P,1750,3000,L,2021-2
NORD-OVEST,LOMBARDIA,MI,3015146,C1AA, ,F205,MILANO,D,D16,MI00000323,8,Capannoni industriali,OTTIMO,P,750,950,L,2021-2
NORD-OVEST,LOMBARDIA,MI,3015146,C1AA, ,F205,MILANO,D,D16,MI00000323,7,Capannoni tipici,OTTIMO,P,750,1000,L,2021-2
NORD-OVEST,LOMBARDIA,MI,3015146,C1AA, ,F205,MILANO,D,D16,MI00000323,10,Laboratori,NORMALE,P,700,1100,L,2021-2
NORD-OVEST,LOMBARDIA,MI,3015146,C1AA, ,F205,MILANO,D,D18,MI00000325,20,Abitazioni civili,OTTIMO, ,2700,4000,L,2021-2
NORD-OVEST,LOMBARDIA,MI,3015146,C1AA, ,F205,MILANO,D,D18,MI00000325,20,Abitazioni civili,NORMALE,P,1700,2650,L,2021-2
NORD-OVEST,LOMBARDIA,MI,3015146,C1AA, ,F205,MILANO,D,D18,MI00000325,21,Abitazioni di tipo economico,OTTIMO, ,1750,2400,L,2021-2
NORD-OVEST,LOMBARDIA,MI,3015146,C1AA, ,F205,MILANO,D,D18,MI00000325,21,Abitazioni di tipo economico,NORMALE,P,1500,1700,L,2021-2
NORD-OVEST,LOMBARDIA,MI,3015146,C1AA, ,F205,MILANO,D,D18,MI00000325,13,Box,NORMALE,P,1200,1900,L,2021-2
NORD-OVEST,LOMBARDIA,MI,3015146,C1AA, ,F205,MILANO,D,D18,MI00000325,9,Magazzini,NORMALE,P,400,600,L,2021-2
NORD-OVEST,LOMBARDIA,MI,3015146,C1AA, ,F205,MILANO,D,D18,MI00000325,5,Negozi,NORMALE,P,1100,1950,L,2021-2
NORD-OVEST,LOMBARDIA,MI,3015146,C1AA, ,F205,MILANO,D,D18,MI00000325,6,Uffici,OTTIMO,P,1200,1850,L,2021-2
NORD-OVEST,LOMBARDIA,MI,3015146,C1AA, ,F205,MILANO,D,D18,MI00000325,18,Uffici strutturati,OTTIMO,P,1550,2400,L,2021-2
NORD-OVEST,LOMBARDIA,MI,3015146,C1AA, ,F205,MILANO,D,D18,MI00000325,8,Capannoni industriali,OTTIMO,P,750,950,L,2021-2
NORD-OVEST,LOMBARDIA,MI,3015146,C1AA, ,F205,MILANO,D,D18,MI00000325,7,Capannoni tipici,OTTIMO,P,850,1100,L,2021-2
NORD-OVEST,LOMBARDIA,MI,3015146,C1AA, ,F205,MILANO,D,D18,MI00000325,10,Laboratori,NORMALE,P,750,1250,L,2021-2
NORD-OVEST,LOMBARDIA,MI,3015146,C1AA, ,F205,MILANO,D,D20,MI00000327,20,Abitazioni civili,OTTIMO, ,3200,5000,L,2021-2
NORD-OVEST,LOMBARDIA,MI,3015146,C1AA, ,F205,MILANO,D,D20,MI00000327,20,Abitazioni civili,NORMALE,P,2200,3100,L,2021-2
NORD-OVEST,LOMBARDIA,MI,3015146,C1AA, ,F205,MILANO,D,D20,MI00000327,21,Abitazioni di tipo economico,NORMALE,P,1700,2100,L,2021-2
NORD-OVEST,LOMBARDIA,MI,3015146,C1AA, ,F205,MILANO,D,D20,MI00000327,21,Abitazioni di tipo economico,OTTIMO, ,2200,2700,L,2021-2
NORD-OVEST,LOMBARDIA,MI,3015146,C1AA, ,F205,MILANO,D,D20,MI00000327,13,Box,NORMALE,P,1300,2000,L,2021-2
NORD-OVEST,LOMBARDIA,MI,3015146,C1AA, ,F205,MILANO,D,D20,MI00000327,9,Magazzini,NORMALE,P,400,600,L,2021-2
NORD-OVEST,LOMBARDIA,MI,3015146,C1AA, ,F205,MILANO,D,D20,MI00000327,5,Negozi,OTTIMO, ,1600,2500,L,2021-2
NORD-OVEST,LOMBARDIA,MI,3015146,C1AA, ,F205,MILANO,D,D20,MI00000327,5,Negozi,NORMALE,P,1100,1550,L,2021-2
NORD-OVEST,LOMBARDIA,MI,3015146,C1AA, ,F205,MILANO,D,D20,MI00000327,6,Uffici,OTTIMO,P,1400,2100,L,2021-2
NORD-OVEST,LOMBARDIA,MI,3015146,C1AA, ,F205,MILANO,D,D20,MI00000327,18,Uffici strutturati,OTTIMO,P,1700,2600,L,2021-2
NORD-OVEST,LOMBARDIA,MI,3015146,C1AA, ,F205,MILANO,D,D20,MI00000327,8,Capannoni industriali,OTTIMO,P,800,950,L,2021-2
NORD-OVEST,LOMBARDIA,MI,3015146,C1AA, ,F205,MILANO,D,D20,MI00000327,7,Capannoni tipici,OTTIMO,P,850,1000,L,2021-2
NORD-OVEST,LOMBARDIA,MI,3015146,C1AA, ,F205,MILANO,D,D20,MI00000327,10,Laboratori,NORMALE,P,800,1200,L,2021-2
NORD-OVEST,LOMBARDIA,MI,3015146,C1AA, ,F205,MILANO,D,D21,MI00000328,20,Abitazioni civili,OTTIMO, ,2700,4300,L,2021-2
NORD-OVEST,LOMBARDIA,MI,3015146,C1AA, ,F205,MILANO,D,D21,MI00000328,20,Abitazioni civili,NORMALE,P,2000,2600,L,2021-2
NORD-OVEST,LOMBARDIA,MI,3015146,C1AA, ,F205,MILANO,D,D21,MI00000328,21,Abitazioni di tipo economico,OTTIMO, ,2100,2650,L,2021-2
NORD-OVEST,LOMBARDIA,MI,3015146,C1AA, ,F205,MILANO,D,D21,MI00000328,21,Abitazioni di tipo economico,NORMALE,P,1550,2000,L,2021-2
NORD-OVEST,LOMBARDIA,MI,3015146,C1AA, ,F205,MILANO,D,D21,MI00000328,13,Box,NORMALE,P,1200,1750,L,2021-2
NORD-OVEST,LOMBARDIA,MI,3015146,C1AA, ,F205,MILANO,D,D21,MI00000328,9,Magazzini,NORMALE,P,400,550,L,2021-2
NORD-OVEST,LOMBARDIA,MI,3015146,C1AA, ,F205,MILANO,D,D21,MI00000328,5,Negozi,OTTIMO, ,2050,3000,L,2021-2
NORD-OVEST,LOMBARDIA,MI,3015146,C1AA, ,F205,MILANO,D,D21,MI00000328,5,Negozi,NORMALE,P,1150,1950,L,2021-2
NORD-OVEST,LOMBARDIA,MI,3015146,C1AA, ,F205,MILANO,D,D21,MI00000328,6,Uffici,OTTIMO,P,1500,2100,L,2021-2
NORD-OVEST,LOMBARDIA,MI,3015146,C1AA, ,F205,MILANO,D,D21,MI00000328,18,Uffici strutturati,OTTIMO,P,1900,2500,L,2021-2
NORD-OVEST,LOMBARDIA,MI,3015146,C1AA, ,F205,MILANO,D,D21,MI00000328,8,Capannoni industriali,OTTIMO,P,800,950,L,2021-2
NORD-OVEST,LOMBARDIA,MI,3015146,C1AA, ,F205,MILANO,D,D21,MI00000328,7,Capannoni tipici,OTTIMO,P,800,950,L,2021-2
NORD-OVEST,LOMBARDIA,MI,3015146,C1AA, ,F205,MILANO,D,D21,MI00000328,10,Laboratori,NORMALE,P,800,1250,L,2021-2
NORD-OVEST,LOMBARDIA,MI,3015146,C1AA, ,F205,MILANO,D,D24,MI00000331,20,Abitazioni civili,OTTIMO, ,3000,5000,L,2021-2
NORD-OVEST,LOMBARDIA,MI,3015146,C1AA, ,F205,MILANO,D,D24,MI00000331,20,Abitazioni civili,NORMALE,P,2000,2900,L,2021-2
NORD-OVEST,LOMBARDIA,MI,3015146,C1AA, ,F205,MILANO,D,D24,MI00000331,21,Abitazioni di tipo economico,OTTIMO,P,2200,2950,L,2021-2
NORD-OVEST,LOMBARDIA,MI,3015146,C1AA, ,F205,MILANO,D,D24,MI00000331,21,Abitazioni di tipo economico,NORMALE, ,1700,2100,L,2021-2
NORD-OVEST,LOMBARDIA,MI,3015146,C1AA, ,F205,MILANO,D,D24,MI00000331,13,Box,NORMALE,P,1600,2500,L,2021-2
NORD-OVEST,LOMBARDIA,MI,3015146,C1AA, ,F205,MILANO,D,D24,MI00000331,9,Magazzini,NORMALE,P,450,650,L,2021-2
NORD-OVEST,LOMBARDIA,MI,3015146,C1AA, ,F205,MILANO,D,D24,MI00000331,5,Negozi,OTTIMO, ,2150,3200,L,2021-2
NORD-OVEST,LOMBARDIA,MI,3015146,C1AA, ,F205,MILANO,D,D24,MI00000331,5,Negozi,NORMALE,P,1200,2150,L,2021-2
NORD-OVEST,LOMBARDIA,MI,3015146,C1AA, ,F205,MILANO,D,D24,MI00000331,6,Uffici,OTTIMO,P,1600,2700,L,2021-2
NORD-OVEST,LOMBARDIA,MI,3015146,C1AA, ,F205,MILANO,D,D24,MI00000331,18,Uffici strutturati,OTTIMO,P,1950,3200,L,2021-2
NORD-OVEST,LOMBARDIA,MI,3015146,C1AA, ,F205,MILANO,D,D24,MI00000331,8,Capannoni industriali,OTTIMO,P,650,850,L,2021-2
NORD-OVEST,LOMBARDIA,MI,3015146,C1AA, ,F205,MILANO,D,D24,MI00000331,7,Capannoni tipici,OTTIMO,P,650,900,L,2021-2
NORD-OVEST,LOMBARDIA,MI,3015146,C1AA, ,F205,MILANO,D,D24,MI00000331,10,Laboratori,NORMALE,P,700,1250,L,2021-2
NORD-OVEST,LOMBARDIA,MI,3015146,C1AA, ,F205,MILANO,D,D25,MI00000332,20,Abitazioni civili,OTTIMO, ,2700,3700,L,2021-2
NORD-OVEST,LOMBARDIA,MI,3015146,C1AA, ,F205,MILANO,D,D25,MI00000332,20,Abitazioni civili,NORMALE,P,1800,2600,L,2021-2
NORD-OVEST,LOMBARDIA,MI,3015146,C1AA, ,F205,MILANO,D,D25,MI00000332,21,Abitazioni di tipo economico,OTTIMO, ,1700,2350,L,2021-2
NORD-OVEST,LOMBARDIA,MI,3015146,C1AA, ,F205,MILANO,D,D25,MI00000332,21,Abitazioni di tipo economico,NORMALE,P,1450,1650,L,2021-2
NORD-OVEST,LOMBARDIA,MI,3015146,C1AA, ,F205,MILANO,D,D25,MI00000332,13,Box,NORMALE,P,1200,1800,L,2021-2
NORD-OVEST,LOMBARDIA,MI,3015146,C1AA, ,F205,MILANO,D,D25,MI00000332,9,Magazzini,NORMALE,P,350,500,L,2021-2
NORD-OVEST,LOMBARDIA,MI,3015146,C1AA, ,F205,MILANO,D,D25,MI00000332,5,Negozi,OTTIMO, ,1700,2400,L,2021-2
NORD-OVEST,LOMBARDIA,MI,3015146,C1AA, ,F205,MILANO,D,D25,MI00000332,5,Negozi,NORMALE,P,1000,1700,L,2021-2
NORD-OVEST,LOMBARDIA,MI,3015146,C1AA, ,F205,MILANO,D,D25,MI00000332,6,Uffici,OTTIMO,P,1350,1750,L,2021-2
NORD-OVEST,LOMBARDIA,MI,3015146,C1AA, ,F205,MILANO,D,D25,MI00000332,18,Uffici strutturati,OTTIMO,P,1950,2600,L,2021-2
NORD-OVEST,LOMBARDIA,MI,3015146,C1AA, ,F205,MILANO,D,D25,MI00000332,8,Capannoni industriali,OTTIMO,P,750,900,L,2021-2
NORD-OVEST,LOMBARDIA,MI,3015146,C1AA, ,F205,MILANO,D,D25,MI00000332,7,Capannoni tipici,OTTIMO,P,850,950,L,2021-2
NORD-OVEST,LOMBARDIA,MI,3015146,C1AA, ,F205,MILANO,D,D25,MI00000332,10,Laboratori,NORMALE,P,550,700,L,2021-2
NORD-OVEST,LOMBARDIA,MI,3015146,C1AA, ,F205,MILANO,D,D28,MI00000335,20,Abitazioni civili,OTTIMO, ,3500,4500,L,2021-2
NORD-OVEST,LOMBARDIA,MI,3015146,C1AA, ,F205,MILANO,D,D28,MI00000335,20,Abitazioni civili,NORMALE,P,2400,3400,L,2021-2
NORD-OVEST,LOMBARDIA,MI,3015146,C1AA, ,F205,MILANO,D,D28,MI00000335,21,Abitazioni di tipo economico,NORMALE,P,2100,2400,L,2021-2
NORD-OVEST,LOMBARDIA,MI,3015146,C1AA, ,F205,MILANO,D,D28,MI00000335,21,Abitazioni di tipo economico,OTTIMO, ,2450,3400,L,2021-2
NORD-OVEST,LOMBARDIA,MI,3015146,C1AA, ,F205,MILANO,D,D28,MI00000335,13,Box,NORMALE,P,1300,2000,L,2021-2
NORD-OVEST,LOMBARDIA,MI,3015146,C1AA, ,F205,MILANO,D,D28,MI00000335,1,Ville e Villini,NORMALE,P,2600,3500,L,2021-2
NORD-OVEST,LOMBARDIA,MI,3015146,C1AA, ,F205,MILANO,D,D28,MI00000335,1,Ville e Villini,OTTIMO, ,3600,4600,L,2021-2
NORD-OVEST,LOMBARDIA,MI,3015146,C1AA, ,F205,MILANO,D,D28,MI00000335,9,Magazzini,NORMALE,P,400,500,L,2021-2
NORD-OVEST,LOMBARDIA,MI,3015146,C1AA, ,F205,MILANO,D,D28,MI00000335,5,Negozi,NORMALE,P,1050,1450,L,2021-2
NORD-OVEST,LOMBARDIA,MI,3015146,C1AA, ,F205,MILANO,D,D28,MI00000335,6,Uffici,OTTIMO,P,1450,2300,L,2021-2
NORD-OVEST,LOMBARDIA,MI,3015146,C1AA, ,F205,MILANO,D,D28,MI00000335,18,Uffici strutturati,OTTIMO,P,2200,3000,L,2021-2
NORD-OVEST,LOMBARDIA,MI,3015146,C1AA, ,F205,MILANO,D,D28,MI00000335,8,Capannoni industriali,OTTIMO,P,650,850,L,2021-2
NORD-OVEST,LOMBARDIA,MI,3015146,C1AA, ,F205,MILANO,D,D28,MI00000335,7,Capannoni tipici,OTTIMO,P,650,900,L,2021-2
NORD-OVEST,LOMBARDIA,MI,3015146,C1AA, ,F205,MILANO,D,D28,MI00000335,10,Laboratori,NORMALE,P,600,900,L,2021-2
NORD-OVEST,LOMBARDIA,MI,3015146,C1AA, ,F205,MILANO,D,D30,MI00004777,20,Abitazioni civili,OTTIMO, ,2700,3900,L,2021-2
NORD-OVEST,LOMBARDIA,MI,3015146,C1AA, ,F205,MILANO,D,D30,MI00004777,20,Abitazioni civili,NORMALE,P,1750,2600,L,2021-2
NORD-OVEST,LOMBARDIA,MI,3015146,C1AA, ,F205,MILANO,D,D30,MI00004777,21,Abitazioni di tipo economico,OTTIMO, ,1800,2700,L,2021-2
NORD-OVEST,LOMBARDIA,MI,3015146,C1AA, ,F205,MILANO,D,D30,MI00004777,21,Abitazioni di tipo economico,NORMALE,P,1400,1700,L,2021-2
NORD-OVEST,LOMBARDIA,MI,3015146,C1AA, ,F205,MILANO,D,D30,MI00004777,13,Box,NORMALE,P,1200,1850,L,2021-2
NORD-OVEST,LOMBARDIA,MI,3015146,C1AA, ,F205,MILANO,D,D30,MI00004777,9,Magazzini,NORMALE,P,500,700,L,2021-2
NORD-OVEST,LOMBARDIA,MI,3015146,C1AA, ,F205,MILANO,D,D30,MI00004777,5,Negozi,OTTIMO, ,1700,2600,L,2021-2
NORD-OVEST,LOMBARDIA,MI,3015146,C1AA, ,F205,MILANO,D,D30,MI00004777,5,Negozi,NORMALE,P,1250,1650,L,2021-2
NORD-OVEST,LOMBARDIA,MI,3015146,C1AA, ,F205,MILANO,D,D30,MI00004777,6,Uffici,OTTIMO,P,1400,2100,L,2021-2
NORD-OVEST,LOMBARDIA,MI,3015146,C1AA, ,F205,MILANO,D,D30,MI00004777,18,Uffici strutturati,OTTIMO,P,2200,3000,L,2021-2
NORD-OVEST,LOMBARDIA,MI,3015146,C1AA, ,F205,MILANO,D,D30,MI00004777,8,Capannoni industriali,OTTIMO,P,800,1100,L,2021-2
NORD-OVEST,LOMBARDIA,MI,3015146,C1AA, ,F205,MILANO,D,D30,MI00004777,7,Capannoni tipici,OTTIMO,P,850,1000,L,2021-2
NORD-OVEST,LOMBARDIA,MI,3015146,C1AA, ,F205,MILANO,D,D30,MI00004777,10,Laboratori,NORMALE,P,750,1250,L,2021-2
NORD-OVEST,LOMBARDIA,MI,3015146,C1AA, ,F205,MILANO,D,D31,MI00004778,20,Abitazioni civili,OTTIMO, ,2750,4100,L,2021-2
NORD-OVEST,LOMBARDIA,MI,3015146,C1AA, ,F205,MILANO,D,D31,MI00004778,20,Abitazioni civili,NORMALE,P,1800,2700,L,2021-2
NORD-OVEST,LOMBARDIA,MI,3015146,C1AA, ,F205,MILANO,D,D31,MI00004778,21,Abitazioni di tipo economico,OTTIMO, ,1750,2500,L,2021-2
NORD-OVEST,LOMBARDIA,MI,3015146,C1AA, ,F205,MILANO,D,D31,MI00004778,21,Abitazioni di tipo economico,NORMALE,P,1400,1700,L,2021-2
NORD-OVEST,LOMBARDIA,MI,3015146,C1AA, ,F205,MILANO,D,D31,MI00004778,13,Box,NORMALE,P,1200,1700,L,2021-2
NORD-OVEST,LOMBARDIA,MI,3015146,C1AA, ,F205,MILANO,D,D31,MI00004778,9,Magazzini,NORMALE,P,450,750,L,2021-2
NORD-OVEST,LOMBARDIA,MI,3015146,C1AA, ,F205,MILANO,D,D31,MI00004778,5,Negozi,NORMALE,P,1300,2300,L,2021-2
NORD-OVEST,LOMBARDIA,MI,3015146,C1AA, ,F205,MILANO,D,D31,MI00004778,6,Uffici,OTTIMO,P,1500,2200,L,2021-2
NORD-OVEST,LOMBARDIA,MI,3015146,C1AA, ,F205,MILANO,D,D31,MI00004778,18,Uffici strutturati,OTTIMO,P,1900,2700,L,2021-2
NORD-OVEST,LOMBARDIA,MI,3015146,C1AA, ,F205,MILANO,D,D31,MI00004778,8,Capannoni industriali,OTTIMO,P,800,1000,L,2021-2
NORD-OVEST,LOMBARDIA,MI,3015146,C1AA, ,F205,MILANO,D,D31,MI00004778,7,Capannoni tipici,OTTIMO,P,850,1100,L,2021-2
NORD-OVEST,LOMBARDIA,MI,3015146,C1AA, ,F205,MILANO,D,D31,MI00004778,10,Laboratori,NORMALE,P,750,1500,L,2021-2
NORD-OVEST,LOMBARDIA,MI,3015146,C1AA, ,F205,MILANO,D,D32,MI00004779,20,Abitazioni civili,OTTIMO, ,2500,3700,L,2021-2
NORD-OVEST,LOMBARDIA,MI,3015146,C1AA, ,F205,MILANO,D,D32,MI00004779,20,Abitazioni civili,NORMALE,P,1800,2450,L,2021-2
NORD-OVEST,LOMBARDIA,MI,3015146,C1AA, ,F205,MILANO,D,D32,MI00004779,21,Abitazioni di tipo economico,NORMALE,P,1400,1700,L,2021-2
NORD-OVEST,LOMBARDIA,MI,3015146,C1AA, ,F205,MILANO,D,D32,MI00004779,21,Abitazioni di tipo economico,OTTIMO, ,1700,2400,L,2021-2
NORD-OVEST,LOMBARDIA,MI,3015146,C1AA, ,F205,MILANO,D,D32,MI00004779,13,Box,NORMALE,P,1000,1800,L,2021-2
NORD-OVEST,LOMBARDIA,MI,3015146,C1AA, ,F205,MILANO,D,D32,MI00004779,1,Ville e Villini,NORMALE,P,1850,2500,L,2021-2
NORD-OVEST,LOMBARDIA,MI,3015146,C1AA, ,F205,MILANO,D,D32,MI00004779,1,Ville e Villini,OTTIMO, ,2550,3700,L,2021-2
NORD-OVEST,LOMBARDIA,MI,3015146,C1AA, ,F205,MILANO,D,D32,MI00004779,9,Magazzini,NORMALE,P,450,650,L,2021-2
NORD-OVEST,LOMBARDIA,MI,3015146,C1AA, ,F205,MILANO,D,D32,MI00004779,5,Negozi,NORMALE,P,1200,1800,L,2021-2
NORD-OVEST,LOMBARDIA,MI,3015146,C1AA, ,F205,MILANO,D,D32,MI00004779,6,Uffici,OTTIMO,P,1400,1900,L,2021-2
NORD-OVEST,LOMBARDIA,MI,3015146,C1AA, ,F205,MILANO,D,D32,MI00004779,18,Uffici strutturati,OTTIMO,P,1600,2400,L,2021-2
NORD-OVEST,LOMBARDIA,MI,3015146,C1AA, ,F205,MILANO,D,D32,MI00004779,8,Capannoni industriali,OTTIMO,P,800,950,L,2021-2
NORD-OVEST,LOMBARDIA,MI,3015146,C1AA, ,F205,MILANO,D,D32,MI00004779,7,Capannoni tipici,OTTIMO,P,800,1000,L,2021-2
NORD-OVEST,LOMBARDIA,MI,3015146,C1AA, ,F205,MILANO,D,D32,MI00004779,10,Laboratori,NORMALE,P,650,1000,L,2021-2
NORD-OVEST,LOMBARDIA,MI,3015146,C1AA, ,F205,MILANO,D,D33,MI00004780,20,Abitazioni civili,OTTIMO, ,2800,3700,L,2021-2
NORD-OVEST,LOMBARDIA,MI,3015146,C1AA, ,F205,MILANO,D,D33,MI00004780,20,Abitazioni civili,NORMALE,P,2150,2800,L,2021-2
NORD-OVEST,LOMBARDIA,MI,3015146,C1AA, ,F205,MILANO,D,D33,MI00004780,21,Abitazioni di tipo economico,OTTIMO, ,2100,2550,L,2021-2
NORD-OVEST,LOMBARDIA,MI,3015146,C1AA, ,F205,MILANO,D,D33,MI00004780,21,Abitazioni di tipo economico,NORMALE,P,1600,2000,L,2021-2
NORD-OVEST,LOMBARDIA,MI,3015146,C1AA, ,F205,MILANO,D,D33,MI00004780,13,Box,NORMALE,P,1050,1600,L,2021-2
NORD-OVEST,LOMBARDIA,MI,3015146,C1AA, ,F205,MILANO,D,D33,MI00004780,9,Magazzini,NORMALE,P,450,600,L,2021-2
NORD-OVEST,LOMBARDIA,MI,3015146,C1AA, ,F205,MILANO,D,D33,MI00004780,5,Negozi,NORMALE,P,1150,1700,L,2021-2
NORD-OVEST,LOMBARDIA,MI,3015146,C1AA, ,F205,MILANO,D,D33,MI00004780,6,Uffici,OTTIMO,P,1600,2000,L,2021-2
NORD-OVEST,LOMBARDIA,MI,3015146,C1AA, ,F205,MILANO,D,D33,MI00004780,18,Uffici strutturati,OTTIMO,P,1900,2500,L,2021-2
NORD-OVEST,LOMBARDIA,MI,3015146,C1AA, ,F205,MILANO,D,D33,MI00004780,8,Capannoni industriali,OTTIMO,P,800,1000,L,2021-2
NORD-OVEST,LOMBARDIA,MI,3015146,C1AA, ,F205,MILANO,D,D33,MI00004780,7,Capannoni tipici,OTTIMO,P,850,1150,L,2021-2
NORD-OVEST,LOMBARDIA,MI,3015146,C1AA, ,F205,MILANO,D,D33,MI00004780,10,Laboratori,NORMALE,P,750,1200,L,2021-2
NORD-OVEST,LOMBARDIA,MI,3015146,C1AA, ,F205,MILANO,D,D34,MI00004781,20,Abitazioni civili,OTTIMO, ,2850,4400,L,2021-2
NORD-OVEST,LOMBARDIA,MI,3015146,C1AA, ,F205,MILANO,D,D34,MI00004781,20,Abitazioni civili,NORMALE,P,2300,2800,L,2021-2
NORD-OVEST,LOMBARDIA,MI,3015146,C1AA, ,F205,MILANO,D,D34,MI00004781,21,Abitazioni di tipo economico,OTTIMO, ,2300,2800,L,2021-2
NORD-OVEST,LOMBARDIA,MI,3015146,C1AA, ,F205,MILANO,D,D34,MI00004781,21,Abitazioni di tipo economico,NORMALE,P,1700,2250,L,2021-2
NORD-OVEST,LOMBARDIA,MI,3015146,C1AA, ,F205,MILANO,D,D34,MI00004781,13,Box,NORMALE,P,1100,1500,L,2021-2
NORD-OVEST,LOMBARDIA,MI,3015146,C1AA, ,F205,MILANO,D,D34,MI00004781,9,Magazzini,NORMALE,P,550,800,L,2021-2
NORD-OVEST,LOMBARDIA,MI,3015146,C1AA, ,F205,MILANO,D,D34,MI00004781,5,Negozi,NORMALE,P,1150,1800,L,2021-2
NORD-OVEST,LOMBARDIA,MI,3015146,C1AA, ,F205,MILANO,D,D34,MI00004781,6,Uffici,OTTIMO,P,1500,2000,L,2021-2
NORD-OVEST,LOMBARDIA,MI,3015146,C1AA, ,F205,MILANO,D,D34,MI00004781,18,Uffici strutturati,OTTIMO,P,2100,3000,L,2021-2
NORD-OVEST,LOMBARDIA,MI,3015146,C1AA, ,F205,MILANO,D,D34,MI00004781,8,Capannoni industriali,OTTIMO,P,750,1000,L,2021-2
NORD-OVEST,LOMBARDIA,MI,3015146,C1AA, ,F205,MILANO,D,D34,MI00004781,7,Capannoni tipici,OTTIMO,P,800,1050,L,2021-2
NORD-OVEST,LOMBARDIA,MI,3015146,C1AA, ,F205,MILANO,D,D34,MI00004781,10,Laboratori,NORMALE,P,650,950,L,2021-2
NORD-OVEST,LOMBARDIA,MI,3015146,C1AA, ,F205,MILANO,D,D35,MI00004782,20,Abitazioni civili,OTTIMO, ,2850,4200,L,2021-2
NORD-OVEST,LOMBARDIA,MI,3015146,C1AA, ,F205,MILANO,D,D35,MI00004782,20,Abitazioni civili,NORMALE,P,1800,2800,L,2021-2
NORD-OVEST,LOMBARDIA,MI,3015146,C1AA, ,F205,MILANO,D,D35,MI00004782,21,Abitazioni di tipo economico,OTTIMO, ,1750,2650,L,2021-2
NORD-OVEST,LOMBARDIA,MI,3015146,C1AA, ,F205,MILANO,D,D35,MI00004782,21,Abitazioni di tipo economico,NORMALE,P,1300,1700,L,2021-2
NORD-OVEST,LOMBARDIA,MI,3015146,C1AA, ,F205,MILANO,D,D35,MI00004782,13,Box,NORMALE,P,1200,1900,L,2021-2
NORD-OVEST,LOMBARDIA,MI,3015146,C1AA, ,F205,MILANO,D,D35,MI00004782,9,Magazzini,NORMALE,P,650,800,L,2021-2
NORD-OVEST,LOMBARDIA,MI,3015146,C1AA, ,F205,MILANO,D,D35,MI00004782,5,Negozi,NORMALE,P,1200,2000,L,2021-2
NORD-OVEST,LOMBARDIA,MI,3015146,C1AA, ,F205,MILANO,D,D35,MI00004782,6,Uffici,OTTIMO,P,1500,2200,L,2021-2
NORD-OVEST,LOMBARDIA,MI,3015146,C1AA, ,F205,MILANO,D,D35,MI00004782,18,Uffici strutturati,OTTIMO,P,2050,2800,L,2021-2
NORD-OVEST,LOMBARDIA,MI,3015146,C1AA, ,F205,MILANO,D,D35,MI00004782,8,Capannoni industriali,OTTIMO,P,800,1000,L,2021-2
NORD-OVEST,LOMBARDIA,MI,3015146,C1AA, ,F205,MILANO,D,D35,MI00004782,7,Capannoni tipici,OTTIMO,P,850,1100,L,2021-2
NORD-OVEST,LOMBARDIA,MI,3015146,C1AA, ,F205,MILANO,D,D35,MI00004782,10,Laboratori,NORMALE,P,750,1350,L,2021-2
NORD-OVEST,LOMBARDIA,MI,3015146,C1AA, ,F205,MILANO,D,D36,MI00004783,20,Abitazioni civili,OTTIMO, ,2900,4900,L,2021-2
NORD-OVEST,LOMBARDIA,MI,3015146,C1AA, ,F205,MILANO,D,D36,MI00004783,20,Abitazioni civili,NORMALE,P,2000,2800,L,2021-2
NORD-OVEST,LOMBARDIA,MI,3015146,C1AA, ,F205,MILANO,D,D36,MI00004783,21,Abitazioni di tipo economico,OTTIMO, ,2200,3000,L,2021-2
NORD-OVEST,LOMBARDIA,MI,3015146,C1AA, ,F205,MILANO,D,D36,MI00004783,21,Abitazioni di tipo economico,NORMALE,P,1650,2150,L,2021-2
NORD-OVEST,LOMBARDIA,MI,3015146,C1AA, ,F205,MILANO,D,D36,MI00004783,13,Box,NORMALE,P,1400,2200,L,2021-2
NORD-OVEST,LOMBARDIA,MI,3015146,C1AA, ,F205,MILANO,D,D36,MI00004783,9,Magazzini,NORMALE,P,500,750,L,2021-2
NORD-OVEST,LOMBARDIA,MI,3015146,C1AA, ,F205,MILANO,D,D36,MI00004783,5,Negozi,NORMALE,P,1400,2400,L,2021-2
NORD-OVEST,LOMBARDIA,MI,3015146,C1AA, ,F205,MILANO,D,D36,MI00004783,6,Uffici,OTTIMO,P,1550,2350,L,2021-2
NORD-OVEST,LOMBARDIA,MI,3015146,C1AA, ,F205,MILANO,D,D36,MI00004783,18,Uffici strutturati,OTTIMO,P,1900,3000,L,2021-2
NORD-OVEST,LOMBARDIA,MI,3015146,C1AA, ,F205,MILANO,D,D36,MI00004783,8,Capannoni industriali,OTTIMO,P,850,1000,L,2021-2
NORD-OVEST,LOMBARDIA,MI,3015146,C1AA, ,F205,MILANO,D,D36,MI00004783,7,Capannoni tipici,OTTIMO,P,800,1050,L,2021-2
NORD-OVEST,LOMBARDIA,MI,3015146,C1AA, ,F205,MILANO,D,D36,MI00004783,10,Laboratori,NORMALE,P,850,1250,L,2021-2
NORD-OVEST,LOMBARDIA,MI,3015146,C1AA, ,F205,MILANO,E,E5,MI00004784,20,Abitazioni civili,OTTIMO, ,2300,2800,L,2021-2
NORD-OVEST,LOMBARDIA,MI,3015146,C1AA, ,F205,MILANO,E,E5,MI00004784,20,Abitazioni civili,NORMALE,P,1800,2300,L,2021-2
NORD-OVEST,LOMBARDIA,MI,3015146,C1AA, ,F205,MILANO,E,E5,MI00004784,21,Abitazioni di tipo economico,NORMALE,P,1300,1600,L,2021-2
NORD-OVEST,LOMBARDIA,MI,3015146,C1AA, ,F205,MILANO,E,E5,MI00004784,21,Abitazioni di tipo economico,OTTIMO, ,1650,2200,L,2021-2
NORD-OVEST,LOMBARDIA,MI,3015146,C1AA, ,F205,MILANO,E,E5,MI00004784,13,Box,NORMALE,P,900,1500,L,2021-2
NORD-OVEST,LOMBARDIA,MI,3015146,C1AA, ,F205,MILANO,E,E5,MI00004784,1,Ville e Villini,NORMALE,P,1800,2350,L,2021-2
NORD-OVEST,LOMBARDIA,MI,3015146,C1AA, ,F205,MILANO,E,E5,MI00004784,1,Ville e Villini,OTTIMO, ,2400,2750,L,2021-2
NORD-OVEST,LOMBARDIA,MI,3015146,C1AA, ,F205,MILANO,E,E5,MI00004784,9,Magazzini,NORMALE,P,450,550,L,2021-2
NORD-OVEST,LOMBARDIA,MI,3015146,C1AA, ,F205,MILANO,E,E5,MI00004784,5,Negozi,NORMALE,P,800,1400,L,2021-2
NORD-OVEST,LOMBARDIA,MI,3015146,C1AA, ,F205,MILANO,E,E5,MI00004784,6,Uffici,OTTIMO,P,900,1500,L,2021-2
NORD-OVEST,LOMBARDIA,MI,3015146,C1AA, ,F205,MILANO,E,E5,MI00004784,18,Uffici strutturati,OTTIMO,P,1700,2250,L,2021-2
NORD-OVEST,LOMBARDIA,MI,3015146,C1AA, ,F205,MILANO,E,E5,MI00004784,8,Capannoni industriali,OTTIMO,P,600,850,L,2021-2
NORD-OVEST,LOMBARDIA,MI,3015146,C1AA, ,F205,MILANO,E,E5,MI00004784,7,Capannoni tipici,OTTIMO,P,600,900,L,2021-2
NORD-OVEST,LOMBARDIA,MI,3015146,C1AA, ,F205,MILANO,E,E5,MI00004784,10,Laboratori,NORMALE,P,500,650,L,2021-2
NORD-OVEST,LOMBARDIA,MI,3015146,C1AA, ,F205,MILANO,E,E6,MI00004785,20,Abitazioni civili,OTTIMO, ,2150,3200,L,2021-2
NORD-OVEST,LOMBARDIA,MI,3015146,C1AA, ,F205,MILANO,E,E6,MI00004785,20,Abitazioni civili,NORMALE,P,1700,2100,L,2021-2
NORD-OVEST,LOMBARDIA,MI,3015146,C1AA, ,F205,MILANO,E,E6,MI00004785,21,Abitazioni di tipo economico,OTTIMO, ,1750,1900,L,2021-2
NORD-OVEST,LOMBARDIA,MI,3015146,C1AA, ,F205,MILANO,E,E6,MI00004785,21,Abitazioni di tipo economico,NORMALE,P,1400,1750,L,2021-2
NORD-OVEST,LOMBARDIA,MI,3015146,C1AA, ,F205,MILANO,E,E6,MI00004785,13,Box,NORMALE,P,950,1500,L,2021-2
NORD-OVEST,LOMBARDIA,MI,3015146,C1AA, ,F205,MILANO,E,E6,MI00004785,9,Magazzini,NORMALE,P,300,450,L,2021-2
NORD-OVEST,LOMBARDIA,MI,3015146,C1AA, ,F205,MILANO,E,E6,MI00004785,5,Negozi,NORMALE,P,900,1550,L,2021-2
NORD-OVEST,LOMBARDIA,MI,3015146,C1AA, ,F205,MILANO,E,E6,MI00004785,6,Uffici,OTTIMO,P,1350,1900,L,2021-2
NORD-OVEST,LOMBARDIA,MI,3015146,C1AA, ,F205,MILANO,E,E6,MI00004785,18,Uffici strutturati,OTTIMO,P,1750,2650,L,2021-2
NORD-OVEST,LOMBARDIA,MI,3015146,C1AA, ,F205,MILANO,E,E6,MI00004785,8,Capannoni industriali,OTTIMO,P,700,950,L,2021-2
NORD-OVEST,LOMBARDIA,MI,3015146,C1AA, ,F205,MILANO,E,E6,MI00004785,7,Capannoni tipici,OTTIMO,P,700,950,L,2021-2
NORD-OVEST,LOMBARDIA,MI,3015146,C1AA, ,F205,MILANO,E,E6,MI00004785,10,Laboratori,NORMALE,P,700,950,L,2021-2
NORD-OVEST,LOMBARDIA,MI,3015146,C1AA, ,F205,MILANO,E,E7,MI00004786,20,Abitazioni civili,OTTIMO, ,2100,2700,L,2021-2
NORD-OVEST,LOMBARDIA,MI,3015146,C1AA, ,F205,MILANO,E,E7,MI00004786,20,Abitazioni civili,NORMALE,P,1500,2100,L,2021-2
NORD-OVEST,LOMBARDIA,MI,3015146,C1AA, ,F205,MILANO,E,E7,MI00004786,21,Abitazioni di tipo economico,OTTIMO, ,1650,1950,L,2021-2
NORD-OVEST,LOMBARDIA,MI,3015146,C1AA, ,F205,MILANO,E,E7,MI00004786,21,Abitazioni di tipo economico,NORMALE,P,1200,1600,L,2021-2
NORD-OVEST,LOMBARDIA,MI,3015146,C1AA, ,F205,MILANO,E,E7,MI00004786,13,Box,NORMALE,P,1000,1500,L,2021-2
NORD-OVEST,LOMBARDIA,MI,3015146,C1AA, ,F205,MILANO,E,E7,MI00004786,9,Magazzini,NORMALE,P,350,500,L,2021-2
NORD-OVEST,LOMBARDIA,MI,3015146,C1AA, ,F205,MILANO,E,E7,MI00004786,5,Negozi,NORMALE,P,700,1300,L,2021-2
NORD-OVEST,LOMBARDIA,MI,3015146,C1AA, ,F205,MILANO,E,E7,MI00004786,6,Uffici,OTTIMO,P,1250,1600,L,2021-2
NORD-OVEST,LOMBARDIA,MI,3015146,C1AA, ,F205,MILANO,E,E7,MI00004786,18,Uffici strutturati,OTTIMO,P,1400,2200,L,2021-2
NORD-OVEST,LOMBARDIA,MI,3015146,C1AA, ,F205,MILANO,E,E7,MI00004786,8,Capannoni industriali,OTTIMO,P,750,900,L,2021-2
NORD-OVEST,LOMBARDIA,MI,3015146,C1AA, ,F205,MILANO,E,E7,MI00004786,7,Capannoni tipici,OTTIMO,P,700,900,L,2021-2
NORD-OVEST,LOMBARDIA,MI,3015146,C1AA, ,F205,MILANO,E,E7,MI00004786,10,Laboratori,NORMALE,P,600,1000,L,2021-2
NORD-OVEST,LOMBARDIA,MI,3015146,C1AA, ,F205,MILANO,E,E8,MI00004787,20,Abitazioni civili,OTTIMO, ,2000,2800,L,2021-2
NORD-OVEST,LOMBARDIA,MI,3015146,C1AA, ,F205,MILANO,E,E8,MI00004787,20,Abitazioni civili,NORMALE,P,1600,1950,L,2021-2
NORD-OVEST,LOMBARDIA,MI,3015146,C1AA, ,F205,MILANO,E,E8,MI00004787,21,Abitazioni di tipo economico,OTTIMO, ,1650,2100,L,2021-2
NORD-OVEST,LOMBARDIA,MI,3015146,C1AA, ,F205,MILANO,E,E8,MI00004787,21,Abitazioni di tipo economico,NORMALE,P,1400,1650,L,2021-2
NORD-OVEST,LOMBARDIA,MI,3015146,C1AA, ,F205,MILANO,E,E8,MI00004787,13,Box,NORMALE,P,1000,1400,L,2021-2
NORD-OVEST,LOMBARDIA,MI,3015146,C1AA, ,F205,MILANO,E,E8,MI00004787,9,Magazzini,NORMALE,P,400,600,L,2021-2
NORD-OVEST,LOMBARDIA,MI,3015146,C1AA, ,F205,MILANO,E,E8,MI00004787,5,Negozi,NORMALE,P,900,1550,L,2021-2
NORD-OVEST,LOMBARDIA,MI,3015146,C1AA, ,F205,MILANO,E,E8,MI00004787,6,Uffici,OTTIMO,P,1100,1600,L,2021-2
NORD-OVEST,LOMBARDIA,MI,3015146,C1AA, ,F205,MILANO,E,E8,MI00004787,18,Uffici strutturati,OTTIMO,P,1550,2000,L,2021-2
NORD-OVEST,LOMBARDIA,MI,3015146,C1AA, ,F205,MILANO,E,E8,MI00004787,8,Capannoni industriali,OTTIMO,P,700,950,L,2021-2
NORD-OVEST,LOMBARDIA,MI,3015146,C1AA, ,F205,MILANO,E,E8,MI00004787,7,Capannoni tipici,OTTIMO,P,750,1000,L,2021-2
NORD-OVEST,LOMBARDIA,MI,3015146,C1AA, ,F205,MILANO,E,E8,MI00004787,10,Laboratori,NORMALE,P,600,850,L,2021-2
NORD-OVEST,LOMBARDIA,MI,3015146,C1AA, ,F205,MILANO,B,B12,MI00003228,20,Abitazioni civili,NORMALE,P,8700,10900,L,2025-2
NORD-OVEST,LOMBARDIA,MI,3015146,C1AA, ,F205,MILANO,B,B12,MI00003228,20,Abitazioni civili,OTTIMO, ,11000,15300,L,2025-2
NORD-OVEST,LOMBARDIA,MI,3015146,C1AA, ,F205,MILANO,B,B12,MI00003228,19,Abitazioni signorili,OTTIMO,P,13000,20000,L,2025-2
NORD-OVEST,LOMBARDIA,MI,3015146,C1AA, ,F205,MILANO,B,B12,MI00003228,19,Abitazioni signorili,NORMALE, ,9300,12900,L,2025-2
NORD-OVEST,LOMBARDIA,MI,3015146,C1AA, ,F205,MILANO,B,B12,MI00003228,13,Box,NORMALE,P,4500,6500,L,2025-2
NORD-OVEST,LOMBARDIA,MI,3015146,C1AA, ,F205,MILANO,B,B12,MI00003228,9,Magazzini,NORMALE,P,2250,3500,L,2025-2
NORD-OVEST,LOMBARDIA,MI,3015146,C1AA, ,F205,MILANO,B,B12,MI00003228,5,Negozi,OTTIMO, ,14600,29000,L,2025-2
NORD-OVEST,LOMBARDIA,MI,3015146,C1AA, ,F205,MILANO,B,B12,MI00003228,5,Negozi,NORMALE,P,9000,14500,L,2025-2
NORD-OVEST,LOMBARDIA,MI,3015146,C1AA, ,F205,MILANO,B,B12,MI00003228,6,Uffici,OTTIMO,P,9000,13000,L,2025-2
NORD-OVEST,LOMBARDIA,MI,3015146,C1AA, ,F205,MILANO,B,B12,MI00003228,18,Uffici strutturati,OTTIMO,P,9500,17000,L,2025-2
NORD-OVEST,LOMBARDIA,MI,3015146,C1AA, ,F205,MILANO,B,B12,MI00003228,10,Laboratori,NORMALE,P,2700,3200,L,2025-2
NORD-OVEST,LOMBARDIA,MI,3015146,C1AA, ,F205,MILANO,B,B13,MI00003232,20,Abitazioni civili,NORMALE,P,6700,8700,L,2025-2
NORD-OVEST,LOMBARDIA,MI,3015146,C1AA, ,F205,MILANO,B,B13,MI00003232,20,Abitazioni civili,OTTIMO, ,8800,10200,L,2025-2
NORD-OVEST,LOMBARDIA,MI,3015146,C1AA, ,F205,MILANO,B,B13,MI00003232,19,Abitazioni signorili,OTTIMO,P,9700,12500,L,2025-2
NORD-OVEST,LOMBARDIA,MI,3015146,C1AA, ,F205,MILANO,B,B13,MI00003232,19,Abitazioni signorili,NORMALE, ,7100,9700,L,2025-2
NORD-OVEST,LOMBARDIA,MI,3015146,C1AA, ,F205,MILANO,B,B13,MI00003232,13,Box,NORMALE,P,2650,3800,L,2025-2
NORD-OVEST,LOMBARDIA,MI,3015146,C1AA, ,F205,MILANO,B,B13,MI00003232,9,Magazzini,NORMALE,P,1550,2300,L,2025-2
NORD-OVEST,LOMBARDIA,MI,3015146,C1AA, ,F205,MILANO,B,B13,MI00003232,5,Negozi,OTTIMO, ,6800,9000,L,2025-2
NORD-OVEST,LOMBARDIA,MI,3015146,C1AA, ,F205,MILANO,B,B13,MI00003232,5,Negozi,NORMALE,P,4000,6700,L,2025-2
NORD-OVEST,LOMBARDIA,MI,3015146,C1AA, ,F205,MILANO,B,B13,MI00003232,6,Uffici,OTTIMO,P,5500,8300,L,2025-2
NORD-OVEST,LOMBARDIA,MI,3015146,C1AA, ,F205,MILANO,B,B13,MI00003232,18,Uffici strutturati,OTTIMO,P,6500,9000,L,2025-2
NORD-OVEST,LOMBARDIA,MI,3015146,C1AA, ,F205,MILANO,B,B13,MI00003232,10,Laboratori,NORMALE,P,2200,2900,L,2025-2
NORD-OVEST,LOMBARDIA,MI,3015146,C1AA, ,F205,MILANO,B,B15,MI00003544,20,Abitazioni civili,NORMALE,P,9500,12000,L,2025-2
NORD-OVEST,LOMBARDIA,MI,3015146,C1AA, ,F205,MILANO,B,B15,MI00003544,20,Abitazioni civili,OTTIMO, ,12100,16000,L,2025-2
NORD-OVEST,LOMBARDIA,MI,3015146,C1AA, ,F205,MILANO,B,B15,MI00003544,19,Abitazioni signorili,OTTIMO,P,14000,21000,L,2025-2
NORD-OVEST,LOMBARDIA,MI,3015146,C1AA, ,F205,MILANO,B,B15,MI00003544,19,Abitazioni signorili,NORMALE, ,10000,13900,L,2025-2
NORD-OVEST,LOMBARDIA,MI,3015146,C1AA, ,F205,MILANO,B,B15,MI00003544,13,Box,NORMALE,P,4000,5500,L,2025-2
NORD-OVEST,LOMBARDIA,MI,3015146,C1AA, ,F205,MILANO,B,B15,MI00003544,9,Magazzini,NORMALE,P,1600,2500,L,2025-2
NORD-OVEST,LOMBARDIA,MI,3015146,C1AA, ,F205,MILANO,B,B15,MI00003544,5,Negozi,OTTIMO, ,11400,20000,L,2025-2
NORD-OVEST,LOMBARDIA,MI,3015146,C1AA, ,F205,MILANO,B,B15,MI00003544,5,Negozi,NORMALE,P,7100,11300,L,2025-2
NORD-OVEST,LOMBARDIA,MI,3015146,C1AA, ,F205,MILANO,B,B15,MI00003544,6,Uffici,OTTIMO,P,6500,11000,L,2025-2
NORD-OVEST,LOMBARDIA,MI,3015146,C1AA, ,F205,MILANO,B,B15,MI00003544,18,Uffici strutturati,OTTIMO,P,7000,12000,L,2025-2
NORD-OVEST,LOMBARDIA,MI,3015146,C1AA, ,F205,MILANO,B,B15,MI00003544,10,Laboratori,NORMALE,P,2600,3500,L,2025-2
NORD-OVEST,LOMBARDIA,MI,3015146,C1AA, ,F205,MILANO,B,B16,MI00003545,20,Abitazioni civili,NORMALE,P,7000,9400,L,2025-2
NORD-OVEST,LOMBARDIA,MI,3015146,C1AA, ,F205,MILANO,B,B16,MI00003545,20,Abitazioni civili,OTTIMO, ,9500,14000,L,2025-2
NORD-OVEST,LOMBARDIA,MI,3015146,C1AA, ,F205,MILANO,B,B16,MI00003545,19,Abitazioni signorili,OTTIMO,P,10800,16000,L,2025-2
NORD-OVEST,LOMBARDIA,MI,3015146,C1AA, ,F205,MILANO,B,B16,MI00003545,19,Abitazioni signorili,NORMALE, ,8000,10700,L,2025-2
NORD-OVEST,LOMBARDIA,MI,3015146,C1AA, ,F205,MILANO,B,B16,MI00003545,13,Box,NORMALE,P,3700,5500,L,2025-2
NORD-OVEST,LOMBARDIA,MI,3015146,C1AA, ,F205,MILANO,B,B16,MI00003545,9,Magazzini,NORMALE,P,1400,2000,L,2025-2
NORD-OVEST,LOMBARDIA,MI,3015146,C1AA, ,F205,MILANO,B,B16,MI00003545,5,Negozi,OTTIMO, ,8000,10000,L,2025-2
NORD-OVEST,LOMBARDIA,MI,3015146,C1AA, ,F205,MILANO,B,B16,MI00003545,5,Negozi,NORMALE,P,4400,7900,L,2025-2
NORD-OVEST,LOMBARDIA,MI,3015146,C1AA, ,F205,MILANO,B,B16,MI00003545,6,Uffici,OTTIMO,P,4600,8300,L,2025-2
NORD-OVEST,LOMBARDIA,MI,3015146,C1AA, ,F205,MILANO,B,B16,MI00003545,18,Uffici strutturati,OTTIMO,P,6000,9500,L,2025-2
NORD-OVEST,LOMBARDIA,MI,3015146,C1AA, ,F205,MILANO,B,B16,MI00003545,10,Laboratori,NORMALE,P,2300,3000,L,2025-2
NORD-OVEST,LOMBARDIA,MI,3015146,C1AA, ,F205,MILANO,B,B17,MI00004767,20,Abitazioni civili,NORMALE,P,6100,8200,L,2025-2
NORD-OVEST,LOMBARDIA,MI,3015146,C1AA, ,F205,MILANO,B,B17,MI00004767,20,Abitazioni civili,OTTIMO, ,7900,11500,L,2025-2
NORD-OVEST,LOMBARDIA,MI,3015146,C1AA, ,F205,MILANO,B,B17,MI00004767,19,Abitazioni signorili,OTTIMO,P,10300,14000,L,2025-2
NORD-OVEST,LOMBARDIA,MI,3015146,C1AA, ,F205,MILANO,B,B17,MI00004767,19,Abitazioni signorili,NORMALE, ,8000,10200,L,2025-2
NORD-OVEST,LOMBARDIA,MI,3015146,C1AA, ,F205,MILANO,B,B17,MI00004767,13,Box,NORMALE,P,2700,4100,L,2025-2
NORD-OVEST,LOMBARDIA,MI,3015146,C1AA, ,F205,MILANO,B,B17,MI00004767,9,Magazzini,NORMALE,P,1100,1500,L,2025-2
NORD-OVEST,LOMBARDIA,MI,3015146,C1AA, ,F205,MILANO,B,B17,MI00004767,5,Negozi,OTTIMO, ,6200,9000,L,2025-2
NORD-OVEST,LOMBARDIA,MI,3015146,C1AA, ,F205,MILANO,B,B17,MI00004767,5,Negozi,NORMALE,P,4400,6100,L,2025-2
NORD-OVEST,LOMBARDIA,MI,3015146,C1AA, ,F205,MILANO,B,B17,MI00004767,6,Uffici,OTTIMO,P,4700,7400,L,2025-2
NORD-OVEST,LOMBARDIA,MI,3015146,C1AA, ,F205,MILANO,B,B17,MI00004767,18,Uffici strutturati,OTTIMO,P,5300,8000,L,2025-2
NORD-OVEST,LOMBARDIA,MI,3015146,C1AA, ,F205,MILANO,B,B17,MI00004767,10,Laboratori,NORMALE,P,1600,2300,L,2025-2
NORD-OVEST,LOMBARDIA,MI,3015146,C1AA, ,F205,MILANO,B,B18,MI00004768,20,Abitazioni civili,OTTIMO, ,9100,13000,L,2025-2
NORD-OVEST,LOMBARDIA,MI,3015146,C1AA, ,F205,MILANO,B,B18,MI00004768,20,Abitazioni civili,NORMALE,P,6500,9000,L,2025-2
NORD-OVEST,LOMBARDIA,MI,3015146,C1AA, ,F205,MILANO,B,B18,MI00004768,13,Box,NORMALE,P,3300,4800,L,2025-2
NORD-OVEST,LOMBARDIA,MI,3015146,C1AA, ,F205,MILANO,B,B18,MI00004768,9,Magazzini,NORMALE,P,1200,1700,L,2025-2
NORD-OVEST,LOMBARDIA,MI,3015146,C1AA, ,F205,MILANO,B,B18,MI00004768,5,Negozi,NORMALE,P,5000,8600,L,2025-2
NORD-OVEST,LOMBARDIA,MI,3015146,C1AA, ,F205,MILANO,B,B18,MI00004768,5,Negozi,OTTIMO, ,8700,14000,L,2025-2
NORD-OVEST,LOMBARDIA,MI,3015146,C1AA, ,F205,MILANO,B,B18,MI00004768,6,Uffici,OTTIMO,P,5500,8000,L,2025-2
NORD-OVEST,LOMBARDIA,MI,3015146,C1AA, ,F205,MILANO,B,B18,MI00004768,18,Uffici strutturati,OTTIMO,P,6500,10000,L,2025-2
NORD-OVEST,LOMBARDIA,MI,3015146,C1AA, ,F205,MILANO,B,B18,MI00004768,10,Laboratori,NORMALE,P,2100,2850,L,2025-2
NORD-OVEST,LOMBARDIA,MI,3015146,C1AA, ,F205,MILANO,B,B19,MI00004769,20,Abitazioni civili,NORMALE,P,6500,9000,L,2025-2
NORD-OVEST,LOMBARDIA,MI,3015146,C1AA, ,F205,MILANO,B,B19,MI00004769,20,Abitazioni civili,OTTIMO, ,9100,12000,L,2025-2
NORD-OVEST,LOMBARDIA,MI,3015146,C1AA, ,F205,MILANO,B,B19,MI00004769,19,Abitazioni signorili,OTTIMO,P,12600,15000,L,2025-2
NORD-OVEST,LOMBARDIA,MI,3015146,C1AA, ,F205,MILANO,B,B19,MI00004769,19,Abitazioni signorili,NORMALE, ,9000,12500,L,2025-2
NORD-OVEST,LOMBARDIA,MI,3015146,C1AA, ,F205,MILANO,B,B19,MI00004769,13,Box,NORMALE,P,2600,4300,L,2025-2
NORD-OVEST,LOMBARDIA,MI,3015146,C1AA, ,F205,MILANO,B,B19,MI00004769,9,Magazzini,NORMALE,P,950,1500,L,2025-2
NORD-OVEST,LOMBARDIA,MI,3015146,C1AA, ,F205,MILANO,B,B19,MI00004769,5,Negozi,OTTIMO,P,6200,9200,L,2025-2
NORD-OVEST,LOMBARDIA,MI,3015146,C1AA, ,F205,MILANO,B,B19,MI00004769,5,Negozi,NORMALE, ,3800,6100,L,2025-2
NORD-OVEST,LOMBARDIA,MI,3015146,C1AA, ,F205,MILANO,B,B19,MI00004769,6,Uffici,OTTIMO,P,5000,8800,L,2025-2
NORD-OVEST,LOMBARDIA,MI,3015146,C1AA, ,F205,MILANO,B,B19,MI00004769,18,Uffici strutturati,OTTIMO,P,5800,10000,L,2025-2
NORD-OVEST,LOMBARDIA,MI,3015146,C1AA, ,F205,MILANO,B,B19,MI00004769,10,Laboratori,NORMALE,P,1300,2050,L,2025-2
NORD-OVEST,LOMBARDIA,MI,3015146,C1AA, ,F205,MILANO,B,B20,MI00004770,20,Abitazioni civili,OTTIMO, ,7300,9700,L,2025-2
NORD-OVEST,LOMBARDIA,MI,3015146,C1AA, ,F205,MILANO,B,B20,MI00004770,20,Abitazioni civili,NORMALE,P,5200,7200,L,2025-2
NORD-OVEST,LOMBARDIA,MI,3015146,C1AA, ,F205,MILANO,B,B20,MI00004770,13,Box,NORMALE,P,2750,4100,L,2025-2
NORD-OVEST,LOMBARDIA,MI,3015146,C1AA, ,F205,MILANO,B,B20,MI00004770,9,Magazzini,NORMALE,P,900,1300,L,2025-2
NORD-OVEST,LOMBARDIA,MI,3015146,C1AA, ,F205,MILANO,B,B20,MI00004770,5,Negozi,NORMALE,P,3500,4900,L,2025-2
NORD-OVEST,LOMBARDIA,MI,3015146,C1AA, ,F205,MILANO,B,B20,MI00004770,5,Negozi,OTTIMO, ,5000,7600,L,2025-2
NORD-OVEST,LOMBARDIA,MI,3015146,C1AA, ,F205,MILANO,B,B20,MI00004770,6,Uffici,OTTIMO,P,3500,5900,L,2025-2
NORD-OVEST,LOMBARDIA,MI,3015146,C1AA, ,F205,MILANO,B,B20,MI00004770,18,Uffici strutturati,OTTIMO,P,3900,6400,L,2025-2
NORD-OVEST,LOMBARDIA,MI,3015146,C1AA, ,F205,MILANO,B,B20,MI00004770,10,Laboratori,NORMALE,P,1100,1800,L,2025-2
NORD-OVEST,LOMBARDIA,MI,3015146,C1AA, ,F205,MILANO,B,B21,MI00004771,20,Abitazioni civili,OTTIMO, ,7400,9500,L,2025-2
NORD-OVEST,LOMBARDIA,MI,3015146,C1AA, ,F205,MILANO,B,B21,MI00004771,20,Abitazioni civili,NORMALE,P,5000,7300,L,2025-2
NORD-OVEST,LOMBARDIA,MI,3015146,C1AA, ,F205,MILANO,B,B21,MI00004771,13,Box,NORMALE,P,2500,3900,L,2025-2
NORD-OVEST,LOMBARDIA,MI,3015146,C1AA, ,F205,MILANO,B,B21,MI00004771,9,Magazzini,NORMALE,P,700,1100,L,2025-2
NORD-OVEST,LOMBARDIA,MI,3015146,C1AA, ,F205,MILANO,B,B21,MI00004771,5,Negozi,NORMALE,P,3300,4500,L,2025-2
NORD-OVEST,LOMBARDIA,MI,3015146,C1AA, ,F205,MILANO,B,B21,MI00004771,5,Negozi,OTTIMO, ,4600,7100,L,2025-2
NORD-OVEST,LOMBARDIA,MI,3015146,C1AA, ,F205,MILANO,B,B21,MI00004771,6,Uffici,OTTIMO,P,3500,5500,L,2025-2
NORD-OVEST,LOMBARDIA,MI,3015146,C1AA, ,F205,MILANO,B,B21,MI00004771,18,Uffici strutturati,OTTIMO,P,3800,6000,L,2025-2
NORD-OVEST,LOMBARDIA,MI,3015146,C1AA, ,F205,MILANO,B,B21,MI00004771,10,Laboratori,NORMALE,P,1150,1750,L,2025-2
NORD-OVEST,LOMBARDIA,MI,3015146,C1AA, ,F205,MILANO,C,C12,MI00000307,20,Abitazioni civili,OTTIMO, ,7200,10300,L,2025-2
NORD-OVEST,LOMBARDIA,MI,3015146,C1AA, ,F205,MILANO,C,C12,MI00000307,20,Abitazioni civili,NORMALE,P,5500,7100,L,2025-2
NORD-OVEST,LOMBARDIA,MI,3015146,C1AA, ,F205,MILANO,C,C12,MI00000307,13,Box,NORMALE,P,2600,4300,L,2025-2
NORD-OVEST,LOMBARDIA,MI,3015146,C1AA, ,F205,MILANO,C,C12,MI00000307,9,Magazzini,NORMALE,P,900,1200,L,2025-2
NORD-OVEST,LOMBARDIA,MI,3015146,C1AA, ,F205,MILANO,C,C12,MI00000307,5,Negozi,NORMALE, ,3700,5200,L,2025-2
NORD-OVEST,LOMBARDIA,MI,3015146,C1AA, ,F205,MILANO,C,C12,MI00000307,5,Negozi,OTTIMO,P,5300,8500,L,2025-2
NORD-OVEST,LOMBARDIA,MI,3015146,C1AA, ,F205,MILANO,C,C12,MI00000307,6,Uffici,OTTIMO,P,4800,6500,L,2025-2
NORD-OVEST,LOMBARDIA,MI,3015146,C1AA, ,F205,MILANO,C,C12,MI00000307,18,Uffici strutturati,OTTIMO,P,4200,7000,L,2025-2
NORD-OVEST,LOMBARDIA,MI,3015146,C1AA, ,F205,MILANO,C,C12,MI00000307,10,Laboratori,NORMALE,P,1500,2300,L,2025-2
NORD-OVEST,LOMBARDIA,MI,3015146,C1AA, ,F205,MILANO,C,C13,MI00003667,20,Abitazioni civili,OTTIMO,P,8300,12500,L,2025-2
NORD-OVEST,LOMBARDIA,MI,3015146,C1AA, ,F205,MILANO,C,C13,MI00003667,19,Abitazioni signorili,OTTIMO,P,9500,14000,L,2025-2
NORD-OVEST,LOMBARDIA,MI,3015146,C1AA, ,F205,MILANO,C,C13,MI00003667,13,Box,NORMALE,P,2600,3600,L,2025-2
NORD-OVEST,LOMBARDIA,MI,3015146,C1AA, ,F205,MILANO,C,C14,MI00003668,20,Abitazioni civili,NORMALE, ,4800,6600,L,2025-2
NORD-OVEST,LOMBARDIA,MI,3015146,C1AA, ,F205,MILANO,C,C14,MI00003668,20,Abitazioni civili,OTTIMO,P,10500,15700,L,2025-2
NORD-OVEST,LOMBARDIA,MI,3015146,C1AA, ,F205,MILANO,C,C14,MI00003668,19,Abitazioni signorili,OTTIMO,P,13500,19000,L,2025-2
NORD-OVEST,LOMBARDIA,MI,3015146,C1AA, ,F205,MILANO,C,C14,MI00003668,13,Box,NORMALE,P,2800,4200,L,2025-2
NORD-OVEST,LOMBARDIA,MI,3015146,C1AA, ,F205,MILANO,C,C14,MI00003668,18,Uffici strutturati,OTTIMO,P,6500,8500,L,2025-2
NORD-OVEST,LOMBARDIA,MI,3015146,C1AA, ,F205,MILANO,C,C15,MI00003669,20,Abitazioni civili,NORMALE,P,4100,5800,L,2025-2
NORD-OVEST,LOMBARDIA,MI,3015146,C1AA, ,F205,MILANO,C,C15,MI00003669,20,Abitazioni civili,OTTIMO, ,5900,7800,L,2025-2
NORD-OVEST,LOMBARDIA,MI,3015146,C1AA, ,F205,MILANO,C,C15,MI00003669,13,Box,NORMALE,P,1650,3100,L,2025-2
NORD-OVEST,LOMBARDIA,MI,3015146,C1AA, ,F205,MILANO,C,C15,MI00003669,1,Ville e Villini,NORMALE,P,3500,5400,L,2025-2
NORD-OVEST,LOMBARDIA,MI,3015146,C1AA, ,F205,MILANO,C,C15,MI00003669,1,Ville e Villini,OTTIMO, ,5500,6300,L,2025-2
NORD-OVEST,LOMBARDIA,MI,3015146,C1AA, ,F205,MILANO,C,C15,MI00003669,9,Magazzini,NORMALE,P,700,1100,L,2025-2
NORD-OVEST,LOMBARDIA,MI,3015146,C1AA, ,F205,MILANO,C,C15,MI00003669,5,Negozi,OTTIMO, ,3100,4900,L,2025-2
NORD-OVEST,LOMBARDIA,MI,3015146,C1AA, ,F205,MILANO,C,C15,MI00003669,5,Negozi,NORMALE,P,2200,3000,L,2025-2
NORD-OVEST,LOMBARDIA,MI,3015146,C1AA, ,F205,MILANO,C,C15,MI00003669,6,Uffici,OTTIMO,P,3000,4700,L,2025-2
NORD-OVEST,LOMBARDIA,MI,3015146,C1AA, ,F205,MILANO,C,C15,MI00003669,18,Uffici strutturati,OTTIMO,P,3700,6000,L,2025-2
NORD-OVEST,LOMBARDIA,MI,3015146,C1AA, ,F205,MILANO,C,C15,MI00003669,10,Laboratori,NORMALE,P,1000,1400,L,2025-2
NORD-OVEST,LOMBARDIA,MI,3015146,C1AA, ,F205,MILANO,C,C16,MI00004772,20,Abitazioni civili,OTTIMO, ,6500,9000,L,2025-2
NORD-OVEST,LOMBARDIA,MI,3015146,C1AA, ,F205,MILANO,C,C16,MI00004772,20,Abitazioni civili,NORMALE,P,4200,6400,L,2025-2
NORD-OVEST,LOMBARDIA,MI,3015146,C1AA, ,F205,MILANO,C,C16,MI00004772,13,Box,NORMALE,P,2200,3700,L,2025-2
NORD-OVEST,LOMBARDIA,MI,3015146,C1AA, ,F205,MILANO,C,C16,MI00004772,9,Magazzini,NORMALE,P,750,1200,L,2025-2
NORD-OVEST,LOMBARDIA,MI,3015146,C1AA, ,F205,MILANO,C,C16,MI00004772,5,Negozi,NORMALE,P,2600,4700,L,2025-2
NORD-OVEST,LOMBARDIA,MI,3015146,C1AA, ,F205,MILANO,C,C16,MI00004772,5,Negozi,OTTIMO, ,4800,6800,L,2025-2
NORD-OVEST,LOMBARDIA,MI,3015146,C1AA, ,F205,MILANO,C,C16,MI00004772,6,Uffici,OTTIMO,P,3200,4700,L,2025-2
NORD-OVEST,LOMBARDIA,MI,3015146,C1AA, ,F205,MILANO,C,C16,MI00004772,18,Uffici strutturati,OTTIMO,P,3200,5200,L,2025-2
NORD-OVEST,LOMBARDIA,MI,3015146,C1AA, ,F205,MILANO,C,C16,MI00004772,10,Laboratori,NORMALE,P,1200,1800,L,2025-2
NORD-OVEST,LOMBARDIA,MI,3015146,C1AA, ,F205,MILANO,C,C17,MI00004773,20,Abitazioni civili,OTTIMO, ,6900,10000,L,2025-2
NORD-OVEST,LOMBARDIA,MI,3015146,C1AA, ,F205,MILANO,C,C17,MI00004773,20,Abitazioni civili,NORMALE,P,5500,6800,L,2025-2
NORD-OVEST,LOMBARDIA,MI,3015146,C1AA, ,F205,MILANO,C,C17,MI00004773,19,Abitazioni signorili,NORMALE, ,7200,9800,L,2025-2
NORD-OVEST,LOMBARDIA,MI,3015146,C1AA, ,F205,MILANO,C,C17,MI00004773,19,Abitazioni signorili,OTTIMO,P,9900,12500,L,2025-2
NORD-OVEST,LOMBARDIA,MI,3015146,C1AA, ,F205,MILANO,C,C17,MI00004773,13,Box,NORMALE,P,2800,4000,L,2025-2
NORD-OVEST,LOMBARDIA,MI,3015146,C1AA, ,F205,MILANO,C,C17,MI00004773,1,Ville e Villini,OTTIMO,P,6200,8500,L,2025-2
NORD-OVEST,LOMBARDIA,MI,3015146,C1AA, ,F205,MILANO,C,C17,MI00004773,9,Magazzini,NORMALE,P,750,1300,L,2025-2
NORD-OVEST,LOMBARDIA,MI,3015146,C1AA, ,F205,MILANO,C,C17,MI00004773,5,Negozi,OTTIMO, ,4700,6800,L,2025-2
NORD-OVEST,LOMBARDIA,MI,3015146,C1AA, ,F205,MILANO,C,C17,MI00004773,5,Negozi,NORMALE,P,3000,4600,L,2025-2
NORD-OVEST,LOMBARDIA,MI,3015146,C1AA, ,F205,MILANO,C,C17,MI00004773,6,Uffici,OTTIMO,P,3900,5400,L,2025-2
NORD-OVEST,LOMBARDIA,MI,3015146,C1AA, ,F205,MILANO,C,C17,MI00004773,18,Uffici strutturati,OTTIMO,P,4100,6200,L,2025-2
NORD-OVEST,LOMBARDIA,MI,3015146,C1AA, ,F205,MILANO,C,C17,MI00004773,10,Laboratori,NORMALE,P,1000,1600,L,2025-2
NORD-OVEST,LOMBARDIA,MI,3015146,C1AA, ,F205,MILANO,C,C18,MI00004774,20,Abitazioni civili,OTTIMO, ,6400,8500,L,2025-2
NORD-OVEST,LOMBARDIA,MI,3015146,C1AA, ,F205,MILANO,C,C18,MI00004774,20,Abitazioni civili,NORMALE,P,4600,6300,L,2025-2
NORD-OVEST,LOMBARDIA,MI,3015146,C1AA, ,F205,MILANO,C,C18,MI00004774,13,Box,NORMALE,P,2400,3700,L,2025-2
NORD-OVEST,LOMBARDIA,MI,3015146,C1AA, ,F205,MILANO,C,C18,MI00004774,9,Magazzini,NORMALE,P,850,1400,L,2025-2
NORD-OVEST,LOMBARDIA,MI,3015146,C1AA, ,F205,MILANO,C,C18,MI00004774,5,Negozi,NORMALE, ,2700,4000,L,2025-2
NORD-OVEST,LOMBARDIA,MI,3015146,C1AA, ,F205,MILANO,C,C18,MI00004774,5,Negozi,OTTIMO,P,4100,7200,L,2025-2
NORD-OVEST,LOMBARDIA,MI,3015146,C1AA, ,F205,MILANO,C,C18,MI00004774,6,Uffici,OTTIMO,P,2800,4300,L,2025-2
NORD-OVEST,LOMBARDIA,MI,3015146,C1AA, ,F205,MILANO,C,C18,MI00004774,18,Uffici strutturati,OTTIMO,P,3000,5000,L,2025-2
NORD-OVEST,LOMBARDIA,MI,3015146,C1AA, ,F205,MILANO,C,C18,MI00004774,10,Laboratori,NORMALE,P,1100,1600,L,2025-2
NORD-OVEST,LOMBARDIA,MI,3015146,C1AA, ,F205,MILANO,C,C19,MI00004775,20,Abitazioni civili,OTTIMO, ,6200,8700,L,2025-2
NORD-OVEST,LOMBARDIA,MI,3015146,C1AA, ,F205,MILANO,C,C19,MI00004775,20,Abitazioni civili,NORMALE,P,4000,6100,L,2025-2
NORD-OVEST,LOMBARDIA,MI,3015146,C1AA, ,F205,MILANO,C,C19,MI00004775,13,Box,NORMALE,P,1700,3000,L,2025-2
NORD-OVEST,LOMBARDIA,MI,3015146,C1AA, ,F205,MILANO,C,C19,MI00004775,9,Magazzini,NORMALE,P,700,1100,L,2025-2
NORD-OVEST,LOMBARDIA,MI,3015146,C1AA, ,F205,MILANO,C,C19,MI00004775,5,Negozi,NORMALE,P,2600,3700,L,2025-2
NORD-OVEST,LOMBARDIA,MI,3015146,C1AA, ,F205,MILANO,C,C19,MI00004775,5,Negozi,OTTIMO, ,3800,5300,L,2025-2
NORD-OVEST,LOMBARDIA,MI,3015146,C1AA, ,F205,MILANO,C,C19,MI00004775,6,Uffici,OTTIMO,P,2700,3600,L,2025-2
NORD-OVEST,LOMBARDIA,MI,3015146,C1AA, ,F205,MILANO,C,C19,MI00004775,18,Uffici strutturati,OTTIMO,P,3100,4000,L,2025-2
NORD-OVEST,LOMBARDIA,MI,3015146,C1AA, ,F205,MILANO,C,C19,MI00004775,10,Laboratori,NORMALE,P,950,1550,L,2025-2
NORD-OVEST,LOMBARDIA,MI,3015146,C1AA, ,F205,MILANO,C,C20,MI00004776,20,Abitazioni civili,OTTIMO, ,6600,9400,L,2025-2
NORD-OVEST,LOMBARDIA,MI,3015146,C1AA, ,F205,MILANO,C,C20,MI00004776,20,Abitazioni civili,NORMALE,P,4500,6500,L,2025-2
NORD-OVEST,LOMBARDIA,MI,3015146,C1AA, ,F205,MILANO,C,C20,MI00004776,13,Box,NORMALE,P,2300,3800,L,2025-2
NORD-OVEST,LOMBARDIA,MI,3015146,C1AA, ,F205,MILANO,C,C20,MI00004776,9,Magazzini,NORMALE,P,800,1200,L,2025-2
NORD-OVEST,LOMBARDIA,MI,3015146,C1AA, ,F205,MILANO,C,C20,MI00004776,5,Negozi,NORMALE,P,2800,3700,L,2025-2
NORD-OVEST,LOMBARDIA,MI,3015146,C1AA, ,F205,MILANO,C,C20,MI00004776,5,Negozi,OTTIMO, ,3800,5700,L,2025-2
NORD-OVEST,LOMBARDIA,MI,3015146,C1AA, ,F205,MILANO,C,C20,MI00004776,6,Uffici,OTTIMO,P,3500,5200,L,2025-2
NORD-OVEST,LOMBARDIA,MI,3015146,C1AA, ,F205,MILANO,C,C20,MI00004776,18,Uffici strutturati,OTTIMO,P,3700,5900,L,2025-2
NORD-OVEST,LOMBARDIA,MI,3015146,C1AA, ,F205,MILANO,C,C20,MI00004776,10,Laboratori,NORMALE,P,1100,1500,L,2025-2
NORD-OVEST,LOMBARDIA,MI,3015146,C1AA, ,F205,MILANO,D,D10,MI00000317,20,Abitazioni civili,OTTIMO, ,4100,5300,L,2025-2
NORD-OVEST,LOMBARDIA,MI,3015146,C1AA, ,F205,MILANO,D,D10,MI00000317,20,Abitazioni civili,NORMALE,P,2900,4000,L,2025-2
NORD-OVEST,LOMBARDIA,MI,3015146,C1AA, ,F205,MILANO,D,D10,MI00000317,21,Abitazioni di tipo economico,NORMALE,P,2350,2700,L,2025-2
NORD-OVEST,LOMBARDIA,MI,3015146,C1AA, ,F205,MILANO,D,D10,MI00000317,21,Abitazioni di tipo economico,OTTIMO, ,2800,3600,L,2025-2
NORD-OVEST,LOMBARDIA,MI,3015146,C1AA, ,F205,MILANO,D,D10,MI00000317,13,Box,NORMALE,P,1500,2450,L,2025-2
NORD-OVEST,LOMBARDIA,MI,3015146,C1AA, ,F205,MILANO,D,D10,MI00000317,9,Magazzini,NORMALE,P,550,850,L,2025-2
NORD-OVEST,LOMBARDIA,MI,3015146,C1AA, ,F205,MILANO,D,D10,MI00000317,5,Negozi,NORMALE,P,1700,2600,L,2025-2
NORD-OVEST,LOMBARDIA,MI,3015146,C1AA, ,F205,MILANO,D,D10,MI00000317,6,Uffici,OTTIMO,P,1750,2650,L,2025-2
NORD-OVEST,LOMBARDIA,MI,3015146,C1AA, ,F205,MILANO,D,D10,MI00000317,18,Uffici strutturati,OTTIMO,P,2000,3000,L,2025-2
NORD-OVEST,LOMBARDIA,MI,3015146,C1AA, ,F205,MILANO,D,D10,MI00000317,8,Capannoni industriali,NORMALE,P,550,950,L,2025-2
NORD-OVEST,LOMBARDIA,MI,3015146,C1AA, ,F205,MILANO,D,D10,MI00000317,10,Laboratori,NORMALE,P,650,1100,L,2025-2
NORD-OVEST,LOMBARDIA,MI,3015146,C1AA, ,F205,MILANO,D,D12,MI00000319,20,Abitazioni civili,OTTIMO, ,5700,8000,L,2025-2
NORD-OVEST,LOMBARDIA,MI,3015146,C1AA, ,F205,MILANO,D,D12,MI00000319,20,Abitazioni civili,NORMALE,P,3800,5600,L,2025-2
NORD-OVEST,LOMBARDIA,MI,3015146,C1AA, ,F205,MILANO,D,D12,MI00000319,21,Abitazioni di tipo economico,NORMALE,P,2900,3400,L,2025-2
NORD-OVEST,LOMBARDIA,MI,3015146,C1AA, ,F205,MILANO,D,D12,MI00000319,21,Abitazioni di tipo economico,OTTIMO, ,3500,4000,L,2025-2
NORD-OVEST,LOMBARDIA,MI,3015146,C1AA, ,F205,MILANO,D,D12,MI00000319,13,Box,NORMALE,P,2300,3600,L,2025-2
NORD-OVEST,LOMBARDIA,MI,3015146,C1AA, ,F205,MILANO,D,D12,MI00000319,1,Ville e Villini,NORMALE,P,3300,5200,L,2025-2
NORD-OVEST,LOMBARDIA,MI,3015146,C1AA, ,F205,MILANO,D,D12,MI00000319,1,Ville e Villini,OTTIMO, ,5300,7300,L,2025-2
NORD-OVEST,LOMBARDIA,MI,3015146,C1AA, ,F205,MILANO,D,D12,MI00000319,9,Magazzini,NORMALE,P,850,1200,L,2025-2
NORD-OVEST,LOMBARDIA,MI,3015146,C1AA, ,F205,MILANO,D,D12,MI00000319,5,Negozi,OTTIMO, ,3300,5200,L,2025-2
NORD-OVEST,LOMBARDIA,MI,3015146,C1AA, ,F205,MILANO,D,D12,MI00000319,5,Negozi,NORMALE,P,2200,3200,L,2025-2
NORD-OVEST,LOMBARDIA,MI,3015146,C1AA, ,F205,MILANO,D,D12,MI00000319,6,Uffici,OTTIMO,P,2400,3800,L,2025-2
NORD-OVEST,LOMBARDIA,MI,3015146,C1AA, ,F205,MILANO,D,D12,MI00000319,18,Uffici strutturati,OTTIMO,P,2600,4300,L,2025-2
NORD-OVEST,LOMBARDIA,MI,3015146,C1AA, ,F205,MILANO,D,D12,MI00000319,8,Capannoni industriali,NORMALE,P,600,850,L,2025-2
NORD-OVEST,LOMBARDIA,MI,3015146,C1AA, ,F205,MILANO,D,D12,MI00000319,10,Laboratori,NORMALE,P,700,1500,L,2025-2
NORD-OVEST,LOMBARDIA,MI,3015146,C1AA, ,F205,MILANO,D,D13,MI00000320,20,Abitazioni civili,OTTIMO, ,4200,5500,L,2025-2
NORD-OVEST,LOMBARDIA,MI,3015146,C1AA, ,F205,MILANO,D,D13,MI00000320,20,Abitazioni civili,NORMALE,P,3100,4100,L,2025-2
NORD-OVEST,LOMBARDIA,MI,3015146,C1AA, ,F205,MILANO,D,D13,MI00000320,21,Abitazioni di tipo economico,NORMALE,P,2500,3000,L,2025-2
NORD-OVEST,LOMBARDIA,MI,3015146,C1AA, ,F205,MILANO,D,D13,MI00000320,21,Abitazioni di tipo economico,OTTIMO, ,3100,3700,L,2025-2
NORD-OVEST,LOMBARDIA,MI,3015146,C1AA, ,F205,MILANO,D,D13,MI00000320,13,Box,NORMALE,P,1550,2300,L,2025-2
NORD-OVEST,LOMBARDIA,MI,3015146,C1AA, ,F205,MILANO,D,D13,MI00000320,9,Magazzini,NORMALE,P,450,900,L,2025-2
NORD-OVEST,LOMBARDIA,MI,3015146,C1AA, ,F205,MILANO,D,D13,MI00000320,5,Negozi,NORMALE,P,1500,2500,L,2025-2
NORD-OVEST,LOMBARDIA,MI,3015146,C1AA, ,F205,MILANO,D,D13,MI00000320,6,Uffici,OTTIMO,P,2400,3100,L,2025-2
NORD-OVEST,LOMBARDIA,MI,3015146,C1AA, ,F205,MILANO,D,D13,MI00000320,18,Uffici strutturati,OTTIMO,P,2450,3200,L,2025-2
NORD-OVEST,LOMBARDIA,MI,3015146,C1AA, ,F205,MILANO,D,D13,MI00000320,8,Capannoni industriali,NORMALE,P,600,1000,L,2025-2
NORD-OVEST,LOMBARDIA,MI,3015146,C1AA, ,F205,MILANO,D,D13,MI00000320,10,Laboratori,NORMALE,P,750,1200,L,2025-2
NORD-OVEST,LOMBARDIA,MI,3015146,C1AA, ,F205,MILANO,D,D16,MI00000323,20,Abitazioni civili,OTTIMO, ,4300,6600,L,2025-2
NORD-OVEST,LOMBARDIA,MI,3015146,C1AA, ,F205,MILANO,D,D16,MI00000323,20,Abitazioni civili,NORMALE,P,3300,4200,L,2025-2
NORD-OVEST,LOMBARDIA,MI,3015146,C1AA, ,F205,MILANO,D,D16,MI00000323,21,Abitazioni di tipo economico,NORMALE,P,2800,3500,L,2025-2
NORD-OVEST,LOMBARDIA,MI,3015146,C1AA, ,F205,MILANO,D,D16,MI00000323,21,Abitazioni di tipo economico,OTTIMO, ,3600,4200,L,2025-2
NORD-OVEST,LOMBARDIA,MI,3015146,C1AA, ,F205,MILANO,D,D16,MI00000323,13,Box,NORMALE,P,1750,2800,L,2025-2
NORD-OVEST,LOMBARDIA,MI,3015146,C1AA, ,F205,MILANO,D,D16,MI00000323,9,Magazzini,NORMALE,P,650,1000,L,2025-2
NORD-OVEST,LOMBARDIA,MI,3015146,C1AA, ,F205,MILANO,D,D16,MI00000323,5,Negozi,NORMALE,P,1900,3700,L,2025-2
NORD-OVEST,LOMBARDIA,MI,3015146,C1AA, ,F205,MILANO,D,D16,MI00000323,6,Uffici,OTTIMO,P,2100,3200,L,2025-2
NORD-OVEST,LOMBARDIA,MI,3015146,C1AA, ,F205,MILANO,D,D16,MI00000323,18,Uffici strutturati,OTTIMO,P,2500,4000,L,2025-2
NORD-OVEST,LOMBARDIA,MI,3015146,C1AA, ,F205,MILANO,D,D16,MI00000323,8,Capannoni industriali,NORMALE,P,600,1050,L,2025-2
NORD-OVEST,LOMBARDIA,MI,3015146,C1AA, ,F205,MILANO,D,D16,MI00000323,10,Laboratori,NORMALE,P,700,1300,L,2025-2
NORD-OVEST,LOMBARDIA,MI,3015146,C1AA, ,F205,MILANO,D,D18,MI00000325,20,Abitazioni civili,OTTIMO, ,4000,5700,L,2025-2
NORD-OVEST,LOMBARDIA,MI,3015146,C1AA, ,F205,MILANO,D,D18,MI00000325,20,Abitazioni civili,NORMALE,P,2850,3900,L,2025-2
NORD-OVEST,LOMBARDIA,MI,3015146,C1AA, ,F205,MILANO,D,D18,MI00000325,21,Abitazioni di tipo economico,NORMALE,P,2150,2750,L,2025-2
NORD-OVEST,LOMBARDIA,MI,3015146,C1AA, ,F205,MILANO,D,D18,MI00000325,21,Abitazioni di tipo economico,OTTIMO, ,2800,3300,L,2025-2
NORD-OVEST,LOMBARDIA,MI,3015146,C1AA, ,F205,MILANO,D,D18,MI00000325,13,Box,NORMALE,P,1450,2500,L,2025-2
NORD-OVEST,LOMBARDIA,MI,3015146,C1AA, ,F205,MILANO,D,D18,MI00000325,9,Magazzini,NORMALE,P,450,800,L,2025-2
NORD-OVEST,LOMBARDIA,MI,3015146,C1AA, ,F205,MILANO,D,D18,MI00000325,5,Negozi,NORMALE,P,1950,3200,L,2025-2
NORD-OVEST,LOMBARDIA,MI,3015146,C1AA, ,F205,MILANO,D,D18,MI00000325,6,Uffici,OTTIMO,P,2100,3000,L,2025-2
NORD-OVEST,LOMBARDIA,MI,3015146,C1AA, ,F205,MILANO,D,D18,MI00000325,18,Uffici strutturati,OTTIMO,P,2400,3400,L,2025-2
NORD-OVEST,LOMBARDIA,MI,3015146,C1AA, ,F205,MILANO,D,D18,MI00000325,8,Capannoni industriali,NORMALE,P,650,950,L,2025-2
NORD-OVEST,LOMBARDIA,MI,3015146,C1AA, ,F205,MILANO,D,D18,MI00000325,10,Laboratori,NORMALE,P,850,1250,L,2025-2
NORD-OVEST,LOMBARDIA,MI,3015146,C1AA, ,F205,MILANO,D,D20,MI00000327,20,Abitazioni civili,OTTIMO, ,4300,5600,L,2025-2
NORD-OVEST,LOMBARDIA,MI,3015146,C1AA, ,F205,MILANO,D,D20,MI00000327,20,Abitazioni civili,NORMALE,P,3300,4200,L,2025-2
NORD-OVEST,LOMBARDIA,MI,3015146,C1AA, ,F205,MILANO,D,D20,MI00000327,21,Abitazioni di tipo economico,OTTIMO, ,3300,3600,L,2025-2
NORD-OVEST,LOMBARDIA,MI,3015146,C1AA, ,F205,MILANO,D,D20,MI00000327,21,Abitazioni di tipo economico,NORMALE,P,2900,3200,L,2025-2
NORD-OVEST,LOMBARDIA,MI,3015146,C1AA, ,F205,MILANO,D,D20,MI00000327,13,Box,NORMALE,P,1600,2400,L,2025-2
NORD-OVEST,LOMBARDIA,MI,3015146,C1AA, ,F205,MILANO,D,D20,MI00000327,9,Magazzini,NORMALE,P,600,1000,L,2025-2
NORD-OVEST,LOMBARDIA,MI,3015146,C1AA, ,F205,MILANO,D,D20,MI00000327,5,Negozi,NORMALE,P,1900,2500,L,2025-2
NORD-OVEST,LOMBARDIA,MI,3015146,C1AA, ,F205,MILANO,D,D20,MI00000327,5,Negozi,OTTIMO, ,2600,3500,L,2025-2
NORD-OVEST,LOMBARDIA,MI,3015146,C1AA, ,F205,MILANO,D,D20,MI00000327,6,Uffici,OTTIMO,P,2100,3200,L,2025-2
NORD-OVEST,LOMBARDIA,MI,3015146,C1AA, ,F205,MILANO,D,D20,MI00000327,18,Uffici strutturati,OTTIMO,P,2600,3500,L,2025-2
NORD-OVEST,LOMBARDIA,MI,3015146,C1AA, ,F205,MILANO,D,D20,MI00000327,8,Capannoni industriali,NORMALE,P,650,950,L,2025-2
NORD-OVEST,LOMBARDIA,MI,3015146,C1AA, ,F205,MILANO,D,D20,MI00000327,10,Laboratori,NORMALE,P,800,1200,L,2025-2
NORD-OVEST,LOMBARDIA,MI,3015146,C1AA, ,F205,MILANO,D,D21,MI00000328,20,Abitazioni civili,OTTIMO, ,4100,5100,L,2025-2
NORD-OVEST,LOMBARDIA,MI,3015146,C1AA, ,F205,MILANO,D,D21,MI00000328,20,Abitazioni civili,NORMALE,P,2700,4000,L,2025-2
NORD-OVEST,LOMBARDIA,MI,3015146,C1AA, ,F205,MILANO,D,D21,MI00000328,21,Abitazioni di tipo economico,OTTIMO, ,2900,3500,L,2025-2
NORD-OVEST,LOMBARDIA,MI,3015146,C1AA, ,F205,MILANO,D,D21,MI00000328,21,Abitazioni di tipo economico,NORMALE,P,2450,2800,L,2025-2
NORD-OVEST,LOMBARDIA,MI,3015146,C1AA, ,F205,MILANO,D,D21,MI00000328,13,Box,NORMALE,P,1400,2200,L,2025-2
NORD-OVEST,LOMBARDIA,MI,3015146,C1AA, ,F205,MILANO,D,D21,MI00000328,9,Magazzini,NORMALE,P,550,950,L,2025-2
NORD-OVEST,LOMBARDIA,MI,3015146,C1AA, ,F205,MILANO,D,D21,MI00000328,5,Negozi,NORMALE,P,1500,2350,L,2025-2
NORD-OVEST,LOMBARDIA,MI,3015146,C1AA, ,F205,MILANO,D,D21,MI00000328,5,Negozi,OTTIMO, ,2400,3500,L,2025-2
NORD-OVEST,LOMBARDIA,MI,3015146,C1AA, ,F205,MILANO,D,D21,MI00000328,6,Uffici,OTTIMO,P,2000,3100,L,2025-2
NORD-OVEST,LOMBARDIA,MI,3015146,C1AA, ,F205,MILANO,D,D21,MI00000328,18,Uffici strutturati,OTTIMO,P,2600,3400,L,2025-2
NORD-OVEST,LOMBARDIA,MI,3015146,C1AA, ,F205,MILANO,D,D21,MI00000328,8,Capannoni industriali,NORMALE,P,600,900,L,2025-2
NORD-OVEST,LOMBARDIA,MI,3015146,C1AA, ,F205,MILANO,D,D21,MI00000328,10,Laboratori,NORMALE,P,650,1150,L,2025-2
NORD-OVEST,LOMBARDIA,MI,3015146,C1AA, ,F205,MILANO,D,D24,MI00000331,20,Abitazioni civili,OTTIMO, ,4300,6300,L,2025-2
NORD-OVEST,LOMBARDIA,MI,3015146,C1AA, ,F205,MILANO,D,D24,MI00000331,20,Abitazioni civili,NORMALE,P,3600,4200,L,2025-2
NORD-OVEST,LOMBARDIA,MI,3015146,C1AA, ,F205,MILANO,D,D24,MI00000331,21,Abitazioni di tipo economico,OTTIMO, ,3400,4100,L,2025-2
NORD-OVEST,LOMBARDIA,MI,3015146,C1AA, ,F205,MILANO,D,D24,MI00000331,21,Abitazioni di tipo economico,NORMALE,P,2500,3300,L,2025-2
NORD-OVEST,LOMBARDIA,MI,3015146,C1AA, ,F205,MILANO,D,D24,MI00000331,13,Box,NORMALE,P,1800,3000,L,2025-2
NORD-OVEST,LOMBARDIA,MI,3015146,C1AA, ,F205,MILANO,D,D24,MI00000331,9,Magazzini,NORMALE,P,600,900,L,2025-2
NORD-OVEST,LOMBARDIA,MI,3015146,C1AA, ,F205,MILANO,D,D24,MI00000331,5,Negozi,NORMALE,P,1750,2550,L,2025-2
NORD-OVEST,LOMBARDIA,MI,3015146,C1AA, ,F205,MILANO,D,D24,MI00000331,5,Negozi,OTTIMO, ,2600,3600,L,2025-2
NORD-OVEST,LOMBARDIA,MI,3015146,C1AA, ,F205,MILANO,D,D24,MI00000331,6,Uffici,OTTIMO,P,1900,3200,L,2025-2
NORD-OVEST,LOMBARDIA,MI,3015146,C1AA, ,F205,MILANO,D,D24,MI00000331,18,Uffici strutturati,OTTIMO,P,2200,3500,L,2025-2
NORD-OVEST,LOMBARDIA,MI,3015146,C1AA, ,F205,MILANO,D,D24,MI00000331,8,Capannoni industriali,NORMALE,P,600,950,L,2025-2
NORD-OVEST,LOMBARDIA,MI,3015146,C1AA, ,F205,MILANO,D,D24,MI00000331,10,Laboratori,NORMALE,P,850,1450,L,2025-2
NORD-OVEST,LOMBARDIA,MI,3015146,C1AA, ,F205,MILANO,D,D25,MI00000332,20,Abitazioni civili,OTTIMO, ,3500,4500,L,2025-2
NORD-OVEST,LOMBARDIA,MI,3015146,C1AA, ,F205,MILANO,D,D25,MI00000332,20,Abitazioni civili,NORMALE,P,2900,3400,L,2025-2
NORD-OVEST,LOMBARDIA,MI,3015146,C1AA, ,F205,MILANO,D,D25,MI00000332,21,Abitazioni di tipo economico,OTTIMO, ,2850,3500,L,2025-2
NORD-OVEST,LOMBARDIA,MI,3015146,C1AA, ,F205,MILANO,D,D25,MI00000332,21,Abitazioni di tipo economico,NORMALE,P,2100,2800,L,2025-2
NORD-OVEST,LOMBARDIA,MI,3015146,C1AA, ,F205,MILANO,D,D25,MI00000332,13,Box,NORMALE,P,1500,2400,L,2025-2
NORD-OVEST,LOMBARDIA,MI,3015146,C1AA, ,F205,MILANO,D,D25,MI00000332,9,Magazzini,NORMALE,P,400,700,L,2025-2
NORD-OVEST,LOMBARDIA,MI,3015146,C1AA, ,F205,MILANO,D,D25,MI00000332,5,Negozi,NORMALE,P,1500,2200,L,2025-2
NORD-OVEST,LOMBARDIA,MI,3015146,C1AA, ,F205,MILANO,D,D25,MI00000332,5,Negozi,OTTIMO, ,2300,3100,L,2025-2
NORD-OVEST,LOMBARDIA,MI,3015146,C1AA, ,F205,MILANO,D,D25,MI00000332,6,Uffici,OTTIMO,P,1700,2200,L,2025-2
NORD-OVEST,LOMBARDIA,MI,3015146,C1AA, ,F205,MILANO,D,D25,MI00000332,18,Uffici strutturati,OTTIMO,P,2200,3100,L,2025-2
NORD-OVEST,LOMBARDIA,MI,3015146,C1AA, ,F205,MILANO,D,D25,MI00000332,8,Capannoni industriali,NORMALE,P,550,900,L,2025-2
NORD-OVEST,LOMBARDIA,MI,3015146,C1AA, ,F205,MILANO,D,D25,MI00000332,10,Laboratori,NORMALE,P,550,950,L,2025-2
NORD-OVEST,LOMBARDIA,MI,3015146,C1AA, ,F205,MILANO,D,D28,MI00000335,20,Abitazioni civili,OTTIMO, ,4400,5500,L,2025-2
NORD-OVEST,LOMBARDIA,MI,3015146,C1AA, ,F205,MILANO,D,D28,MI00000335,20,Abitazioni civili,NORMALE,P,3300,4300,L,2025-2
NORD-OVEST,LOMBARDIA,MI,3015146,C1AA, ,F205,MILANO,D,D28,MI00000335,21,Abitazioni di tipo economico,NORMALE,P,3000,3400,L,2025-2
NORD-OVEST,LOMBARDIA,MI,3015146,C1AA, ,F205,MILANO,D,D28,MI00000335,21,Abitazioni di tipo economico,OTTIMO, ,3500,4000,L,2025-2
NORD-OVEST,LOMBARDIA,MI,3015146,C1AA, ,F205,MILANO,D,D28,MI00000335,13,Box,NORMALE,P,1800,2400,L,2025-2
NORD-OVEST,LOMBARDIA,MI,3015146,C1AA, ,F205,MILANO,D,D28,MI00000335,1,Ville e Villini,NORMALE,P,3100,4000,L,2025-2
NORD-OVEST,LOMBARDIA,MI,3015146,C1AA, ,F205,MILANO,D,D28,MI00000335,1,Ville e Villini,OTTIMO, ,4100,5100,L,2025-2
NORD-OVEST,LOMBARDIA,MI,3015146,C1AA, ,F205,MILANO,D,D28,MI00000335,9,Magazzini,NORMALE,P,450,600,L,2025-2
NORD-OVEST,LOMBARDIA,MI,3015146,C1AA, ,F205,MILANO,D,D28,MI00000335,5,Negozi,NORMALE,P,1050,1450,L,2025-2
NORD-OVEST,LOMBARDIA,MI,3015146,C1AA, ,F205,MILANO,D,D28,MI00000335,6,Uffici,OTTIMO,P,1650,2700,L,2025-2
NORD-OVEST,LOMBARDIA,MI,3015146,C1AA, ,F205,MILANO,D,D28,MI00000335,18,Uffici strutturati,OTTIMO,P,2300,3100,L,2025-2
NORD-OVEST,LOMBARDIA,MI,3015146,C1AA, ,F205,MILANO,D,D28,MI00000335,8,Capannoni industriali,NORMALE,P,550,800,L,2025-2
NORD-OVEST,LOMBARDIA,MI,3015146,C1AA, ,F205,MILANO,D,D28,MI00000335,10,Laboratori,NORMALE,P,600,900,L,2025-2
NORD-OVEST,LOMBARDIA,MI,3015146,C1AA, ,F205,MILANO,D,D31,MI00004778,20,Abitazioni civili,OTTIMO, ,4400,5300,L,2025-2
NORD-OVEST,LOMBARDIA,MI,3015146,C1AA, ,F205,MILANO,D,D31,MI00004778,20,Abitazioni civili,NORMALE,P,2800,4300,L,2025-2
NORD-OVEST,LOMBARDIA,MI,3015146,C1AA, ,F205,MILANO,D,D31,MI00004778,21,Abitazioni di tipo economico,NORMALE,P,2000,2800,L,2025-2
NORD-OVEST,LOMBARDIA,MI,3015146,C1AA, ,F205,MILANO,D,D31,MI00004778,21,Abitazioni di tipo economico,OTTIMO, ,2850,3600,L,2025-2
NORD-OVEST,LOMBARDIA,MI,3015146,C1AA, ,F205,MILANO,D,D31,MI00004778,13,Box,NORMALE,P,1350,2150,L,2025-2
NORD-OVEST,LOMBARDIA,MI,3015146,C1AA, ,F205,MILANO,D,D31,MI00004778,9,Magazzini,NORMALE,P,600,950,L,2025-2
NORD-OVEST,LOMBARDIA,MI,3015146,C1AA, ,F205,MILANO,D,D31,MI00004778,5,Negozi,NORMALE,P,1600,2800,L,2025-2
NORD-OVEST,LOMBARDIA,MI,3015146,C1AA, ,F205,MILANO,D,D31,MI00004778,6,Uffici,OTTIMO,P,1600,2600,L,2025-2
NORD-OVEST,LOMBARDIA,MI,3015146,C1AA, ,F205,MILANO,D,D31,MI00004778,18,Uffici strutturati,OTTIMO,P,2200,3000,L,2025-2
NORD-OVEST,LOMBARDIA,MI,3015146,C1AA, ,F205,MILANO,D,D31,MI00004778,8,Capannoni industriali,NORMALE,P,650,850,L,2025-2
NORD-OVEST,LOMBARDIA,MI,3015146,C1AA, ,F205,MILANO,D,D31,MI00004778,10,Laboratori,NORMALE,P,700,1450,L,2025-2
NORD-OVEST,LOMBARDIA,MI,3015146,C1AA, ,F205,MILANO,D,D32,MI00004779,20,Abitazioni civili,OTTIMO, ,3400,4900,L,2025-2
NORD-OVEST,LOMBARDIA,MI,3015146,C1AA, ,F205,MILANO,D,D32,MI00004779,20,Abitazioni civili,NORMALE,P,2700,3300,L,2025-2
NORD-OVEST,LOMBARDIA,MI,3015146,C1AA, ,F205,MILANO,D,D32,MI00004779,21,Abitazioni di tipo economico,NORMALE,P,1750,2600,L,2025-2
NORD-OVEST,LOMBARDIA,MI,3015146,C1AA, ,F205,MILANO,D,D32,MI00004779,21,Abitazioni di tipo economico,OTTIMO, ,2650,3400,L,2025-2
NORD-OVEST,LOMBARDIA,MI,3015146,C1AA, ,F205,MILANO,D,D32,MI00004779,13,Box,NORMALE,P,1200,2000,L,2025-2
NORD-OVEST,LOMBARDIA,MI,3015146,C1AA, ,F205,MILANO,D,D32,MI00004779,1,Ville e Villini,NORMALE,P,1900,2950,L,2025-2
NORD-OVEST,LOMBARDIA,MI,3015146,C1AA, ,F205,MILANO,D,D32,MI00004779,1,Ville e Villini,OTTIMO, ,3000,4300,L,2025-2
NORD-OVEST,LOMBARDIA,MI,3015146,C1AA, ,F205,MILANO,D,D32,MI00004779,9,Magazzini,NORMALE,P,450,800,L,2025-2
NORD-OVEST,LOMBARDIA,MI,3015146,C1AA, ,F205,MILANO,D,D32,MI00004779,5,Negozi,NORMALE,P,1450,2600,L,2025-2
NORD-OVEST,LOMBARDIA,MI,3015146,C1AA, ,F205,MILANO,D,D32,MI00004779,6,Uffici,OTTIMO,P,1700,2400,L,2025-2
NORD-OVEST,LOMBARDIA,MI,3015146,C1AA, ,F205,MILANO,D,D32,MI00004779,18,Uffici strutturati,OTTIMO,P,2200,2800,L,2025-2
NORD-OVEST,LOMBARDIA,MI,3015146,C1AA, ,F205,MILANO,D,D32,MI00004779,8,Capannoni industriali,NORMALE,P,700,1100,L,2025-2
NORD-OVEST,LOMBARDIA,MI,3015146,C1AA, ,F205,MILANO,D,D32,MI00004779,10,Laboratori,NORMALE,P,600,1200,L,2025-2
NORD-OVEST,LOMBARDIA,MI,3015146,C1AA, ,F205,MILANO,D,D33,MI00004780,20,Abitazioni civili,OTTIMO, ,4000,4700,L,2025-2
NORD-OVEST,LOMBARDIA,MI,3015146,C1AA, ,F205,MILANO,D,D33,MI00004780,20,Abitazioni civili,NORMALE,P,2900,3900,L,2025-2
NORD-OVEST,LOMBARDIA,MI,3015146,C1AA, ,F205,MILANO,D,D33,MI00004780,21,Abitazioni di tipo economico,NORMALE,P,2200,2800,L,2025-2
NORD-OVEST,LOMBARDIA,MI,3015146,C1AA, ,F205,MILANO,D,D33,MI00004780,21,Abitazioni di tipo economico,OTTIMO, ,2850,3700,L,2025-2
NORD-OVEST,LOMBARDIA,MI,3015146,C1AA, ,F205,MILANO,D,D33,MI00004780,13,Box,NORMALE,P,1300,2000,L,2025-2
NORD-OVEST,LOMBARDIA,MI,3015146,C1AA, ,F205,MILANO,D,D33,MI00004780,9,Magazzini,NORMALE,P,400,650,L,2025-2
NORD-OVEST,LOMBARDIA,MI,3015146,C1AA, ,F205,MILANO,D,D33,MI00004780,5,Negozi,NORMALE,P,1500,2400,L,2025-2
NORD-OVEST,LOMBARDIA,MI,3015146,C1AA, ,F205,MILANO,D,D33,MI00004780,6,Uffici,OTTIMO,P,1650,2300,L,2025-2
NORD-OVEST,LOMBARDIA,MI,3015146,C1AA, ,F205,MILANO,D,D33,MI00004780,18,Uffici strutturati,OTTIMO,P,2100,2850,L,2025-2
NORD-OVEST,LOMBARDIA,MI,3015146,C1AA, ,F205,MILANO,D,D33,MI00004780,8,Capannoni industriali,NORMALE,P,650,1000,L,2025-2
NORD-OVEST,LOMBARDIA,MI,3015146,C1AA, ,F205,MILANO,D,D33,MI00004780,10,Laboratori,NORMALE,P,700,1300,L,2025-2
NORD-OVEST,LOMBARDIA,MI,3015146,C1AA, ,F205,MILANO,D,D34,MI00004781,20,Abitazioni civili,OTTIMO, ,4300,4900,L,2025-2
NORD-OVEST,LOMBARDIA,MI,3015146,C1AA, ,F205,MILANO,D,D34,MI00004781,20,Abitazioni civili,NORMALE,P,3300,4200,L,2025-2
NORD-OVEST,LOMBARDIA,MI,3015146,C1AA, ,F205,MILANO,D,D34,MI00004781,21,Abitazioni di tipo economico,NORMALE,P,2900,3200,L,2025-2
NORD-OVEST,LOMBARDIA,MI,3015146,C1AA, ,F205,MILANO,D,D34,MI00004781,21,Abitazioni di tipo economico,OTTIMO, ,3300,4300,L,2025-2
NORD-OVEST,LOMBARDIA,MI,3015146,C1AA, ,F205,MILANO,D,D34,MI00004781,13,Box,NORMALE,P,1200,1800,L,2025-2
NORD-OVEST,LOMBARDIA,MI,3015146,C1AA, ,F205,MILANO,D,D34,MI00004781,9,Magazzini,NORMALE,P,550,800,L,2025-2
NORD-OVEST,LOMBARDIA,MI,3015146,C1AA, ,F205,MILANO,D,D34,MI00004781,5,Negozi,NORMALE,P,1150,1800,L,2025-2
NORD-OVEST,LOMBARDIA,MI,3015146,C1AA, ,F205,MILANO,D,D34,MI00004781,6,Uffici,OTTIMO,P,1700,2200,L,2025-2
NORD-OVEST,LOMBARDIA,MI,3015146,C1AA, ,F205,MILANO,D,D34,MI00004781,18,Uffici strutturati,OTTIMO,P,2300,3200,L,2025-2
NORD-OVEST,LOMBARDIA,MI,3015146,C1AA, ,F205,MILANO,D,D34,MI00004781,8,Capannoni industriali,NORMALE,P,550,900,L,2025-2
NORD-OVEST,LOMBARDIA,MI,3015146,C1AA, ,F205,MILANO,D,D34,MI00004781,10,Laboratori,NORMALE,P,650,1000,L,2025-2
NORD-OVEST,LOMBARDIA,MI,3015146,C1AA, ,F205,MILANO,D,D35,MI00004782,20,Abitazioni civili,OTTIMO, ,4200,5700,L,2025-2
NORD-OVEST,LOMBARDIA,MI,3015146,C1AA, ,F205,MILANO,D,D35,MI00004782,20,Abitazioni civili,NORMALE,P,2750,4100,L,2025-2
NORD-OVEST,LOMBARDIA,MI,3015146,C1AA, ,F205,MILANO,D,D35,MI00004782,21,Abitazioni di tipo economico,NORMALE,P,2100,2800,L,2025-2
NORD-OVEST,LOMBARDIA,MI,3015146,C1AA, ,F205,MILANO,D,D35,MI00004782,21,Abitazioni di tipo economico,OTTIMO, ,2900,3700,L,2025-2
NORD-OVEST,LOMBARDIA,MI,3015146,C1AA, ,F205,MILANO,D,D35,MI00004782,13,Box,NORMALE,P,1400,2400,L,2025-2
NORD-OVEST,LOMBARDIA,MI,3015146,C1AA, ,F205,MILANO,D,D35,MI00004782,9,Magazzini,NORMALE,P,600,800,L,2025-2
NORD-OVEST,LOMBARDIA,MI,3015146,C1AA, ,F205,MILANO,D,D35,MI00004782,5,Negozi,NORMALE,P,1700,2500,L,2025-2
NORD-OVEST,LOMBARDIA,MI,3015146,C1AA, ,F205,MILANO,D,D35,MI00004782,6,Uffici,OTTIMO,P,1850,2750,L,2025-2
NORD-OVEST,LOMBARDIA,MI,3015146,C1AA, ,F205,MILANO,D,D35,MI00004782,18,Uffici strutturati,OTTIMO,P,2400,3300,L,2025-2
NORD-OVEST,LOMBARDIA,MI,3015146,C1AA, ,F205,MILANO,D,D35,MI00004782,8,Capannoni industriali,NORMALE,P,650,1150,L,2025-2
NORD-OVEST,LOMBARDIA,MI,3015146,C1AA, ,F205,MILANO,D,D35,MI00004782,10,Laboratori,NORMALE,P,800,1450,L,2025-2
NORD-OVEST,LOMBARDIA,MI,3015146,C1AA, ,F205,MILANO,D,D36,MI00004783,20,Abitazioni civili,OTTIMO, ,4700,6800,L,2025-2
NORD-OVEST,LOMBARDIA,MI,3015146,C1AA, ,F205,MILANO,D,D36,MI00004783,20,Abitazioni civili,NORMALE,P,3600,4600,L,2025-2
NORD-OVEST,LOMBARDIA,MI,3015146,C1AA, ,F205,MILANO,D,D36,MI00004783,21,Abitazioni di tipo economico,NORMALE,P,2300,3400,L,2025-2
NORD-OVEST,LOMBARDIA,MI,3015146,C1AA, ,F205,MILANO,D,D36,MI00004783,21,Abitazioni di tipo economico,OTTIMO, ,3500,4500,L,2025-2
NORD-OVEST,LOMBARDIA,MI,3015146,C1AA, ,F205,MILANO,D,D36,MI00004783,13,Box,NORMALE,P,1700,2750,L,2025-2
NORD-OVEST,LOMBARDIA,MI,3015146,C1AA, ,F205,MILANO,D,D36,MI00004783,9,Magazzini,NORMALE,P,450,850,L,2025-2
NORD-OVEST,LOMBARDIA,MI,3015146,C1AA, ,F205,MILANO,D,D36,MI00004783,5,Negozi,NORMALE,P,1750,3500,L,2025-2
NORD-OVEST,LOMBARDIA,MI,3015146,C1AA, ,F205,MILANO,D,D36,MI00004783,6,Uffici,OTTIMO,P,1800,3000,L,2025-2
NORD-OVEST,LOMBARDIA,MI,3015146,C1AA, ,F205,MILANO,D,D36,MI00004783,18,Uffici strutturati,OTTIMO,P,2200,3400,L,2025-2
NORD-OVEST,LOMBARDIA,MI,3015146,C1AA, ,F205,MILANO,D,D36,MI00004783,8,Capannoni industriali,NORMALE,P,750,1000,L,2025-2
NORD-OVEST,LOMBARDIA,MI,3015146,C1AA, ,F205,MILANO,D,D36,MI00004783,10,Laboratori,NORMALE,P,850,1400,L,2025-2
NORD-OVEST,LOMBARDIA,MI,3015146,C1AA, ,F205,MILANO,D,D37,MI00011747,20,Abitazioni civili,OTTIMO, ,3600,4800,L,2025-2
NORD-OVEST,LOMBARDIA,MI,3015146,C1AA, ,F205,MILANO,D,D37,MI00011747,20,Abitazioni civili,NORMALE,P,2800,3500,L,2025-2
NORD-OVEST,LOMBARDIA,MI,3015146,C1AA, ,F205,MILANO,D,D37,MI00011747,21,Abitazioni di tipo economico,OTTIMO, ,2750,3500,L,2025-2
NORD-OVEST,LOMBARDIA,MI,3015146,C1AA, ,F205,MILANO,D,D37,MI00011747,21,Abitazioni di tipo economico,NORMALE,P,1900,2700,L,2025-2
NORD-OVEST,LOMBARDIA,MI,3015146,C1AA, ,F205,MILANO,D,D37,MI00011747,13,Box,NORMALE,P,1350,2200,L,2025-2
NORD-OVEST,LOMBARDIA,MI,3015146,C1AA, ,F205,MILANO,D,D37,MI00011747,9,Magazzini,NORMALE,P,500,800,L,2025-2
NORD-OVEST,LOMBARDIA,MI,3015146,C1AA, ,F205,MILANO,D,D37,MI00011747,5,Negozi,NORMALE,P,1450,2000,L,2025-2
NORD-OVEST,LOMBARDIA,MI,3015146,C1AA, ,F205,MILANO,D,D37,MI00011747,5,Negozi,OTTIMO, ,2100,2800,L,2025-2
NORD-OVEST,LOMBARDIA,MI,3015146,C1AA, ,F205,MILANO,D,D37,MI00011747,6,Uffici,OTTIMO,P,1800,2800,L,2025-2
NORD-OVEST,LOMBARDIA,MI,3015146,C1AA, ,F205,MILANO,D,D37,MI00011747,18,Uffici strutturati,OTTIMO,P,2000,3000,L,2025-2
NORD-OVEST,LOMBARDIA,MI,3015146,C1AA, ,F205,MILANO,D,D37,MI00011747,8,Capannoni industriali,NORMALE,P,650,1000,L,2025-2
NORD-OVEST,LOMBARDIA,MI,3015146,C1AA, ,F205,MILANO,D,D37,MI00011747,10,Laboratori,NORMALE,P,850,1200,L,2025-2
NORD-OVEST,LOMBARDIA,MI,3015146,C1AA, ,F205,MILANO,D,D38,MI00011748,20,Abitazioni civili,OTTIMO, ,4100,4800,L,2025-2
NORD-OVEST,LOMBARDIA,MI,3015146,C1AA, ,F205,MILANO,D,D38,MI00011748,20,Abitazioni civili,NORMALE,P,3200,4000,L,2025-2
NORD-OVEST,LOMBARDIA,MI,3015146,C1AA, ,F205,MILANO,D,D38,MI00011748,21,Abitazioni di tipo economico,OTTIMO, ,2700,3500,L,2025-2
NORD-OVEST,LOMBARDIA,MI,3015146,C1AA, ,F205,MILANO,D,D38,MI00011748,21,Abitazioni di tipo economico,NORMALE,P,2000,2650,L,2025-2
NORD-OVEST,LOMBARDIA,MI,3015146,C1AA, ,F205,MILANO,D,D38,MI00011748,13,Box,NORMALE,P,1500,1950,L,2025-2
NORD-OVEST,LOMBARDIA,MI,3015146,C1AA, ,F205,MILANO,D,D38,MI00011748,9,Magazzini,NORMALE,P,450,800,L,2025-2
NORD-OVEST,LOMBARDIA,MI,3015146,C1AA, ,F205,MILANO,D,D38,MI00011748,5,Negozi,NORMALE,P,1600,2100,L,2025-2
NORD-OVEST,LOMBARDIA,MI,3015146,C1AA, ,F205,MILANO,D,D38,MI00011748,5,Negozi,OTTIMO, ,2200,3200,L,2025-2
NORD-OVEST,LOMBARDIA,MI,3015146,C1AA, ,F205,MILANO,D,D38,MI00011748,6,Uffici,OTTIMO,P,2000,3100,L,2025-2
NORD-OVEST,LOMBARDIA,MI,3015146,C1AA, ,F205,MILANO,D,D38,MI00011748,18,Uffici strutturati,OTTIMO,P,2500,3400,L,2025-2
NORD-OVEST,LOMBARDIA,MI,3015146,C1AA, ,F205,MILANO,D,D38,MI00011748,8,Capannoni industriali,NORMALE,P,650,1000,L,2025-2
NORD-OVEST,LOMBARDIA,MI,3015146,C1AA, ,F205,MILANO,D,D38,MI00011748,10,Laboratori,NORMALE,P,800,1200,L,2025-2
NORD-OVEST,LOMBARDIA,MI,3015146,C1AA, ,F205,MILANO,D,D39,MI00011750,20,Abitazioni civili,OTTIMO,P,3900,5700,L,2025-2
NORD-OVEST,LOMBARDIA,MI,3015146,C1AA, ,F205,MILANO,D,D39,MI00011750,13,Box,NORMALE,P,1450,2200,L,2025-2
NORD-OVEST,LOMBARDIA,MI,3015146,C1AA, ,F205,MILANO,D,D39,MI00011750,9,Magazzini,OTTIMO,P,700,1000,L,2025-2
NORD-OVEST,LOMBARDIA,MI,3015146,C1AA, ,F205,MILANO,D,D39,MI00011750,5,Negozi,NORMALE,P,2600,4100,L,2025-2
NORD-OVEST,LOMBARDIA,MI,3015146,C1AA, ,F205,MILANO,D,D39,MI00011750,6,Uffici,OTTIMO,P,1800,2800,L,2025-2
NORD-OVEST,LOMBARDIA,MI,3015146,C1AA, ,F205,MILANO,D,D39,MI00011750,18,Uffici strutturati,OTTIMO,P,2500,3500,L,2025-2
NORD-OVEST,LOMBARDIA,MI,3015146,C1AA, ,F205,MILANO,D,D39,MI00011750,8,Capannoni industriali,NORMALE,P,700,1050,L,2025-2
NORD-OVEST,LOMBARDIA,MI,3015146,C1AA, ,F205,MILANO,D,D39,MI00011750,10,Laboratori,NORMALE,P,850,1300,L,2025-2
NORD-OVEST,LOMBARDIA,MI,3015146,C1AA, ,F205,MILANO,D,D40,MI00011751,20,Abitazioni civili,OTTIMO, ,3600,5000,L,2025-2
NORD-OVEST,LOMBARDIA,MI,3015146,C1AA, ,F205,MILANO,D,D40,MI00011751,20,Abitazioni civili,NORMALE,P,2750,3500,L,2025-2
NORD-OVEST,LOMBARDIA,MI,3015146,C1AA, ,F205,MILANO,D,D40,MI00011751,21,Abitazioni di tipo economico,OTTIMO, ,2800,3600,L,2025-2
NORD-OVEST,LOMBARDIA,MI,3015146,C1AA, ,F205,MILANO,D,D40,MI00011751,21,Abitazioni di tipo economico,NORMALE,P,2400,2750,L,2025-2
NORD-OVEST,LOMBARDIA,MI,3015146,C1AA, ,F205,MILANO,D,D40,MI00011751,13,Box,NORMALE,P,1450,2300,L,2025-2
NORD-OVEST,LOMBARDIA,MI,3015146,C1AA, ,F205,MILANO,D,D40,MI00011751,9,Magazzini,NORMALE,P,550,900,L,2025-2
NORD-OVEST,LOMBARDIA,MI,3015146,C1AA, ,F205,MILANO,D,D40,MI00011751,5,Negozi,NORMALE,P,1400,2200,L,2025-2
NORD-OVEST,LOMBARDIA,MI,3015146,C1AA, ,F205,MILANO,D,D40,MI00011751,5,Negozi,OTTIMO, ,2250,3600,L,2025-2
NORD-OVEST,LOMBARDIA,MI,3015146,C1AA, ,F205,MILANO,D,D40,MI00011751,6,Uffici,OTTIMO,P,1800,2800,L,2025-2
NORD-OVEST,LOMBARDIA,MI,3015146,C1AA, ,F205,MILANO,D,D40,MI00011751,18,Uffici strutturati,OTTIMO,P,2400,3500,L,2025-2
NORD-OVEST,LOMBARDIA,MI,3015146,C1AA, ,F205,MILANO,D,D40,MI00011751,8,Capannoni industriali,NORMALE,P,650,1050,L,2025-2
NORD-OVEST,LOMBARDIA,MI,3015146,C1AA, ,F205,MILANO,D,D40,MI00011751,10,Laboratori,NORMALE,P,800,1150,L,2025-2
NORD-OVEST,LOMBARDIA,MI,3015146,C1AA, ,F205,MILANO,E,E5,MI00004784,20,Abitazioni civili,OTTIMO, ,3200,3500,L,2025-2
NORD-OVEST,LOMBARDIA,MI,3015146,C1AA, ,F205,MILANO,E,E5,MI00004784,20,Abitazioni civili,NORMALE,P,2150,3100,L,2025-2
NORD-OVEST,LOMBARDIA,MI,3015146,C1AA, ,F205,MILANO,E,E5,MI00004784,21,Abitazioni di tipo economico,NORMALE,P,1600,2400,L,2025-2
NORD-OVEST,LOMBARDIA,MI,3015146,C1AA, ,F205,MILANO,E,E5,MI00004784,21,Abitazioni di tipo economico,OTTIMO, ,2450,2700,L,2025-2
NORD-OVEST,LOMBARDIA,MI,3015146,C1AA, ,F205,MILANO,E,E5,MI00004784,13,Box,NORMALE,P,1000,1500,L,2025-2
NORD-OVEST,LOMBARDIA,MI,3015146,C1AA, ,F205,MILANO,E,E5,MI00004784,1,Ville e Villini,NORMALE,P,1750,2400,L,2025-2
NORD-OVEST,LOMBARDIA,MI,3015146,C1AA, ,F205,MILANO,E,E5,MI00004784,1,Ville e Villini,OTTIMO, ,2500,2800,L,2025-2
NORD-OVEST,LOMBARDIA,MI,3015146,C1AA, ,F205,MILANO,E,E5,MI00004784,9,Magazzini,NORMALE,P,450,750,L,2025-2
NORD-OVEST,LOMBARDIA,MI,3015146,C1AA, ,F205,MILANO,E,E5,MI00004784,5,Negozi,NORMALE,P,1100,1700,L,2025-2
NORD-OVEST,LOMBARDIA,MI,3015146,C1AA, ,F205,MILANO,E,E5,MI00004784,6,Uffici,OTTIMO,P,1100,1650,L,2025-2
NORD-OVEST,LOMBARDIA,MI,3015146,C1AA, ,F205,MILANO,E,E5,MI00004784,18,Uffici strutturati,OTTIMO,P,2000,2600,L,2025-2
NORD-OVEST,LOMBARDIA,MI,3015146,C1AA, ,F205,MILANO,E,E5,MI00004784,8,Capannoni industriali,NORMALE,P,500,800,L,2025-2
NORD-OVEST,LOMBARDIA,MI,3015146,C1AA, ,F205,MILANO,E,E5,MI00004784,10,Laboratori,NORMALE,P,550,700,L,2025-2
NORD-OVEST,LOMBARDIA,MI,3015146,C1AA, ,F205,MILANO,E,E6,MI00004785,20,Abitazioni civili,OTTIMO, ,3500,4200,L,2025-2
NORD-OVEST,LOMBARDIA,MI,3015146,C1AA, ,F205,MILANO,E,E6,MI00004785,20,Abitazioni civili,NORMALE,P,2600,3500,L,2025-2
NORD-OVEST,LOMBARDIA,MI,3015146,C1AA, ,F205,MILANO,E,E6,MI00004785,21,Abitazioni di tipo economico,NORMALE,P,2100,2550,L,2025-2
NORD-OVEST,LOMBARDIA,MI,3015146,C1AA, ,F205,MILANO,E,E6,MI00004785,21,Abitazioni di tipo economico,OTTIMO, ,2600,3200,L,2025-2
NORD-OVEST,LOMBARDIA,MI,3015146,C1AA, ,F205,MILANO,E,E6,MI00004785,13,Box,NORMALE,P,1100,1700,L,2025-2
NORD-OVEST,LOMBARDIA,MI,3015146,C1AA, ,F205,MILANO,E,E6,MI00004785,9,Magazzini,NORMALE,P,300,550,L,2025-2
NORD-OVEST,LOMBARDIA,MI,3015146,C1AA, ,F205,MILANO,E,E6,MI00004785,5,Negozi,NORMALE,P,1200,2100,L,2025-2
NORD-OVEST,LOMBARDIA,MI,3015146,C1AA, ,F205,MILANO,E,E6,MI00004785,6,Uffici,OTTIMO,P,1600,2200,L,2025-2
NORD-OVEST,LOMBARDIA,MI,3015146,C1AA, ,F205,MILANO,E,E6,MI00004785,18,Uffici strutturati,OTTIMO,P,2100,2900,L,2025-2
NORD-OVEST,LOMBARDIA,MI,3015146,C1AA, ,F205,MILANO,E,E6,MI00004785,8,Capannoni industriali,NORMALE,P,550,800,L,2025-2
NORD-OVEST,LOMBARDIA,MI,3015146,C1AA, ,F205,MILANO,E,E6,MI00004785,10,Laboratori,NORMALE,P,700,950,L,2025-2
NORD-OVEST,LOMBARDIA,MI,3015146,C1AA, ,F205,MILANO,E,E7,MI00004786,20,Abitazioni civili,OTTIMO, ,2700,3100,L,2025-2
NORD-OVEST,LOMBARDIA,MI,3015146,C1AA, ,F205,MILANO,E,E7,MI00004786,20,Abitazioni civili,NORMALE,P,2200,2650,L,2025-2
NORD-OVEST,LOMBARDIA,MI,3015146,C1AA, ,F205,MILANO,E,E7,MI00004786,21,Abitazioni di tipo economico,NORMALE,P,1900,2350,L,2025-2
NORD-OVEST,LOMBARDIA,MI,3015146,C1AA, ,F205,MILANO,E,E7,MI00004786,21,Abitazioni di tipo economico,OTTIMO, ,2400,2700,L,2025-2
NORD-OVEST,LOMBARDIA,MI,3015146,C1AA, ,F205,MILANO,E,E7,MI00004786,13,Box,NORMALE,P,1000,1550,L,2025-2
NORD-OVEST,LOMBARDIA,MI,3015146,C1AA, ,F205,MILANO,E,E7,MI00004786,9,Magazzini,NORMALE,P,300,550,L,2025-2
NORD-OVEST,LOMBARDIA,MI,3015146,C1AA, ,F205,MILANO,E,E7,MI00004786,5,Negozi,NORMALE,P,800,1500,L,2025-2
NORD-OVEST,LOMBARDIA,MI,3015146,C1AA, ,F205,MILANO,E,E7,MI00004786,6,Uffici,OTTIMO,P,1550,2000,L,2025-2
NORD-OVEST,LOMBARDIA,MI,3015146,C1AA, ,F205,MILANO,E,E7,MI00004786,18,Uffici strutturati,OTTIMO,P,2000,2650,L,2025-2
NORD-OVEST,LOMBARDIA,MI,3015146,C1AA, ,F205,MILANO,E,E7,MI00004786,8,Capannoni industriali,NORMALE,P,600,850,L,2025-2
NORD-OVEST,LOMBARDIA,MI,3015146,C1AA, ,F205,MILANO,E,E7,MI00004786,10,Laboratori,NORMALE,P,550,1000,L,2025-2
NORD-OVEST,LOMBARDIA,MI,3015146,C1AA, ,F205,MILANO,E,E8,MI00004787,20,Abitazioni civili,OTTIMO, ,2750,3700,L,2025-2
NORD-OVEST,LOMBARDIA,MI,3015146,C1AA, ,F205,MILANO,E,E8,MI00004787,20,Abitazioni civili,NORMALE,P,1850,2700,L,2025-2
NORD-OVEST,LOMBARDIA,MI,3015146,C1AA, ,F205,MILANO,E,E8,MI00004787,21,Abitazioni di tipo economico,NORMALE,P,1700,2300,L,2025-2
NORD-OVEST,LOMBARDIA,MI,3015146,C1AA, ,F205,MILANO,E,E8,MI00004787,21,Abitazioni di tipo economico,OTTIMO, ,2350,2700,L,2025-2
NORD-OVEST,LOMBARDIA,MI,3015146,C1AA, ,F205,MILANO,E,E8,MI00004787,13,Box,NORMALE,P,1000,1550,L,2025-2
NORD-OVEST,LOMBARDIA,MI,3015146,C1AA, ,F205,MILANO,E,E8,MI00004787,9,Magazzini,NORMALE,P,350,700,L,2025-2
NORD-OVEST,LOMBARDIA,MI,3015146,C1AA, ,F205,MILANO,E,E8,MI00004787,5,Negozi,NORMALE,P,1100,2000,L,2025-2
NORD-OVEST,LOMBARDIA,MI,3015146,C1AA, ,F205,MILANO,E,E8,MI00004787,6,Uffici,OTTIMO,P,1500,2100,L,2025-2
NORD-OVEST,LOMBARDIA,MI,3015146,C1AA, ,F205,MILANO,E,E8,MI00004787,18,Uffici strutturati,OTTIMO,P,2100,2600,L,2025-2
NORD-OVEST,LOMBARDIA,MI,3015146,C1AA, ,F205,MILANO,E,E8,MI00004787,8,Capannoni industriali,NORMALE,P,600,850,L,2025-2
NORD-OVEST,LOMBARDIA,MI,3015146,C1AA, ,F205,MILANO,E,E8,MI00004787,10,Laboratori,NORMALE,P,650,1000,L,2025-2
